@0000000    // raw_mem addr;  byte addr: 00000000
4801478147014681460145814501448144014381430142814201418141014081    // raw_mem addr 00000000;  byte addr 00000000
62f94f814f014e814e014d814d014c814c014b814b014a814a01498149014881    // raw_mem addr 00000001;  byte addr 00000020
f1402573fc0272138bf1821307c18193000091970002d26302fe42853002a073    // raw_mem addr 00000002;  byte addr 00000040
820185134601880185938301851301460015011392320115161300b570634585    // raw_mem addr 00000003;  byte addr 00000060
107330529073090282930000029780820511c11000b57463a031460183018593    // raw_mem addr 00000004;  byte addr 00000080
03d3f0000353f00002d3f0000253f00001d3f0000153f00000d3f00000530030    // raw_mem addr 00000005;  byte addr 000000a0
07d3f0000753f00006d3f0000653f00005d3f0000553f00004d3f0000453f000    // raw_mem addr 00000006;  byte addr 000000c0
0bd3f0000b53f0000ad3f0000a53f00009d3f0000953f00008d3f0000853f000    // raw_mem addr 00000007;  byte addr 000000e0
0fd3f0000f53f0000ed3f0000e53f0000dd3f0000d53f0000cd3f0000c53f000    // raw_mem addr 00000008;  byte addr 00000100
f416f012ec0ee80ae406716d0ce0006f9112305290730122829300000297f000    // raw_mem addr 00000009;  byte addr 00000120
f556f152ed4ee94ae546e142fcbef8baf4b6f0b2ecaee8aae4a6e0a2fc1ef81a    // raw_mem addr 0000000a;  byte addr 00000140
00ef860a341025f334202573fdfef9faf5f6f1f2edeee9eae5e6e1e2fd5ef95a    // raw_mem addr 0000000b;  byte addr 00000160
640673e2734272a2720261e2614260a23002a0738002829b6289341510730740    // raw_mem addr 0000000c;  byte addr 00000180
6c0e7bea7b4a7aaa7a0a69ea694a68aa680a77e6774676a6760665e6654664a6    // raw_mem addr 0000000d;  byte addr 000001a0
27810017e7930015179b00003020007361517fee7f4e7eae7e0e6dee6d4e6cae    // raw_mem addr 0000000e;  byte addr 000001c0
1141bff5e31ce31c57fd82018713fe9ff0efe4061141bff5e31ce31c82018713    // raw_mem addr 0000000f;  byte addr 000001e0
bc22e4d6f8a2fc86e8d2eccef0caf4a67119fcdff0ef5b6000efe40645014581    // raw_mem addr 00000010;  byte addr 00000200
8cfd97fdfff4c7930005049b00a7c86304e004938a3a893689ae04e00793b826    // raw_mem addr 00000011;  byte addr 00000220
22a50453f20007d3270258a000ef850ac21c47811a079d63a2f517d3f20007d3    // raw_mem addr 00000012;  byte addr 00000240
000087974a81845ab04eb44a05090b13e0da22f78a53ac5216079163a2f727d3    // raw_mem addr 00000013;  byte addr 00000260
00ef2a85147d850a1327755364c7b4870000879764c7b9870000879764c7b907    // raw_mem addr 00000014;  byte addr 00000280
db7900f400230307879bc20797d31297f7d3a3472753a42a2702033577d353e0    // raw_mem addr 00000015;  byte addr 000002a0
39226b0640890433fefb1ae3fed70fa3070507850007c683874a87a215647e63    // raw_mem addr 00000016;  byte addr 000002c0
ec6305090a931124ea630159a02394d6000a136394ca944a050404132a623982    // raw_mem addr 00000017;  byte addr 000002e0
4c0000ef0405002812947553108a8063a0195d27b4870000879703547a630284    // raw_mem addr 00000018;  byte addr 00000300
07130004c7830d54fd63fc84ffe3fef40fa30307879bc20797d322a5045327a2    // raw_mem addr 00000019;  byte addr 00000320
802303900613031005930300069387a602f7776300f480230ff7f79327950390    // raw_mem addr 0000001a;  byte addr 00000340
70e600048023fee664e300e780230ff77713270517fdfff7c70302f97a6300d7    // raw_mem addr 0000001b;  byte addr 00000360
27050009a70300b78023808261097906854a34c234626aa66a4669e674a67446    // raw_mem addr 0000001c;  byte addr 00000380
04850007c70300d4802300997463b7e9fae669e30007c703000a076300e9a023    // raw_mem addr 0000001d;  byte addr 000003a0
348700008717a32517d34fa7b90700008797b44ac7b1a2a797d3bf5df8e66fe3    // raw_mem addr 0000001e;  byte addr 000003c0
844aa43e3922fbed1297f7d33afd22f78453a32797d3cb894a81129577d34fe7    // raw_mem addr 0000001f;  byte addr 000003e0
39226b06bdc14a81844ab7ad040907a3bf8500090023b599478522a51553b5ed    // raw_mem addr 00000020;  byte addr 00000400
bbc14701bbd1830186934701bbf14705b3c5830186934705b5d1844a2a623982    // raw_mem addr 00000021;  byte addr 00000420
0188d79b0108d69300e7c8b303218e460003370308050e93832a00063883619c    // raw_mem addr 00000022;  byte addr 00000440
96aa0ff8f81321270713068e078e0ff777131126869307c90088d7130ff6f693    // raw_mem addr 00000023;  byte addr 00000460
97fa631800d5073300073803639c00381693972a0006bf03070e97aa31280813    // raw_mem addr 00000024;  byte addr 00000480
619c8082e21ce1988fb50117473361546558fbd311e301c7c7b397ba0107c7b3    // raw_mem addr 00000025;  byte addr 000004a0
0188d79b0108d69300e7c8b313618e460003370300850e930885031300063883    // raw_mem addr 00000026;  byte addr 000004c0
96aa0ff8f81321270713068e078e0ff777131126869307c90088d7130ff6f693    // raw_mem addr 00000027;  byte addr 000004e0
97fa631800d5073300073803639c00381693972a0006bf03070e97aa31280813    // raw_mem addr 00000028;  byte addr 00000500
71398082e21ce1988fb50117473365146118fbd311e301c7c7b397ba0107c7b3    // raw_mem addr 00000029;  byte addr 00000520
fc06852666095965859300000597843289ae892aec4ef04af82209050493f426    // raw_mem addr 0000002a;  byte addr 00000540
86b347014511478185ca57a88893000008974f260613000006173b0000efe852    // raw_mem addr 0000002b;  byte addr 00000560
05a16214f1758ff500e86733357d40d006b307220087a6b327850006c80300f9    // raw_mem addr 0000002c;  byte addr 00000580
04416782e89ff0ef854a858a0030844ae402e002fcc899e3fee5bc238f350621    // raw_mem addr 0000002d;  byte addr 000005a0
99ca94ca6a058909899389048493698d6485fe8494e3fef43c2367a2fef43823    // raw_mem addr 0000002e;  byte addr 000005c0
fef43c2367a2fef4382304416782e53ff0ef854a858a003080048413800a0a13    // raw_mem addr 0000002f;  byte addr 000005e0
8082b0002573808261216a4269e2790274a2744270e2fc999fe394d2fe8494e3    // raw_mem addr 00000030;  byte addr 00000600
97ba081c973e0a0407139116f7078793f94afd26e58677f9640972f9e1a27155    // raw_mem addr 00000031;  byte addr 00000620
25974789461df6f73023478565226702e03e97ba081c973e77f90a040713e43e    // raw_mem addr 00000032;  byte addr 00000640
863375f997b208180a040793f68606137679ed5ff0eff6f7342348a585930000    // raw_mem addr 00000033;  byte addr 00000660
3683078a37ccd7b76702dafff0ef00e785b397ae0a0407936522f605859300e7    // raw_mem addr 00000034;  byte addr 00000680
00173713973e44c78793cf58e7b7f687b703678200f69c634701fd278793f607    // raw_mem addr 00000035;  byte addr 000006a0
97ae0a040793f605859300d7863375f997b208140a040793f686061376796409    // raw_mem addr 00000036;  byte addr 000006c0
77f9dc5ff0efc0988281849300d7853397aa0a040793f705051300d785b37579    // raw_mem addr 00000037;  byte addr 000006e0
1779f687b703678200f6986347014785e03ef607b68397ba081c973e0a040713    // raw_mem addr 00000038;  byte addr 00000700
8593000025970210061397b6081c96be0a068693f7078793668977f900173713    // raw_mem addr 00000039;  byte addr 00000720
061365021749091300008917defff0ef3d04041300002417c098e03e853e3b65    // raw_mem addr 0000003a;  byte addr 00000740
00002597021006136502ff2415e3c09c9fb904416418601ccddff0ef85a20084    // raw_mem addr 0000003b;  byte addr 00000760
6418601cd27ff0ef85a20084061365023904041300002417dbbff0ef37458593    // raw_mem addr 0000003c;  byte addr 00000780
e4061141808261694501794a74ea640e60ae91166289ff2415e3c09c9fb90441    // raw_mem addr 0000003d;  byte addr 000007a0
e82211019ffff0ef9d01b0002573a09ff0ef4505c501e5bff0efb0002473e022    // raw_mem addr 0000003e;  byte addr 000007c0
079b4204591384aac017069b464dec067ff7771343445713e04ae426e2050453    // raw_mem addr 0000003f;  byte addr 000007e0
4785e7a527818fd500e976b340d7573b377d001007370a06cf6302d64d630004    // raw_mem addr 00000040;  byte addr 00000800
0330061380826105690264a2644260e2f204055302079413e08000f977b307fe    // raw_mem addr 00000041;  byte addr 00000820
190217828ff9fff74713d6e9268100e7f6b300e6d73bbed7071b56fd06d64663    // raw_mem addr 00000042;  byte addr 00000840
6442f2040553e2078453690264a20ae577d3e11c60e2f20787530127e7b39381    // raw_mem addr 00000043;  byte addr 00000860
8453690264a20ae577d3e11860e2f2070753170200e97733fff7471380826105    // raw_mem addr 00000044;  byte addr 00000880
e207845302f7f7d3f20407d3e51d03e000efa088808261056442f2040553e207    // raw_mem addr 00000045;  byte addr 000008a0
80826105690264a2e11c178200f977b3644260e2f204055307fe4785b7ada09c    // raw_mem addr 00000046;  byte addr 000008c0
eb0945110427f713ef0945090187f713e20517d3b789140200897433047e4405    // raw_mem addr 00000047;  byte addr 000008e0
479de7b100c508b38b9d00a5c7b3808200f035330817f793e709450d0247f713    // raw_mem addr 00000048;  byte addr 00000900
87ba86ae06d7c8630400079340e606b3ff88f613ebb9872a0075779304c7f463    // raw_mem addr 00000049;  byte addr 00000920
973e07a19be18f99fff60793fec7eae3ff07bc2306a107a10006b80302c77163    // raw_mem addr 0000004a;  byte addr 00000940
8082fee89ae3fef70fa3058507050005c78303157e63872a80820117666395be    // raw_mem addr 0000004b;  byte addr 00000960
fed70fa30077779307050005c683dfd10585fed70fa30077779307050005c683    // raw_mem addr 0000004c;  byte addr 00000980
0185bf030105bf830085b2830005b38304000413e42211418082b761fff90585    // raw_mem addr 0000004d;  byte addr 000009a0
3023fa773c2340e607b30487071361b40385b8030305b3030285be030205be83    // raw_mem addr 0000004e;  byte addr 000009c0
8593fed73c23ff073823fe673423ffc73023fdd73c23fde73823fdf73423fc57    // raw_mem addr 0000004f;  byte addr 000009e0
0793fec7eae3ff07bc2306a107a10006b80302c7716387ba86aefaf447e30485    // raw_mem addr 00000050;  byte addr 00000a00
0fa3058507050005c7838082014164220117656395be973e07a19be18f99fff6    // raw_mem addr 00000051;  byte addr 00000a20
00000000243f6a88bfe9fee892e3fef70fa3058507050005c783fee887e3fef7    // raw_mem addr 00000052;  byte addr 00000a40
00000000a409382200000000037073440000000013198a2e0000000085a308d3    // raw_mem addr 00000053;  byte addr 00000a60
00000000452821e600000000ec4e6c8900000000082efa9800000000299f31d0    // raw_mem addr 00000054;  byte addr 00000a80
00000000c0ac29b70000000034e90c6c00000000be5466cf0000000038d01377    // raw_mem addr 00000055;  byte addr 00000aa0
000000009216d5d900000000b5470917000000003f84d5b500000000c97c50dd    // raw_mem addr 00000056;  byte addr 00000ac0
000000002ffd72db0000000098dfb5ac00000000d1310ba6000000008979fb1b    // raw_mem addr 00000057;  byte addr 00000ae0
00000000ba7c9045000000006a267e9600000000b8e1afed00000000d01adfb7    // raw_mem addr 00000058;  byte addr 00000b00
000000000801f2e200000000b3916cf70000000024a1994700000000f12c7f99    // raw_mem addr 00000059;  byte addr 00000b20
00000000a458fea30000000071574e6900000000636920d800000000858efc16    // raw_mem addr 0000005a;  byte addr 00000b40
00000000718bcd5800000000728eb658000000000d95748f00000000f4933d7e    // raw_mem addr 0000005b;  byte addr 00000b60
000000009c30d53900000000c25a59b5000000007b54a41d0000000082154aee    // raw_mem addr 0000005c;  byte addr 00000b80
00000000ca41791800000000286085f000000000c5d1b023000000002af26013    // raw_mem addr 0000005d;  byte addr 00000ba0
000000006c9e0e8b00000000603a180e000000008e79dcb000000000b8db38ef    // raw_mem addr 0000005e;  byte addr 00000bc0
0000000078af2fda00000000bd314b2700000000d71577c100000000b01e8a3e    // raw_mem addr 0000005f;  byte addr 00000be0
000000005748986200000000aa55ab9400000000e65525f30000000055605c60    // raw_mem addr 00000060;  byte addr 00000c00
00000000b4cc5c34000000002aab10b60000000055ca396a0000000063e81440    // raw_mem addr 00000061;  byte addr 00000c20
00000000b3ee1411000000007c72e99300000000a15486af000000001141e8ce    // raw_mem addr 00000062;  byte addr 00000c40
00000000ce5c3e1600000000741831f6000000002ba9c55d00000000636fbc2a    // raw_mem addr 00000063;  byte addr 00000c60
000000007a325381000000006c24cf5c00000000afd6ba33000000009b87931e    // raw_mem addr 00000064;  byte addr 00000c80
00000000c4bfe81b000000006b4bb9af000000003b8f48980000000028958677    // raw_mem addr 00000065;  byte addr 00000ca0
00000000487cac6000000000fb21a9910000000061d809cc0000000066282193    // raw_mem addr 00000066;  byte addr 00000cc0
00000000dc26230200000000e98575b100000000ef845d5d000000005dec8032    // raw_mem addr 00000067;  byte addr 00000ce0
000000000f6d6ff300000000d396acc50000000023893e8100000000eb651b88    // raw_mem addr 00000068;  byte addr 00000d00
0000000069c8f04a00000000a4842004000000002e0b44820000000083f44239    // raw_mem addr 00000069;  byte addr 00000d20
00000000670c9c6100000000f6e96c9a0000000021c66842000000009e1f9b5e    // raw_mem addr 0000006a;  byte addr 00000d40
00000000960fa72800000000d8542f68000000006a51a0d200000000abd388f0    // raw_mem addr 0000006b;  byte addr 00000d60
00000000ba3bf05000000000137a3be4000000006eef0b6c00000000ab5133a3    // raw_mem addr 0000006c;  byte addr 00000d80
0000000066ca593e0000000039af017600000000a1f1651d000000007efb2a98    // raw_mem addr 0000006d;  byte addr 00000da0
000000007d84a5c300000000456f9fb4000000008cee86190000000082430e88    // raw_mem addr 0000006e;  byte addr 00000dc0
00000000401a449f0000000085c1207300000000e06f75d8000000003b8b5ebe    // raw_mem addr 0000006f;  byte addr 00000de0
000000001bfedf7200000000363f7706000000004ed3aa620000000056c16aa6    // raw_mem addr 00000070;  byte addr 00000e00
00000000db0fead300000000d00a12480000000037d0d72400000000429b023d    // raw_mem addr 00000071;  byte addr 00000e20
0000000025d479d80000000080991b7b00000000075372c90000000049f1c09b    // raw_mem addr 00000072;  byte addr 00000e40
00000000976ce0bd00000000b6794c3b00000000e3fe501a00000000f6e8def7    // raw_mem addr 00000073;  byte addr 00000e60
000000005e5c9ec200000000409f60c400000000c1a94fb60000000004c006ba    // raw_mem addr 00000074;  byte addr 00000e80
000000001339b2eb000000003e6c53b50000000068fb6faf00000000196a2463    // raw_mem addr 00000075;  byte addr 00000ea0
00000000cc814544000000009b30952c000000006dfc511f000000003b52ec6f    // raw_mem addr 00000076;  byte addr 00000ec0
00000000660f280700000000de334afd00000000bee3d00400000000af5ebd09    // raw_mem addr 00000077;  byte addr 00000ee0
00000000d20b5f390000000045c8740f00000000c0cba85700000000192e4bb3    // raw_mem addr 00000078;  byte addr 00000f00
00000000d6a100c6000000001a60320a000000005579c0bd00000000b9d3fbdb    // raw_mem addr 00000079;  byte addr 00000f20
000000008ea5e9f800000000fb1fa3cc00000000679f25fe00000000402c7279    // raw_mem addr 0000007a;  byte addr 00000f40
000000002f501ec800000000fd616b15000000003c7516df00000000db3222f8    // raw_mem addr 0000007b;  byte addr 00000f60
0000000053317b4800000000fd23876000000000323db5fa00000000ad0552ab    // raw_mem addr 0000007c;  byte addr 00000f80
000000001a87562e00000000ca6f8ca0000000009e5c57bb000000003e00df82    // raw_mem addr 0000007d;  byte addr 00000fa0
00000000ac6732c600000000287effc300000000d542a8f600000000df1769db    // raw_mem addr 0000007e;  byte addr 00000fc0
00000000e1ffa35d00000000bbca58c800000000695b27b0000000008c4f5573    // raw_mem addr 0000007f;  byte addr 00000fe0
000000004afcb56c00000000fd2183b80000000010fa3d9800000000b8f011a0    // raw_mem addr 00000080;  byte addr 00001000
00000000d28e49bc00000000b6f84565000000009a53e479000000002dd1d35b    // raw_mem addr 00000081;  byte addr 00001020
0000000062fb134100000000a4cb7e3300000000e1ddf2da000000004bfb9790    // raw_mem addr 00000082;  byte addr 00001040
00000000d07e9efe0000000036774c0100000000ef20cada00000000cee4c6e8    // raw_mem addr 00000083;  byte addr 00001060
00000000eaad8e7100000000ae9091980000000095dbda4d000000002bf11fb4    // raw_mem addr 00000084;  byte addr 00001080
000000008e3c5b2f00000000afc725e000000000d08ed1d0000000006b93d5a0    // raw_mem addr 00000085;  byte addr 000010a0
000000008888b81200000000f2122b64000000008ff6e2fb000000008e7594b7    // raw_mem addr 00000086;  byte addr 000010c0
00000000d1cff19100000000688fc31c000000004fad5ea000000000900df01c    // raw_mem addr 00000087;  byte addr 000010e0
00000000ea752dfe00000000be0e1777000000002f2f221800000000b3a8c1ad    // raw_mem addr 00000088;  byte addr 00001100
0000000018acf3d600000000b56f74e800000000e5a0cc0f000000008b021fa1    // raw_mem addr 00000089;  byte addr 00001120
000000007cc43b8100000000fd13e0b700000000b4a84fe000000000ce89e299    // raw_mem addr 0000008a;  byte addr 00001140
0000000093cc7314000000008095770500000000165fa26600000000d2ada8d9    // raw_mem addr 0000008b;  byte addr 00001160
00000000c75442f50000000077b5fa8600000000e6ad206500000000211a1477    // raw_mem addr 0000008c;  byte addr 00001180
00000000d6411bd3000000007b3e89a000000000ebcdaf0c00000000fb9d35cf    // raw_mem addr 0000008d;  byte addr 000011a0
00000000226800bb000000002071b35e0000000000250e2d00000000ae1e7e49    // raw_mem addr 0000008e;  byte addr 000011c0
000000005563911d00000000f009b91e000000002464369b0000000057b8e0af    // raw_mem addr 0000008f;  byte addr 000011e0
00000000207d5ba200000000d95a537f0000000078c143890000000059dfa6aa    // raw_mem addr 00000090;  byte addr 00001200
0000000011c81968000000006295cfa900000000832603760000000002e5b9c5    // raw_mem addr 00000091;  byte addr 00001220
000000001b510052000000007b14a94a00000000b3472dca000000004e734a41    // raw_mem addr 00000092;  byte addr 00001240
000000002b60a47600000000bc9bc6e400000000d60f573f000000009a532915    // raw_mem addr 00000093;  byte addr 00001260
00000000f296ec6b00000000571be91f0000000008ba6fb50000000081e67400    // raw_mem addr 00000094;  byte addr 00001280
00000000ff34052e00000000e7b9f9b600000000b6636521000000002a0dd915    // raw_mem addr 00000095;  byte addr 000012a0
0000000008ba479900000000a99f8fa10000000053b02d5d00000000c5855664    // raw_mem addr 00000096;  byte addr 000012c0
00000000db75092e00000000b5b32944000000004b7a70e9000000006e85076a    // raw_mem addr 00000097;  byte addr 000012e0
000000009cee60b80000000049a7df7d00000000ad6ea6b000000000c4192623    // raw_mem addr 00000098;  byte addr 00001300
000000005664526c00000000699a17ff00000000ecaa8c71000000008fedb266    // raw_mem addr 00000099;  byte addr 00001320
00000000a05913400000000075094c2900000000193602a500000000c2b19ee1    // raw_mem addr 0000009a;  byte addr 00001340
000000006b8fe4d6000000005b429d65000000003f54989a00000000e4183a3e    // raw_mem addr 0000009b;  byte addr 00001360
000000004d2d38e600000000efe830f500000000a1d29c070000000099f73fd6    // raw_mem addr 0000009c;  byte addr 00001380
000000006382e9c6000000008470eb26000000004cdd208600000000f0255dc1    // raw_mem addr 0000009d;  byte addr 000013a0
000000003c971814000000003ebaefc90000000009686b3f00000000021ecc5e    // raw_mem addr 0000009e;  byte addr 000013c0
00000000b79c53050000000052a0e28600000000687f3584000000006b6a70a1    // raw_mem addr 0000009f;  byte addr 000013e0
000000008e7d44ec000000007fdeae5c000000003e07841c00000000aa500737    // raw_mem addr 000000a0;  byte addr 00001400
00000000f01c1f0400000000f0500c0d00000000b03ada37000000005716f2b8    // raw_mem addr 000000a1;  byte addr 00001420
0000000025837a58000000003cb574b200000000ae0cf51a000000000200b3ff    // raw_mem addr 000000a2;  byte addr 00001440
0000000094324773000000007ca92ff600000000d19113f900000000dc0921bd    // raw_mem addr 000000a3;  byte addr 00001460
00000000c8b576340000000037c2dadc000000003ae5e5810000000022f54701    // raw_mem addr 000000a4;  byte addr 00001480
00000000ecc8c73e000000000fd0030e00000000a9446146000000009af3dda7    // raw_mem addr 000000a5;  byte addr 000014a0
000000003280bba1000000003bea0e2f00000000e238cd9900000000a4751e41    // raw_mem addr 000000a6;  byte addr 000014c0
000000006f420d03000000004f6db908000000004e548b3800000000183eb331    // raw_mem addr 000000a7;  byte addr 000014e0
000000005679b0720000000024977c79000000002cb8129000000000f60a04bf    // raw_mem addr 000000a8;  byte addr 00001500
00000000b38bae1200000000d993081000000000de9a771f00000000bcaf89af    // raw_mem addr 000000a9;  byte addr 00001520
00000000501adde6000000002e6b7124000000005512721f00000000dccf3f2e    // raw_mem addr 000000aa;  byte addr 00001540
00000000bc9f9abc000000007408da17000000007a584718000000009f84cd87    // raw_mem addr 000000ab;  byte addr 00001560
000000006309436600000000db851dfa00000000ec7aec3a00000000e94b7d8c    // raw_mem addr 000000ac;  byte addr 00001580
00000000dd433b37000000003215d90800000000ef1c184700000000c464c3d2    // raw_mem addr 000000ad;  byte addr 000015a0
0000000050940002000000002a65c4510000000012a14d430000000024c2ba16    // raw_mem addr 000000ae;  byte addr 000015c0
0000000081ac77d60000000010314e550000000071dff89e00000000133ae4dd    // raw_mem addr 000000af;  byte addr 000015e0
000000003c11183b00000000d7a3c76b00000000043556f1000000005f11199b    // raw_mem addr 000000b0;  byte addr 00001600
000000009ebabf2c0000000097f1fbfa00000000f28fe6ed000000005924a509    // raw_mem addr 000000b1;  byte addr 00001620
00000000860e5e0a00000000eae96fb10000000086e34570000000001e153c6e    // raw_mem addr 000000b2;  byte addr 00001640
000000002965dcb9000000004e3d06fa00000000771fe71c000000005a3e2ab3    // raw_mem addr 000000b3;  byte addr 00001660
000000002e4cc978000000005266c82500000000803e89d60000000099e71d0f    // raw_mem addr 000000b4;  byte addr 00001680
00000000a5fc3c530000000094e2ea7800000000c6150eba000000009c10b36a    // raw_mem addr 000000b5;  byte addr 000016a0
000000001939260f00000000361d2b3d00000000f2f74ea7000000001e0a2df4    // raw_mem addr 000000b6;  byte addr 000016c0
00000000ebadfe6e00000000f71312b6000000005223a7080000000019c27960    // raw_mem addr 000000b7;  byte addr 000016e0
00000000b17f37d100000000a67bc88300000000e3bc459500000000eac31f66    // raw_mem addr 000000b8;  byte addr 00001700
000000006558218500000000be6c5aa500000000c332ddef00000000018cff28    // raw_mem addr 000000b9;  byte addr 00001720
000000002aef7dad00000000db2f953b00000000eecea50f0000000068ab9802    // raw_mem addr 000000ba;  byte addr 00001740
00000000ecdd47750000000029076170000000001521b628000000005b6e2f84    // raw_mem addr 000000bb;  byte addr 00001760
000000000334fe1e00000000eb61bd960000000013cca83000000000619f1510    // raw_mem addr 000000bc;  byte addr 00001780
00000000d59e9e0b000000004c70a23900000000b5735c9000000000aa0363cf    // raw_mem addr 000000bd;  byte addr 000017a0
000000009cab5cab0000000060622ca700000000eecc86bc00000000cbaade14    // raw_mem addr 000000be;  byte addr 000017c0
00000000a02369b90000000019bdf0ca00000000648b1eaf00000000b2f3846e    // raw_mem addr 000000bf;  byte addr 000017e0
00000000319ee9d5000000003c2ab4b30000000040685a3200000000655abb50    // raw_mem addr 000000c0;  byte addr 00001800
0000000095f7997e00000000875fa099000000009b540b1900000000c021b8f7    // raw_mem addr 000000c1;  byte addr 00001820
0000000011ed935f0000000097e32d7700000000f837889a00000000623d7da8    // raw_mem addr 000000c2;  byte addr 00001840
0000000096dedfa100000000c7e61fd6000000000e3588290000000016681281    // raw_mem addr 000000c3;  byte addr 00001860
000000009b83c3ff000000001b2272630000000057f584a5000000007858ba99    // raw_mem addr 000000c4;  byte addr 00001880
000000008fd948e400000000532e305400000000cdb30aeb000000001ac24696    // raw_mem addr 000000c5;  byte addr 000018a0
00000000fe28ed610000000034c6ffea0000000058ebf2ef000000006dbc3128    // raw_mem addr 000000c6;  byte addr 000018c0
0000000042105d1400000000e864b7e3000000005d4a14d900000000ee7c3c73    // raw_mem addr 000000c7;  byte addr 000018e0
00000000db6c4f1500000000a3aaabea0000000045eee2b600000000203e13e0    // raw_mem addr 000000c8;  byte addr 00001900
00000000654f3b1d00000000ef6abbb500000000c742f44200000000facb4fd0    // raw_mem addr 000000c9;  byte addr 00001920
00000000e44b476a0000000086854dc700000000d81e799e0000000041cd2105    // raw_mem addr 000000ca;  byte addr 00001940
00000000fc8883a0000000005b8d264600000000cf62a1f2000000003d816250    // raw_mem addr 000000cb;  byte addr 00001960
0000000047848a0b0000000069cb7492000000007f1524c300000000c1c7b6a3    // raw_mem addr 000000cc;  byte addr 00001980
000000001462b17400000000ad19489d00000000095bbf00000000005692b285    // raw_mem addr 000000cd;  byte addr 000019a0
000000001dadf43e000000000c55f5ea0000000058428d2a0000000023820e00    // raw_mem addr 000000ce;  byte addr 000019c0
00000000d65fecf1000000008d937e41000000003372f09200000000233f7061    // raw_mem addr 000000cf;  byte addr 000019e0
000000004085f2a700000000cbee7460000000007cde3759000000006c223bdb    // raw_mem addr 000000d0;  byte addr 00001a00
00000000e8efd8550000000019f8509e00000000a607808400000000ce77326e    // raw_mem addr 000000d1;  byte addr 00001a20
000000005a04abfc00000000c50c06c200000000a969a7aa0000000061d99735    // raw_mem addr 000000d2;  byte addr 00001a40
00000000fdd5670500000000c3453484000000009e447a2e00000000800bcadc    // raw_mem addr 000000d3;  byte addr 00001a60
00000000675fda7900000000105588cd00000000db73dbd3000000000e1e9ec9    // raw_mem addr 000000d4;  byte addr 00001a80
000000003d28f89e00000000713e38d800000000c5c4346500000000e3674340    // raw_mem addr 000000d5;  byte addr 00001aa0
00000000e6e39f2b000000008fb03d4a00000000153e21e700000000f16dff20    // raw_mem addr 000000d6;  byte addr 00001ac0
00000000f64c261c00000000948140f700000000e93d5a6800000000db83adf7    // raw_mem addr 000000d7;  byte addr 00001ae0
00000000bcf46b2e000000007602d4f700000000411520f70000000094692934    // raw_mem addr 000000d8;  byte addr 00001b00
0000000043b7d4b7000000003320f46a00000000d408247100000000d4a20068    // raw_mem addr 000000d9;  byte addr 00001b20
0000000014214f740000000097244546000000001e39f62e00000000500061af    // raw_mem addr 000000da;  byte addr 00001b40
0000000070f4ddd30000000096b591af000000004d95fc1d00000000bf8b8840    // raw_mem addr 000000db;  byte addr 00001b60
000000007fac6dd00000000003bd978500000000bfbc09ec0000000066a02f45    // raw_mem addr 000000dc;  byte addr 00001b80
00000000da2547e60000000055fd39410000000096eb27b30000000031cb8504    // raw_mem addr 000000dd;  byte addr 00001ba0
000000000a2c86da00000000530429f4000000002850782500000000abca0a9a    // raw_mem addr 000000de;  byte addr 00001bc0
00000000680ec0a400000000d74869000000000068dc146200000000e9b66dfb    // raw_mem addr 000000df;  byte addr 00001be0
00000000b58ce00600000000e887ad8c000000004f3ffea20000000027a18dee    // raw_mem addr 000000e0;  byte addr 00001c00
00000000ce78a39900000000d3375fec00000000aace1e7c000000007af4d6b6    // raw_mem addr 000000e1;  byte addr 00001c20
00000000ee39d7ab00000000d9f385b90000000020fe9e3500000000406b2a42    // raw_mem addr 000000e2;  byte addr 00001c40
0000000026a36631000000004b6d1856000000001dc9faf7000000003b124e8b    // raw_mem addr 000000e3;  byte addr 00001c60
000000006841e7f700000000dd5b4332000000003a6efa7400000000eae397b2    // raw_mem addr 000000e4;  byte addr 00001c80
00000000454056ac00000000d8feb39700000000fb0af54e00000000ca7820fb    // raw_mem addr 000000e5;  byte addr 00001ca0
00000000fe6ba9b70000000020838d870000000055533a3a00000000ba489527    // raw_mem addr 000000e6;  byte addr 00001cc0
00000000cca9296300000000a1159a580000000055a867bc00000000d096954b    // raw_mem addr 000000e7;  byte addr 00001ce0
000000005ef47e1c000000003f3125f900000000a62a4a560000000099e1db33    // raw_mem addr 000000e8;  byte addr 00001d00
0000000080bb155c0000000004272f7000000000fdf8e802000000009029317c    // raw_mem addr 000000e9;  byte addr 00001d20
0000000048c1133f00000000e4c66d220000000095c115480000000005282ce3    // raw_mem addr 000000ea;  byte addr 00001d40
00000000404779a40000000041041f0f0000000007f9c9ee00000000c70f86dc    // raw_mem addr 000000eb;  byte addr 00001d60
00000000f2bcc18f00000000d59bc0d100000000325f51eb000000005d886e17    // raw_mem addr 000000ec;  byte addr 00001d80
00000000dff8e8a300000000602a9c6000000000257b78340000000041113564    // raw_mem addr 000000ed;  byte addr 00001da0
00000000af664fd10000000002e1329e000000000e12b4c2000000001f636c1b    // raw_mem addr 000000ee;  byte addr 00001dc0
000000003b240b6200000000333e92e1000000006b2395e000000000cad18115    // raw_mem addr 000000ef;  byte addr 00001de0
00000000de720c8c00000000e6ba0d990000000085b2a20e00000000eebeb922    // raw_mem addr 000000f0;  byte addr 00001e00
00000000647d08620000000095b794fd00000000d0127845000000002da2f728    // raw_mem addr 000000f1;  byte addr 00001e20
00000000c39dfd2700000000877d48fa000000005449a36f00000000e7ccf5f0    // raw_mem addr 000000f2;  byte addr 00001e40
000000003a6f6eab00000000992eff74000000000a47634100000000f33e8d1e    // raw_mem addr 000000f3;  byte addr 00001e60
00000000991be14c00000000a1ebddf800000000a812dc6000000000f4f8fd37    // raw_mem addr 000000f4;  byte addr 00001e80
000000002765d43b000000006d672c3700000000c67b551000000000db6e6b0d    // raw_mem addr 000000f5;  byte addr 00001ea0
00000000b5390f9200000000cc00ffa300000000f1290dc700000000dcd0e804    // raw_mem addr 000000f6;  byte addr 00001ec0
00000000a091cf0b00000000cedb7d9c00000000667b9ffb00000000690fed0b    // raw_mem addr 000000f7;  byte addr 00001ee0
000000007b9479bf00000000515bad2400000000bb132f8800000000d9155ea3    // raw_mem addr 000000f8;  byte addr 00001f00
000000008026e29700000000cc1159790000000037392eb300000000763bd6eb    // raw_mem addr 000000f9;  byte addr 00001f20
0000000012754ccc00000000c66a2b3b000000006842ada700000000f42e312d    // raw_mem addr 000000fa;  byte addr 00001f40
0000000006a1bbe600000000b79251e7000000006a12423700000000782ef11c    // raw_mem addr 000000fb;  byte addr 00001f60
000000003d25bdd80000000011caedfa000000001a6b1018000000004bfb6350    // raw_mem addr 000000fc;  byte addr 00001f80
00000000d90cec6e000000000a121386000000004442165900000000e2e1c3c9    // raw_mem addr 000000fd;  byte addr 00001fa0
00000000bebfe98800000000da86a85f0000000064af674e00000000d5abea2a    // raw_mem addr 000000fe;  byte addr 00001fc0
0000000060787bf800000000f0f7c086000000009dbc80570000000064e4c3fe    // raw_mem addr 000000ff;  byte addr 00001fe0
000000007745ae0400000000f6381fb000000000d1fd8346000000006003604d    // raw_mem addr 00000100;  byte addr 00002000
00000000b080418700000000f01eab710000000083426b3300000000d736fccc    // raw_mem addr 00000101;  byte addr 00002020
000000005546429900000000bde8ae240000000077a057be000000003c005e5f    // raw_mem addr 00000102;  byte addr 00002040
00000000f474ef3800000000f2ddfda2000000004e58f48f00000000bf582e61    // raw_mem addr 00000103;  byte addr 00002060
00000000b475f25500000000c8b38e74000000005366f9c3000000008789bdc2    // raw_mem addr 00000104;  byte addr 00002080
00000000846a0e79000000008b1ddf84000000007aeb26610000000046fcd9b9    // raw_mem addr 00000105;  byte addr 000020a0
000000008cd555910000000020b4577000000000466e598e00000000915f95e2    // raw_mem addr 00000106;  byte addr 000020c0
0000000011a8624800000000bb8205d000000000b90bace100000000c902de4c    // raw_mem addr 00000107;  byte addr 000020e0
00000000662d09a100000000e0a9dc0900000000b77f19b6000000007574a99e    // raw_mem addr 00000108;  byte addr 00002100
000000004a99a0250000000009f0be8c00000000e85a1f0200000000c4324633    // raw_mem addr 00000109;  byte addr 00002120
00000000a186f20f000000000ba5a4df000000001ab93d1d000000001d6efe10    // raw_mem addr 0000010a;  byte addr 00002140
00000000a1e2ce9b00000000573906fe00000000dcb7da83000000002868f169    // raw_mem addr 0000010b;  byte addr 00002160
00000000a002b5c400000000a70683fa0000000050115e01000000004fcd7f52    // raw_mem addr 0000010c;  byte addr 00002180
00000000c3604c0600000000773f8641000000009af88c27000000000de6d027    // raw_mem addr 0000010d;  byte addr 000021a0
00000000006058aa00000000c0f586e000000000f0177a280000000061a806b5    // raw_mem addr 0000010e;  byte addr 000021c0
0000000053c2dd94000000002338ea630000000011e69ed70000000030dc7d62    // raw_mem addr 0000010f;  byte addr 000021e0
00000000ebfc7da10000000090bcb6de00000000bbcbee5600000000c2c21634    // raw_mem addr 00000110;  byte addr 00002200
0000000039720a3d000000004b7c0188000000006f05e40900000000ce591d76    // raw_mem addr 00000111;  byte addr 00002220
000000001ac15bb400000000724d9db90000000086e3725f000000007c927c24    // raw_mem addr 00000112;  byte addr 00002240
00000000d83d7cd30000000008fca5b500000000ed54557800000000d39eb8fc    // raw_mem addr 00000113;  byte addr 00002260
00000000a28514d900000000b161e6f8000000001e50ef5e000000004dad0fc4    // raw_mem addr 00000114;  byte addr 00002280
00000000362abfce0000000056e14ec4000000006fd5c7e7000000006c51133c    // raw_mem addr 00000115;  byte addr 000022a0
00000000670efa8e000000009263821200000000d79a323400000000ddc6c837    // raw_mem addr 00000116;  byte addr 000022c0
00000000abc2773700000000d3faf5cf000000003a39ce3700000000406000e0    // raw_mem addr 00000117;  byte addr 000022e0
00000000d3822740000000004fa33742000000005cb0679e000000005ac52d1b    // raw_mem addr 00000118;  byte addr 00002300
00000000d62d1c7e00000000bf0f731500000000d5118e9d0000000099bc9bbe    // raw_mem addr 00000119;  byte addr 00002320
00000000b26eb1be0000000021a1904500000000b78c1b6b00000000c700c47b    // raw_mem addr 0000011a;  byte addr 00002340
00000000c6a376d200000000bc946e79000000005748ab2f000000006a366eb4    // raw_mem addr 0000011b;  byte addr 00002360
00000000d5730a1d00000000468dde7d00000000530ff8ee000000006549c2c8    // raw_mem addr 0000011c;  byte addr 00002380
00000000ac9526e800000000a9ba4650000000002939bbdb000000004cd04dc6    // raw_mem addr 0000011d;  byte addr 000023a0
0000000063ef8ce2000000006a2d519a00000000a1fad5f000000000be5ee304    // raw_mem addr 0000011e;  byte addr 000023c0
00000000a51e03aa0000000043242ef600000000c089c2b8000000009a86ee22    // raw_mem addr 0000011f;  byte addr 000023e0
000000008fe51550000000009be96a4d0000000083c061ba000000009cf2d0a4    // raw_mem addr 00000120;  byte addr 00002400
000000004ba9958600000000a73a3ae1000000002826a2f900000000ba645bd6    // raw_mem addr 00000121;  byte addr 00002420
000000003f046f6900000000f752f7da00000000c72fefd300000000ef5562e9    // raw_mem addr 00000122;  byte addr 00002440
000000009b09e6ad0000000087b086010000000080e4a9150000000077fa0a59    // raw_mem addr 00000123;  byte addr 00002460
000000002cf0b7d9000000009e34d79700000000e990fd5a000000003b3ee593    // raw_mem addr 00000124;  byte addr 00002480
00000000d1cf3ed600000000017da67d0000000096d5ac3a00000000022b8b51    // raw_mem addr 00000125;  byte addr 000024a0
000000005ad6b47200000000adf2b89b000000001f9f25cf000000007c7d2d28    // raw_mem addr 00000126;  byte addr 000024c0
0000000047b0acfd00000000e019a5e600000000e029ac71000000005a88f54c    // raw_mem addr 00000127;  byte addr 000024e0
00000000f8d5662900000000283b57cc00000000e8d3c48d00000000ed93fa9b    // raw_mem addr 00000128;  byte addr 00002500
00000000f7960e4400000000ed75605500000000785f01910000000079132e28    // raw_mem addr 00000129;  byte addr 00002520
0000000003a161250000000088f46dba0000000015056dd400000000e3d35e8c    // raw_mem addr 0000012a;  byte addr 00002540
0000000097271aec000000003c9057a200000000c3eb9e15000000000564f0bd    // raw_mem addr 0000012b;  byte addr 00002560
00000000f59c66fb000000001e6321f5000000001b3f6d9b00000000a93a072a    // raw_mem addr 0000012c;  byte addr 00002580
000000000356348200000000b155fdf5000000007533d9280000000026dcf319    // raw_mem addr 0000012d;  byte addr 000025a0
00000000abcc516700000000c20ad9f80000000028517711000000008aba3cbb    // raw_mem addr 0000012e;  byte addr 000025c0
00000000379d5862000000003830dc8e000000004de8175100000000ccad925f    // raw_mem addr 0000012f;  byte addr 000025e0
000000005121ce6400000000fb3e7bce00000000ea7a90c2000000009320f991    // raw_mem addr 00000130;  byte addr 00002600
0000000048de536900000000c3293d4600000000a8b6e37e00000000774fbe32    // raw_mem addr 00000131;  byte addr 00002620
0000000069852dfd00000000dd6db22400000000a2ae0810000000006413e680    // raw_mem addr 00000132;  byte addr 00002640
00000000586cdecf000000006445c0dd00000000b39a460a0000000009072166    // raw_mem addr 00000133;  byte addr 00002660
00000000ccd2017f000000001b588d40000000005bbef7dd000000001c20c8ae    // raw_mem addr 00000134;  byte addr 00002680
000000003e350a44000000003a59ff4500000000dda26a7e000000006bb4e3bb    // raw_mem addr 00000135;  byte addr 000026a0
000000008d6612ae00000000fa6484bb0000000072eacea800000000bcb4cdd5    // raw_mem addr 00000136;  byte addr 000026c0
00000000aec2771b00000000542f5d9e00000000d29be46300000000bf3c6f47    // raw_mem addr 00000137;  byte addr 000026e0
00000000f872167100000000e75b135700000000740e0d8d00000000f64e6370    // raw_mem addr 00000138;  byte addr 00002700
0000000034d2466a000000004eb4e2cc000000004040cb0800000000af537d5d    // raw_mem addr 00000139;  byte addr 00002720
0000000006b89fb40000000095983a1d00000000e1b00428000000000115af84    // raw_mem addr 0000013a;  byte addr 00002740
00000000011a1d4b000000003520ab82000000006f3f3b8200000000ce6ea048    // raw_mem addr 0000013b;  byte addr 00002760
00000000bb3a792b00000000e7933fdc00000000611560b100000000277227f8    // raw_mem addr 0000013c;  byte addr 00002780
000000002f32c9b70000000051ce794b00000000a08839e100000000344525bd    // raw_mem addr 0000013d;  byte addr 000027a0
00000000cf0111c300000000bcc7d1f600000000e01cc87e00000000a01fbac9    // raw_mem addr 0000013e;  byte addr 000027c0
00000000d0dadecb00000000d44fbd9a000000001a90874900000000a1e8aac7    // raw_mem addr 0000013f;  byte addr 000027e0
000000008df9317c00000000c6913667000000000339c32a00000000d50ada38    // raw_mem addr 00000140;  byte addr 00002800
00000000f2d519ff0000000043f5bb3a00000000f79e59b700000000e0b12b4f    // raw_mem addr 00000141;  byte addr 00002820
000000000f91fc710000000015e6fc2a00000000bf97222c0000000027d9459c    // raw_mem addr 00000142;  byte addr 00002840
00000000c2a8645900000000ceb69ceb00000000fae59361000000009b941525    // raw_mem addr 00000143;  byte addr 00002860
0000000010d2506500000000e3056a0c00000000b6c1075e0000000012baa8d1    // raw_mem addr 00000144;  byte addr 00002880
000000004c98a0be000000001698db3b00000000e0ec6e0e00000000cb03a442    // raw_mem addr 00000145;  byte addr 000028a0
00000000d3a0342b00000000e0d392df000000009f1f9532000000003278e964    // raw_mem addr 00000146;  byte addr 000028c0
00000000c5be7120000000004ba3348c000000001b0a7441000000008971f21e    // raw_mem addr 00000147;  byte addr 000028e0
00000000e60b6f47000000009b992f2e00000000df359f8d00000000c37632d8    // raw_mem addr 00000148;  byte addr 00002900
00000000ce6279cf000000001edad89100000000e54cda54000000000fe3f11d    // raw_mem addr 00000149;  byte addr 00002920
00000000848fd2c500000000fd2c1d05000000001618b16600000000cd3e7e6f    // raw_mem addr 0000014a;  byte addr 00002940
0000000093a8353100000000a632762300000000f523f35700000000f6fb2299    // raw_mem addr 0000014b;  byte addr 00002960
000000006e163697000000005a75ebb500000000acf081620000000056cccd02    // raw_mem addr 0000014c;  byte addr 00002980
000000004c50901b0000000081b949d000000000de9662920000000088d273cc    // raw_mem addr 0000014d;  byte addr 000029a0
0000000045e1d00600000000327a140a00000000e6c6c7bd0000000071c65614    // raw_mem addr 0000014e;  byte addr 000029c0
00000000bb25bfe20000000062a80f0000000000c9aa53fd00000000c3f27b9a    // raw_mem addr 0000014f;  byte addr 000029e0
00000000b6cbcf7c00000000b204022200000000711269050000000035bdd2f6    // raw_mem addr 00000150;  byte addr 00002a00
0000000038abbd60000000001640e3d30000000053113ec000000000cd769c2b    // raw_mem addr 00000151;  byte addr 00002a20
0000000077afa1c500000000f746ce7600000000ba38209c000000002547adf0    // raw_mem addr 00000152;  byte addr 00002a40
000000007aaaf9b0000000008ae88dd80000000085cbfe4e0000000020756060    // raw_mem addr 00000153;  byte addr 00002a60
0000000001c36ae40000000002fb8a8c000000001948c25c000000004cf9aa7e    // raw_mem addr 00000154;  byte addr 00002a80
000000003f09252d00000000a65cdea00000000090d4f86900000000d6ebe1f9    // raw_mem addr 00000155;  byte addr 00002aa0
00000000578fdfe300000000ce77e25b00000000b74e613200000000c208e69f    // raw_mem addr 00000156;  byte addr 00002ac0
666564636261303938373635343332310059454b54534554000000003ac372e6    // raw_mem addr 00000157;  byte addr 00002ae0
6e6e6f567472754b000000000000000031323334353637383930616263646566    // raw_mem addr 00000158;  byte addr 00002b00
64614c54494d746173736572646441746e656d65636e656d6d6f437374756765    // raw_mem addr 00000159;  byte addr 00002b20
6165573739666f7373616c63656874666f6e656d656c746e6567646e61736569    // raw_mem addr 0000015a;  byte addr 00002b40
6e6f796c6e6f756f79726566666f646c756f634966496e65657263736e757372    // raw_mem addr 0000015b;  byte addr 00002b60
6562646c756f776e65657263736e7573657275747566656874726f6670697465    // raw_mem addr 0000015c;  byte addr 00002b80
6e65657263736e7573666f73746966656e65626d726574676e6f6c6568547469    // raw_mem addr 0000015d;  byte addr 00002ba0
61657265687773747369746e6569637379626465766f72706e65656265766168    // raw_mem addr 0000015e;  byte addr 00002bc0
65726f6d73697361626f6e736168656369766461796d666f7473657265687473    // raw_mem addr 0000015f;  byte addr 00002be0
7265707865676e697265646e61656d6e776f796d6e616874656c6261696c6572    // raw_mem addr 00000160;  byte addr 00002c00
45776f6e6563697664617369687465736e65707369646c6c69774965636e6569    // raw_mem addr 00000161;  byte addr 00002c20
6874756f7972756f79666f797475616562646e617265776f70656874796f6a6e    // raw_mem addr 00000162;  byte addr 00002c40
74646e6174737265646e75746f6e6c6c6977756f59646e696d726576656e684f    // raw_mem addr 00000163;  byte addr 00002c60
6c69746e756874756f7972756f79666f797475616562646e617265776f706568    // raw_mem addr 00000164;  byte addr 00002c80
6f79737261657930326e69656d74737572747475426465646166657679656874    // raw_mem addr 00000165;  byte addr 00002ca0
646e61666c657372756f79666f736f746f687074616b6361626b6f6f6c6c6c75    // raw_mem addr 00000166;  byte addr 00002cc0
756d776f68776f6e7073617267746e6163756f79796177616e696c6c61636572    // raw_mem addr 00000167;  byte addr 00002ce0
66776f68646e61756f7965726f66656279616c7974696c69626973736f706863    // raw_mem addr 00000168;  byte addr 00002d00
61746f6e657261756f5964656b6f6f6c796c6c616572756f7973756f6c756261    // raw_mem addr 00000169;  byte addr 00002d20
687474756f62617972726f77746e6f44656e6967616d69756f79736174616673    // raw_mem addr 0000016a;  byte addr 00002d40
6e6f567472754b74616874776f6e6b7475627972726f77724f65727574756665    // raw_mem addr 0000016b;  byte addr 00002d60
646441746e656d65636e656d6d6f4373747567656e6e6f567472754b7567656e    // raw_mem addr 0000016c;  byte addr 00002d80
656874666f6e656d656c746e6567646e6173656964614c54494d746173736572    // raw_mem addr 0000016d;  byte addr 00002da0
666f646c756f634966496e65657263736e7573726165573739666f7373616c63    // raw_mem addr 0000016e;  byte addr 00002dc0
736e7573657275747566656874726f66706974656e6f796c6e6f756f79726566    // raw_mem addr 0000016f;  byte addr 00002de0
746966656e65626d726574676e6f6c65685474696562646c756f776e65657263    // raw_mem addr 00000170;  byte addr 00002e00
6569637379626465766f72706e656562657661686e65657263736e7573666f73    // raw_mem addr 00000171;  byte addr 00002e20
6168656369766461796d666f747365726568747361657265687773747369746e    // raw_mem addr 00000172;  byte addr 00002e40
61656d6e776f796d6e616874656c6261696c657265726f6d73697361626f6e73    // raw_mem addr 00000173;  byte addr 00002e60
687465736e65707369646c6c69774965636e65697265707865676e697265646e    // raw_mem addr 00000174;  byte addr 00002e80
7475616562646e617265776f70656874796f6a6e45776f6e6563697664617369    // raw_mem addr 00000175;  byte addr 00002ea0
6f6e6c6c6977756f59646e696d726576656e684f6874756f7972756f79666f79    // raw_mem addr 00000176;  byte addr 00002ec0
6f79666f797475616562646e617265776f70656874646e6174737265646e7574    // raw_mem addr 00000177;  byte addr 00002ee0
6d747375727474754264656461666576796568746c69746e756874756f797275    // raw_mem addr 00000178;  byte addr 00002f00
6f736f746f687074616b6361626b6f6f6c6c6c756f79737261657930326e6965    // raw_mem addr 00000179;  byte addr 00002f20
67746e6163756f79796177616e696c6c61636572646e61666c657372756f7966    // raw_mem addr 0000017a;  byte addr 00002f40
6f66656279616c7974696c69626973736f706863756d776f68776f6e70736172    // raw_mem addr 0000017b;  byte addr 00002f60
6b6f6f6c796c6c616572756f7973756f6c75626166776f68646e61756f796572    // raw_mem addr 0000017c;  byte addr 00002f80
746e6f44656e6967616d69756f7973617461667361746f6e657261756f596465    // raw_mem addr 0000017d;  byte addr 00002fa0
6f6e6b7475627972726f77724f65727574756665687474756f62617972726f77    // raw_mem addr 0000017e;  byte addr 00002fc0
6441746e656d65636e656d6d6f4373747567656e6e6f567472754b7461687477    // raw_mem addr 0000017f;  byte addr 00002fe0
6874666f6e656d656c746e6567646e6173656964614c54494d74617373657264    // raw_mem addr 00000180;  byte addr 00003000
6f646c756f634966496e65657263736e7573726165573739666f7373616c6365    // raw_mem addr 00000181;  byte addr 00003020
6e7573657275747566656874726f66706974656e6f796c6e6f756f7972656666    // raw_mem addr 00000182;  byte addr 00003040
6966656e65626d726574676e6f6c65685474696562646c756f776e6565726373    // raw_mem addr 00000183;  byte addr 00003060
69637379626465766f72706e656562657661686e65657263736e7573666f7374    // raw_mem addr 00000184;  byte addr 00003080
68656369766461796d666f747365726568747361657265687773747369746e65    // raw_mem addr 00000185;  byte addr 000030a0
656d6e776f796d6e616874656c6261696c657265726f6d73697361626f6e7361    // raw_mem addr 00000186;  byte addr 000030c0
7465736e65707369646c6c69774965636e65697265707865676e697265646e61    // raw_mem addr 00000187;  byte addr 000030e0
75616562646e617265776f70656874796f6a6e45776f6e656369766461736968    // raw_mem addr 00000188;  byte addr 00003100
6e6c6c6977756f59646e696d726576656e684f6874756f7972756f79666f7974    // raw_mem addr 00000189;  byte addr 00003120
79666f797475616562646e617265776f70656874646e6174737265646e75746f    // raw_mem addr 0000018a;  byte addr 00003140
747375727474754264656461666576796568746c69746e756874756f7972756f    // raw_mem addr 0000018b;  byte addr 00003160
736f746f687074616b6361626b6f6f6c6c6c756f79737261657930326e69656d    // raw_mem addr 0000018c;  byte addr 00003180
746e6163756f79796177616e696c6c61636572646e61666c657372756f79666f    // raw_mem addr 0000018d;  byte addr 000031a0
66656279616c7974696c69626973736f706863756d776f68776f6e7073617267    // raw_mem addr 0000018e;  byte addr 000031c0
6f6f6c796c6c616572756f7973756f6c75626166776f68646e61756f7965726f    // raw_mem addr 0000018f;  byte addr 000031e0
6e6f44656e6967616d69756f7973617461667361746f6e657261756f5964656b    // raw_mem addr 00000190;  byte addr 00003200
6e6b7475627972726f77724f65727574756665687474756f62617972726f7774    // raw_mem addr 00000191;  byte addr 00003220
41746e656d65636e656d6d6f4373747567656e6e6f567472754b74616874776f    // raw_mem addr 00000192;  byte addr 00003240
74666f6e656d656c746e6567646e6173656964614c54494d7461737365726464    // raw_mem addr 00000193;  byte addr 00003260
646c756f634966496e65657263736e7573726165573739666f7373616c636568    // raw_mem addr 00000194;  byte addr 00003280
7573657275747566656874726f66706974656e6f796c6e6f756f79726566666f    // raw_mem addr 00000195;  byte addr 000032a0
66656e65626d726574676e6f6c65685474696562646c756f776e65657263736e    // raw_mem addr 00000196;  byte addr 000032c0
637379626465766f72706e656562657661686e65657263736e7573666f737469    // raw_mem addr 00000197;  byte addr 000032e0
656369766461796d666f747365726568747361657265687773747369746e6569    // raw_mem addr 00000198;  byte addr 00003300
6d6e776f796d6e616874656c6261696c657265726f6d73697361626f6e736168    // raw_mem addr 00000199;  byte addr 00003320
65736e65707369646c6c69774965636e65697265707865676e697265646e6165    // raw_mem addr 0000019a;  byte addr 00003340
616562646e617265776f70656874796f6a6e45776f6e65636976646173696874    // raw_mem addr 0000019b;  byte addr 00003360
6c6c6977756f59646e696d726576656e684f6874756f7972756f79666f797475    // raw_mem addr 0000019c;  byte addr 00003380
666f797475616562646e617265776f70656874646e6174737265646e75746f6e    // raw_mem addr 0000019d;  byte addr 000033a0
7375727474754264656461666576796568746c69746e756874756f7972756f79    // raw_mem addr 0000019e;  byte addr 000033c0
6f746f687074616b6361626b6f6f6c6c6c756f79737261657930326e69656d74    // raw_mem addr 0000019f;  byte addr 000033e0
6e6163756f79796177616e696c6c61636572646e61666c657372756f79666f73    // raw_mem addr 000001a0;  byte addr 00003400
656279616c7974696c69626973736f706863756d776f68776f6e707361726774    // raw_mem addr 000001a1;  byte addr 00003420
6f6c796c6c616572756f7973756f6c75626166776f68646e61756f7965726f66    // raw_mem addr 000001a2;  byte addr 00003440
6f44656e6967616d69756f7973617461667361746f6e657261756f5964656b6f    // raw_mem addr 000001a3;  byte addr 00003460
7472754b7972726f77724f65727574756665687474756f62617972726f77746e    // raw_mem addr 000001a4;  byte addr 00003480
494d746173736572646441746e656d65636e656d6d6f4373747567656e6e6f56    // raw_mem addr 000001a5;  byte addr 000034a0
39666f7373616c63656874666f6e656d656c746e6567646e6173656964614c54    // raw_mem addr 000001a6;  byte addr 000034c0
6e6f756f79726566666f646c756f634966496e65657263736e75737261655737    // raw_mem addr 000001a7;  byte addr 000034e0
756f776e65657263736e7573657275747566656874726f66706974656e6f796c    // raw_mem addr 000001a8;  byte addr 00003500
63736e7573666f73746966656e65626d726574676e6f6c65685474696562646c    // raw_mem addr 000001a9;  byte addr 00003520
687773747369746e6569637379626465766f72706e656562657661686e656572    // raw_mem addr 000001aa;  byte addr 00003540
73697361626f6e736168656369766461796d666f747365726568747361657265    // raw_mem addr 000001ab;  byte addr 00003560
65676e697265646e61656d6e776f796d6e616874656c6261696c657265726f6d    // raw_mem addr 000001ac;  byte addr 00003580
6563697664617369687465736e65707369646c6c69774965636e656972657078    // raw_mem addr 000001ad;  byte addr 000035a0
7972756f79666f797475616562646e617265776f70656874796f6a6e45776f6e    // raw_mem addr 000001ae;  byte addr 000035c0
74737265646e75746f6e6c6c6977756f59646e696d726576656e684f6874756f    // raw_mem addr 000001af;  byte addr 000035e0
756874756f7972756f79666f797475616562646e617265776f70656874646e61    // raw_mem addr 000001b0;  byte addr 00003600
61657930326e69656d747375727474754264656461666576796568746c69746e    // raw_mem addr 000001b1;  byte addr 00003620
6c657372756f79666f736f746f687074616b6361626b6f6f6c6c6c756f797372    // raw_mem addr 000001b2;  byte addr 00003640
68776f6e7073617267746e6163756f79796177616e696c6c61636572646e6166    // raw_mem addr 000001b3;  byte addr 00003660
646e61756f7965726f66656279616c7974696c69626973736f706863756d776f    // raw_mem addr 000001b4;  byte addr 00003680
657261756f5964656b6f6f6c796c6c616572756f7973756f6c75626166776f68    // raw_mem addr 000001b5;  byte addr 000036a0
6f62617972726f77746e6f44656e6967616d69756f7973617461667361746f6e    // raw_mem addr 000001b6;  byte addr 000036c0
72754b74616874776f6e6b7475627972726f77724f6572757475666568747475    // raw_mem addr 000001b7;  byte addr 000036e0
6e656d65636e656d6d6f4373747567656e6e6f567472754b7567656e6e6f5674    // raw_mem addr 000001b8;  byte addr 00003700
6f6e656d656c746e6567646e6173656964614c54494d74617373657264644174    // raw_mem addr 000001b9;  byte addr 00003720
756f634966496e65657263736e7573726165573739666f7373616c6365687466    // raw_mem addr 000001ba;  byte addr 00003740
657275747566656874726f66706974656e6f796c6e6f756f79726566666f646c    // raw_mem addr 000001bb;  byte addr 00003760
6e65626d726574676e6f6c65685474696562646c756f776e65657263736e7573    // raw_mem addr 000001bc;  byte addr 00003780
79626465766f72706e656562657661686e65657263736e7573666f7374696665    // raw_mem addr 000001bd;  byte addr 000037a0
69766461796d666f747365726568747361657265687773747369746e65696373    // raw_mem addr 000001be;  byte addr 000037c0
776f796d6e616874656c6261696c657265726f6d73697361626f6e7361686563    // raw_mem addr 000001bf;  byte addr 000037e0
6e65707369646c6c69774965636e65697265707865676e697265646e61656d6e    // raw_mem addr 000001c0;  byte addr 00003800
62646e617265776f70656874796f6a6e45776f6e656369766461736968746573    // raw_mem addr 000001c1;  byte addr 00003820
6977756f59646e696d726576656e684f6874756f7972756f79666f7974756165    // raw_mem addr 000001c2;  byte addr 00003840
797475616562646e617265776f70656874646e6174737265646e75746f6e6c6c    // raw_mem addr 000001c3;  byte addr 00003860
727474754264656461666576796568746c69746e756874756f7972756f79666f    // raw_mem addr 000001c4;  byte addr 00003880
6f687074616b6361626b6f6f6c6c6c756f79737261657930326e69656d747375    // raw_mem addr 000001c5;  byte addr 000038a0
63756f79796177616e696c6c61636572646e61666c657372756f79666f736f74    // raw_mem addr 000001c6;  byte addr 000038c0
79616c7974696c69626973736f706863756d776f68776f6e7073617267746e61    // raw_mem addr 000001c7;  byte addr 000038e0
796c6c616572756f7973756f6c75626166776f68646e61756f7965726f666562    // raw_mem addr 000001c8;  byte addr 00003900
656e6967616d69756f7973617461667361746f6e657261756f5964656b6f6f6c    // raw_mem addr 000001c9;  byte addr 00003920
75627972726f77724f65727574756665687474756f62617972726f77746e6f44    // raw_mem addr 000001ca;  byte addr 00003940
656d65636e656d6d6f4373747567656e6e6f567472754b74616874776f6e6b74    // raw_mem addr 000001cb;  byte addr 00003960
6e656d656c746e6567646e6173656964614c54494d746173736572646441746e    // raw_mem addr 000001cc;  byte addr 00003980
6f634966496e65657263736e7573726165573739666f7373616c63656874666f    // raw_mem addr 000001cd;  byte addr 000039a0
7275747566656874726f66706974656e6f796c6e6f756f79726566666f646c75    // raw_mem addr 000001ce;  byte addr 000039c0
65626d726574676e6f6c65685474696562646c756f776e65657263736e757365    // raw_mem addr 000001cf;  byte addr 000039e0
626465766f72706e656562657661686e65657263736e7573666f73746966656e    // raw_mem addr 000001d0;  byte addr 00003a00
766461796d666f747365726568747361657265687773747369746e6569637379    // raw_mem addr 000001d1;  byte addr 00003a20
6f796d6e616874656c6261696c657265726f6d73697361626f6e736168656369    // raw_mem addr 000001d2;  byte addr 00003a40
65707369646c6c69774965636e65697265707865676e697265646e61656d6e77    // raw_mem addr 000001d3;  byte addr 00003a60
646e617265776f70656874796f6a6e45776f6e6563697664617369687465736e    // raw_mem addr 000001d4;  byte addr 00003a80
77756f59646e696d726576656e684f6874756f7972756f79666f797475616562    // raw_mem addr 000001d5;  byte addr 00003aa0
7475616562646e617265776f70656874646e6174737265646e75746f6e6c6c69    // raw_mem addr 000001d6;  byte addr 00003ac0
7474754264656461666576796568746c69746e756874756f7972756f79666f79    // raw_mem addr 000001d7;  byte addr 00003ae0
687074616b6361626b6f6f6c6c6c756f79737261657930326e69656d74737572    // raw_mem addr 000001d8;  byte addr 00003b00
756f79796177616e696c6c61636572646e61666c657372756f79666f736f746f    // raw_mem addr 000001d9;  byte addr 00003b20
616c7974696c69626973736f706863756d776f68776f6e7073617267746e6163    // raw_mem addr 000001da;  byte addr 00003b40
6c6c616572756f7973756f6c75626166776f68646e61756f7965726f66656279    // raw_mem addr 000001db;  byte addr 00003b60
6e6967616d69756f7973617461667361746f6e657261756f5964656b6f6f6c79    // raw_mem addr 000001dc;  byte addr 00003b80
627972726f77724f65727574756665687474756f62617972726f77746e6f4465    // raw_mem addr 000001dd;  byte addr 00003ba0
6d65636e656d6d6f4373747567656e6e6f567472754b74616874776f6e6b7475    // raw_mem addr 000001de;  byte addr 00003bc0
656d656c746e6567646e6173656964614c54494d746173736572646441746e65    // raw_mem addr 000001df;  byte addr 00003be0
634966496e65657263736e7573726165573739666f7373616c63656874666f6e    // raw_mem addr 000001e0;  byte addr 00003c00
75747566656874726f66706974656e6f796c6e6f756f79726566666f646c756f    // raw_mem addr 000001e1;  byte addr 00003c20
626d726574676e6f6c65685474696562646c756f776e65657263736e75736572    // raw_mem addr 000001e2;  byte addr 00003c40
6465766f72706e656562657661686e65657263736e7573666f73746966656e65    // raw_mem addr 000001e3;  byte addr 00003c60
6461796d666f747365726568747361657265687773747369746e656963737962    // raw_mem addr 000001e4;  byte addr 00003c80
796d6e616874656c6261696c657265726f6d73697361626f6e73616865636976    // raw_mem addr 000001e5;  byte addr 00003ca0
707369646c6c69774965636e65697265707865676e697265646e61656d6e776f    // raw_mem addr 000001e6;  byte addr 00003cc0
6e617265776f70656874796f6a6e45776f6e6563697664617369687465736e65    // raw_mem addr 000001e7;  byte addr 00003ce0
756f59646e696d726576656e684f6874756f7972756f79666f79747561656264    // raw_mem addr 000001e8;  byte addr 00003d00
75616562646e617265776f70656874646e6174737265646e75746f6e6c6c6977    // raw_mem addr 000001e9;  byte addr 00003d20
74754264656461666576796568746c69746e756874756f7972756f79666f7974    // raw_mem addr 000001ea;  byte addr 00003d40
7074616b6361626b6f6f6c6c6c756f79737261657930326e69656d7473757274    // raw_mem addr 000001eb;  byte addr 00003d60
6f79796177616e696c6c61636572646e61666c657372756f79666f736f746f68    // raw_mem addr 000001ec;  byte addr 00003d80
6c7974696c69626973736f706863756d776f68776f6e7073617267746e616375    // raw_mem addr 000001ed;  byte addr 00003da0
6c616572756f7973756f6c75626166776f68646e61756f7965726f6665627961    // raw_mem addr 000001ee;  byte addr 00003dc0
6967616d69756f7973617461667361746f6e657261756f5964656b6f6f6c796c    // raw_mem addr 000001ef;  byte addr 00003de0
7972726f77724f65727574756665687474756f62617972726f77746e6f44656e    // raw_mem addr 000001f0;  byte addr 00003e00
73736572646441746e656d65636e656d6d6f43737474616874776f6e6b747562    // raw_mem addr 000001f1;  byte addr 00003e20
73616c63656874666f6e656d656c746e6567646e6173656964614c54494d7461    // raw_mem addr 000001f2;  byte addr 00003e40
79726566666f646c756f634966496e65657263736e7573726165573739666f73    // raw_mem addr 000001f3;  byte addr 00003e60
6e6e6f567472754b657275747566656874726f66706974656e6f796c6e6f756f    // raw_mem addr 000001f4;  byte addr 00003e80
64614c54494d746173736572646441746e656d65636e656d6d6f437374756765    // raw_mem addr 000001f5;  byte addr 00003ea0
6165573739666f7373616c63656874666f6e656d656c746e6567646e61736569    // raw_mem addr 000001f6;  byte addr 00003ec0
6e6f796c6e6f756f79726566666f646c756f634966496e65657263736e757372    // raw_mem addr 000001f7;  byte addr 00003ee0
6562646c756f776e65657263736e7573657275747566656874726f6670697465    // raw_mem addr 000001f8;  byte addr 00003f00
6e65657263736e7573666f73746966656e65626d726574676e6f6c6568547469    // raw_mem addr 000001f9;  byte addr 00003f20
61657265687773747369746e6569637379626465766f72706e65656265766168    // raw_mem addr 000001fa;  byte addr 00003f40
65726f6d73697361626f6e736168656369766461796d666f7473657265687473    // raw_mem addr 000001fb;  byte addr 00003f60
7265707865676e697265646e61656d6e776f796d6e616874656c6261696c6572    // raw_mem addr 000001fc;  byte addr 00003f80
45776f6e6563697664617369687465736e65707369646c6c69774965636e6569    // raw_mem addr 000001fd;  byte addr 00003fa0
6874756f7972756f79666f797475616562646e617265776f70656874796f6a6e    // raw_mem addr 000001fe;  byte addr 00003fc0
74646e6174737265646e75746f6e6c6c6977756f59646e696d726576656e684f    // raw_mem addr 000001ff;  byte addr 00003fe0
6c69746e756874756f7972756f79666f797475616562646e617265776f706568    // raw_mem addr 00000200;  byte addr 00004000
6f79737261657930326e69656d74737572747475426465646166657679656874    // raw_mem addr 00000201;  byte addr 00004020
646e61666c657372756f79666f736f746f687074616b6361626b6f6f6c6c6c75    // raw_mem addr 00000202;  byte addr 00004040
756d776f68776f6e7073617267746e6163756f79796177616e696c6c61636572    // raw_mem addr 00000203;  byte addr 00004060
66776f68646e61756f7965726f66656279616c7974696c69626973736f706863    // raw_mem addr 00000204;  byte addr 00004080
61746f6e657261756f5964656b6f6f6c796c6c616572756f7973756f6c756261    // raw_mem addr 00000205;  byte addr 000040a0
687474756f62617972726f77746e6f44656e6967616d69756f79736174616673    // raw_mem addr 00000206;  byte addr 000040c0
6e6f567472754b74616874776f6e6b7475627972726f77724f65727574756665    // raw_mem addr 00000207;  byte addr 000040e0
614c54494d746173736572646441746e656d65636e656d6d6f4373747567656e    // raw_mem addr 00000208;  byte addr 00004100
65573739666f7373616c63656874666f6e656d656c746e6567646e6173656964    // raw_mem addr 00000209;  byte addr 00004120
6f796c6e6f756f79726566666f646c756f634966496e65657263736e75737261    // raw_mem addr 0000020a;  byte addr 00004140
62646c756f776e65657263736e7573657275747566656874726f66706974656e    // raw_mem addr 0000020b;  byte addr 00004160
65657263736e7573666f73746966656e65626d726574676e6f6c656854746965    // raw_mem addr 0000020c;  byte addr 00004180
657265687773747369746e6569637379626465766f72706e656562657661686e    // raw_mem addr 0000020d;  byte addr 000041a0
726f6d73697361626f6e736168656369766461796d666f747365726568747361    // raw_mem addr 0000020e;  byte addr 000041c0
65707865676e697265646e61656d6e776f796d6e616874656c6261696c657265    // raw_mem addr 0000020f;  byte addr 000041e0
776f6e6563697664617369687465736e65707369646c6c69774965636e656972    // raw_mem addr 00000210;  byte addr 00004200
74756f7972756f79666f797475616562646e617265776f70656874796f6a6e45    // raw_mem addr 00000211;  byte addr 00004220
646e6174737265646e75746f6e6c6c6977756f59646e696d726576656e684f68    // raw_mem addr 00000212;  byte addr 00004240
69746e756874756f7972756f79666f797475616562646e617265776f70656874    // raw_mem addr 00000213;  byte addr 00004260
79737261657930326e69656d747375727474754264656461666576796568746c    // raw_mem addr 00000214;  byte addr 00004280
6e61666c657372756f79666f736f746f687074616b6361626b6f6f6c6c6c756f    // raw_mem addr 00000215;  byte addr 000042a0
6d776f68776f6e7073617267746e6163756f79796177616e696c6c6163657264    // raw_mem addr 00000216;  byte addr 000042c0
776f68646e61756f7965726f66656279616c7974696c69626973736f70686375    // raw_mem addr 00000217;  byte addr 000042e0
746f6e657261756f5964656b6f6f6c796c6c616572756f7973756f6c75626166    // raw_mem addr 00000218;  byte addr 00004300
7474756f62617972726f77746e6f44656e6967616d69756f7973617461667361    // raw_mem addr 00000219;  byte addr 00004320
6f567472754b74616874776f6e6b7475627972726f77724f6572757475666568    // raw_mem addr 0000021a;  byte addr 00004340
4c54494d746173736572646441746e656d65636e656d6d6f4373747567656e6e    // raw_mem addr 0000021b;  byte addr 00004360
573739666f7373616c63656874666f6e656d656c746e6567646e617365696461    // raw_mem addr 0000021c;  byte addr 00004380
796c6e6f756f79726566666f646c756f634966496e65657263736e7573726165    // raw_mem addr 0000021d;  byte addr 000043a0
646c756f776e65657263736e7573657275747566656874726f66706974656e6f    // raw_mem addr 0000021e;  byte addr 000043c0
657263736e7573666f73746966656e65626d726574676e6f6c65685474696562    // raw_mem addr 0000021f;  byte addr 000043e0
7265687773747369746e6569637379626465766f72706e656562657661686e65    // raw_mem addr 00000220;  byte addr 00004400
6f6d73697361626f6e736168656369766461796d666f74736572656874736165    // raw_mem addr 00000221;  byte addr 00004420
707865676e697265646e61656d6e776f796d6e616874656c6261696c65726572    // raw_mem addr 00000222;  byte addr 00004440
6f6e6563697664617369687465736e65707369646c6c69774965636e65697265    // raw_mem addr 00000223;  byte addr 00004460
756f7972756f79666f797475616562646e617265776f70656874796f6a6e4577    // raw_mem addr 00000224;  byte addr 00004480
6e6174737265646e75746f6e6c6c6977756f59646e696d726576656e684f6874    // raw_mem addr 00000225;  byte addr 000044a0
6d65636e656d6d6f4373747567656e6e6f567472754b617265776f7065687464    // raw_mem addr 00000226;  byte addr 000044c0
656d656c746e6567646e6173656964614c54494d746173736572646441746e65    // raw_mem addr 00000227;  byte addr 000044e0
634966496e65657263736e7573726165573739666f7373616c63656874666f6e    // raw_mem addr 00000228;  byte addr 00004500
75747566656874726f66706974656e6f796c6e6f756f79726566666f646c756f    // raw_mem addr 00000229;  byte addr 00004520
626d726574676e6f6c65685474696562646c756f776e65657263736e75736572    // raw_mem addr 0000022a;  byte addr 00004540
6465766f72706e656562657661686e65657263736e7573666f73746966656e65    // raw_mem addr 0000022b;  byte addr 00004560
6461796d666f747365726568747361657265687773747369746e656963737962    // raw_mem addr 0000022c;  byte addr 00004580
796d6e616874656c6261696c657265726f6d73697361626f6e73616865636976    // raw_mem addr 0000022d;  byte addr 000045a0
707369646c6c69774965636e65697265707865676e697265646e61656d6e776f    // raw_mem addr 0000022e;  byte addr 000045c0
6e617265776f70656874796f6a6e45776f6e6563697664617369687465736e65    // raw_mem addr 0000022f;  byte addr 000045e0
756f59646e696d726576656e684f6874756f7972756f79666f79747561656264    // raw_mem addr 00000230;  byte addr 00004600
75616562646e617265776f70656874646e6174737265646e75746f6e6c6c6977    // raw_mem addr 00000231;  byte addr 00004620
74754264656461666576796568746c69746e756874756f7972756f79666f7974    // raw_mem addr 00000232;  byte addr 00004640
7074616b6361626b6f6f6c6c6c756f79737261657930326e69656d7473757274    // raw_mem addr 00000233;  byte addr 00004660
6f79796177616e696c6c61636572646e61666c657372756f79666f736f746f68    // raw_mem addr 00000234;  byte addr 00004680
6c7974696c69626973736f706863756d776f68776f6e7073617267746e616375    // raw_mem addr 00000235;  byte addr 000046a0
6c616572756f7973756f6c75626166776f68646e61756f7965726f6665627961    // raw_mem addr 00000236;  byte addr 000046c0
6967616d69756f7973617461667361746f6e657261756f5964656b6f6f6c796c    // raw_mem addr 00000237;  byte addr 000046e0
7972726f77724f65727574756665687474756f62617972726f77746e6f44656e    // raw_mem addr 00000238;  byte addr 00004700
67656e6e6f567472754b7567656e6e6f567472754b74616874776f6e6b747562    // raw_mem addr 00000239;  byte addr 00004720
656964614c54494d746173736572646441746e656d65636e656d6d6f43737475    // raw_mem addr 0000023a;  byte addr 00004740
73726165573739666f7373616c63656874666f6e656d656c746e6567646e6173    // raw_mem addr 0000023b;  byte addr 00004760
74656e6f796c6e6f756f79726566666f646c756f634966496e65657263736e75    // raw_mem addr 0000023c;  byte addr 00004780
74696562646c756f776e65657263736e7573657275747566656874726f667069    // raw_mem addr 0000023d;  byte addr 000047a0
61686e65657263736e7573666f73746966656e65626d726574676e6f6c656854    // raw_mem addr 0000023e;  byte addr 000047c0
747361657265687773747369746e6569637379626465766f72706e6565626576    // raw_mem addr 0000023f;  byte addr 000047e0
657265726f6d73697361626f6e736168656369766461796d666f747365726568    // raw_mem addr 00000240;  byte addr 00004800
65697265707865676e697265646e61656d6e776f796d6e616874656c6261696c    // raw_mem addr 00000241;  byte addr 00004820
6a6e45776f6e6563697664617369687465736e65707369646c6c69774965636e    // raw_mem addr 00000242;  byte addr 00004840
684f6874756f7972756f79666f797475616562646e617265776f70656874796f    // raw_mem addr 00000243;  byte addr 00004860
656874646e6174737265646e75746f6e6c6c6977756f59646e696d726576656e    // raw_mem addr 00000244;  byte addr 00004880
68746c69746e756874756f7972756f79666f797475616562646e617265776f70    // raw_mem addr 00000245;  byte addr 000048a0
6c756f79737261657930326e69656d7473757274747542646564616665767965    // raw_mem addr 00000246;  byte addr 000048c0
6572646e61666c657372756f79666f736f746f687074616b6361626b6f6f6c6c    // raw_mem addr 00000247;  byte addr 000048e0
6863756d776f68776f6e7073617267746e6163756f79796177616e696c6c6163    // raw_mem addr 00000248;  byte addr 00004900
626166776f68646e61756f7965726f66656279616c7974696c69626973736f70    // raw_mem addr 00000249;  byte addr 00004920
667361746f6e657261756f5964656b6f6f6c796c6c616572756f7973756f6c75    // raw_mem addr 0000024a;  byte addr 00004940
6665687474756f62617972726f77746e6f44656e6967616d69756f7973617461    // raw_mem addr 0000024b;  byte addr 00004960
656e6e6f567472754b74616874776f6e6b7475627972726f77724f6572757475    // raw_mem addr 0000024c;  byte addr 00004980
6964614c54494d746173736572646441746e656d65636e656d6d6f4373747567    // raw_mem addr 0000024d;  byte addr 000049a0
726165573739666f7373616c63656874666f6e656d656c746e6567646e617365    // raw_mem addr 0000024e;  byte addr 000049c0
656e6f796c6e6f756f79726566666f646c756f634966496e65657263736e7573    // raw_mem addr 0000024f;  byte addr 000049e0
696562646c756f776e65657263736e7573657275747566656874726f66706974    // raw_mem addr 00000250;  byte addr 00004a00
686e65657263736e7573666f73746966656e65626d726574676e6f6c65685474    // raw_mem addr 00000251;  byte addr 00004a20
7361657265687773747369746e6569637379626465766f72706e656562657661    // raw_mem addr 00000252;  byte addr 00004a40
7265726f6d73697361626f6e736168656369766461796d666f74736572656874    // raw_mem addr 00000253;  byte addr 00004a60
697265707865676e697265646e61656d6e776f796d6e616874656c6261696c65    // raw_mem addr 00000254;  byte addr 00004a80
6e45776f6e6563697664617369687465736e65707369646c6c69774965636e65    // raw_mem addr 00000255;  byte addr 00004aa0
4f6874756f7972756f79666f797475616562646e617265776f70656874796f6a    // raw_mem addr 00000256;  byte addr 00004ac0
6874646e6174737265646e75746f6e6c6c6977756f59646e696d726576656e68    // raw_mem addr 00000257;  byte addr 00004ae0
746c69746e756874756f7972756f79666f797475616562646e617265776f7065    // raw_mem addr 00000258;  byte addr 00004b00
756f79737261657930326e69656d747375727474754264656461666576796568    // raw_mem addr 00000259;  byte addr 00004b20
72646e61666c657372756f79666f736f746f687074616b6361626b6f6f6c6c6c    // raw_mem addr 0000025a;  byte addr 00004b40
63756d776f68776f6e7073617267746e6163756f79796177616e696c6c616365    // raw_mem addr 0000025b;  byte addr 00004b60
6166776f68646e61756f7965726f66656279616c7974696c69626973736f7068    // raw_mem addr 0000025c;  byte addr 00004b80
7361746f6e657261756f5964656b6f6f6c796c6c616572756f7973756f6c7562    // raw_mem addr 0000025d;  byte addr 00004ba0
65687474756f62617972726f77746e6f44656e6967616d69756f797361746166    // raw_mem addr 0000025e;  byte addr 00004bc0
6e6e6f567472754b74616874776f6e6b7475627972726f77724f657275747566    // raw_mem addr 0000025f;  byte addr 00004be0
64614c54494d746173736572646441746e656d65636e656d6d6f437374756765    // raw_mem addr 00000260;  byte addr 00004c00
6165573739666f7373616c63656874666f6e656d656c746e6567646e61736569    // raw_mem addr 00000261;  byte addr 00004c20
6e6f796c6e6f756f79726566666f646c756f634966496e65657263736e757372    // raw_mem addr 00000262;  byte addr 00004c40
6562646c756f776e65657263736e7573657275747566656874726f6670697465    // raw_mem addr 00000263;  byte addr 00004c60
6e65657263736e7573666f73746966656e65626d726574676e6f6c6568547469    // raw_mem addr 00000264;  byte addr 00004c80
61657265687773747369746e6569637379626465766f72706e65656265766168    // raw_mem addr 00000265;  byte addr 00004ca0
65726f6d73697361626f6e736168656369766461796d666f7473657265687473    // raw_mem addr 00000266;  byte addr 00004cc0
7265707865676e697265646e61656d6e776f796d6e616874656c6261696c6572    // raw_mem addr 00000267;  byte addr 00004ce0
45776f6e6563697664617369687465736e65707369646c6c69774965636e6569    // raw_mem addr 00000268;  byte addr 00004d00
6874756f7972756f79666f797475616562646e617265776f70656874796f6a6e    // raw_mem addr 00000269;  byte addr 00004d20
74646e6174737265646e75746f6e6c6c6977756f59646e696d726576656e684f    // raw_mem addr 0000026a;  byte addr 00004d40
6c69746e756874756f7972756f79666f797475616562646e617265776f706568    // raw_mem addr 0000026b;  byte addr 00004d60
6f79737261657930326e69656d74737572747475426465646166657679656874    // raw_mem addr 0000026c;  byte addr 00004d80
646e61666c657372756f79666f736f746f687074616b6361626b6f6f6c6c6c75    // raw_mem addr 0000026d;  byte addr 00004da0
756d776f68776f6e7073617267746e6163756f79796177616e696c6c61636572    // raw_mem addr 0000026e;  byte addr 00004dc0
66776f68646e61756f7965726f66656279616c7974696c69626973736f706863    // raw_mem addr 0000026f;  byte addr 00004de0
61746f6e657261756f5964656b6f6f6c796c6c616572756f7973756f6c756261    // raw_mem addr 00000270;  byte addr 00004e00
687474756f62617972726f77746e6f44656e6967616d69756f79736174616673    // raw_mem addr 00000271;  byte addr 00004e20
656d6d6f43737474616874776f6e6b7475627972726f77724f65727574756665    // raw_mem addr 00000272;  byte addr 00004e40
746e6567646e6173656964614c54494d746173736572646441746e656d65636e    // raw_mem addr 00000273;  byte addr 00004e60
6e65657263736e7573726165573739666f7373616c63656874666f6e656d656c    // raw_mem addr 00000274;  byte addr 00004e80
656874726f66706974656e6f796c6e6f756f79726566666f646c756f63496649    // raw_mem addr 00000275;  byte addr 00004ea0
41746e656d65636e656d6d6f4373747567656e6e6f567472754b657275747566    // raw_mem addr 00000276;  byte addr 00004ec0
74666f6e656d656c746e6567646e6173656964614c54494d7461737365726464    // raw_mem addr 00000277;  byte addr 00004ee0
646c756f634966496e65657263736e7573726165573739666f7373616c636568    // raw_mem addr 00000278;  byte addr 00004f00
7573657275747566656874726f66706974656e6f796c6e6f756f79726566666f    // raw_mem addr 00000279;  byte addr 00004f20
66656e65626d726574676e6f6c65685474696562646c756f776e65657263736e    // raw_mem addr 0000027a;  byte addr 00004f40
637379626465766f72706e656562657661686e65657263736e7573666f737469    // raw_mem addr 0000027b;  byte addr 00004f60
656369766461796d666f747365726568747361657265687773747369746e6569    // raw_mem addr 0000027c;  byte addr 00004f80
6d6e776f796d6e616874656c6261696c657265726f6d73697361626f6e736168    // raw_mem addr 0000027d;  byte addr 00004fa0
65736e65707369646c6c69774965636e65697265707865676e697265646e6165    // raw_mem addr 0000027e;  byte addr 00004fc0
616562646e617265776f70656874796f6a6e45776f6e65636976646173696874    // raw_mem addr 0000027f;  byte addr 00004fe0
6c6c6977756f59646e696d726576656e684f6874756f7972756f79666f797475    // raw_mem addr 00000280;  byte addr 00005000
666f797475616562646e617265776f70656874646e6174737265646e75746f6e    // raw_mem addr 00000281;  byte addr 00005020
7375727474754264656461666576796568746c69746e756874756f7972756f79    // raw_mem addr 00000282;  byte addr 00005040
6f746f687074616b6361626b6f6f6c6c6c756f79737261657930326e69656d74    // raw_mem addr 00000283;  byte addr 00005060
6e6163756f79796177616e696c6c61636572646e61666c657372756f79666f73    // raw_mem addr 00000284;  byte addr 00005080
656279616c7974696c69626973736f706863756d776f68776f6e707361726774    // raw_mem addr 00000285;  byte addr 000050a0
6f6c796c6c616572756f7973756f6c75626166776f68646e61756f7965726f66    // raw_mem addr 00000286;  byte addr 000050c0
6f44656e6967616d69756f7973617461667361746f6e657261756f5964656b6f    // raw_mem addr 00000287;  byte addr 000050e0
6b7475627972726f77724f65727574756665687474756f62617972726f77746e    // raw_mem addr 00000288;  byte addr 00005100
746e656d65636e656d6d6f4373747567656e6e6f567472754b74616874776f6e    // raw_mem addr 00000289;  byte addr 00005120
666f6e656d656c746e6567646e6173656964614c54494d746173736572646441    // raw_mem addr 0000028a;  byte addr 00005140
6c756f634966496e65657263736e7573726165573739666f7373616c63656874    // raw_mem addr 0000028b;  byte addr 00005160
73657275747566656874726f66706974656e6f796c6e6f756f79726566666f64    // raw_mem addr 0000028c;  byte addr 00005180
656e65626d726574676e6f6c65685474696562646c756f776e65657263736e75    // raw_mem addr 0000028d;  byte addr 000051a0
7379626465766f72706e656562657661686e65657263736e7573666f73746966    // raw_mem addr 0000028e;  byte addr 000051c0
6369766461796d666f747365726568747361657265687773747369746e656963    // raw_mem addr 0000028f;  byte addr 000051e0
6e776f796d6e616874656c6261696c657265726f6d73697361626f6e73616865    // raw_mem addr 00000290;  byte addr 00005200
736e65707369646c6c69774965636e65697265707865676e697265646e61656d    // raw_mem addr 00000291;  byte addr 00005220
6562646e617265776f70656874796f6a6e45776f6e6563697664617369687465    // raw_mem addr 00000292;  byte addr 00005240
6c6977756f59646e696d726576656e684f6874756f7972756f79666f79747561    // raw_mem addr 00000293;  byte addr 00005260
6f797475616562646e617265776f70656874646e6174737265646e75746f6e6c    // raw_mem addr 00000294;  byte addr 00005280
75727474754264656461666576796568746c69746e756874756f7972756f7966    // raw_mem addr 00000295;  byte addr 000052a0
746f687074616b6361626b6f6f6c6c6c756f79737261657930326e69656d7473    // raw_mem addr 00000296;  byte addr 000052c0
6163756f79796177616e696c6c61636572646e61666c657372756f79666f736f    // raw_mem addr 00000297;  byte addr 000052e0
6279616c7974696c69626973736f706863756d776f68776f6e7073617267746e    // raw_mem addr 00000298;  byte addr 00005300
6c796c6c616572756f7973756f6c75626166776f68646e61756f7965726f6665    // raw_mem addr 00000299;  byte addr 00005320
44656e6967616d69756f7973617461667361746f6e657261756f5964656b6f6f    // raw_mem addr 0000029a;  byte addr 00005340
7475627972726f77724f65727574756665687474756f62617972726f77746e6f    // raw_mem addr 0000029b;  byte addr 00005360
6e656d65636e656d6d6f4373747567656e6e6f567472754b74616874776f6e6b    // raw_mem addr 0000029c;  byte addr 00005380
6f6e656d656c746e6567646e6173656964614c54494d74617373657264644174    // raw_mem addr 0000029d;  byte addr 000053a0
756f634966496e65657263736e7573726165573739666f7373616c6365687466    // raw_mem addr 0000029e;  byte addr 000053c0
657275747566656874726f66706974656e6f796c6e6f756f79726566666f646c    // raw_mem addr 0000029f;  byte addr 000053e0
6e65626d726574676e6f6c65685474696562646c756f776e65657263736e7573    // raw_mem addr 000002a0;  byte addr 00005400
79626465766f72706e656562657661686e65657263736e7573666f7374696665    // raw_mem addr 000002a1;  byte addr 00005420
69766461796d666f747365726568747361657265687773747369746e65696373    // raw_mem addr 000002a2;  byte addr 00005440
776f796d6e616874656c6261696c657265726f6d73697361626f6e7361686563    // raw_mem addr 000002a3;  byte addr 00005460
6e65707369646c6c69774965636e65697265707865676e697265646e61656d6e    // raw_mem addr 000002a4;  byte addr 00005480
62646e617265776f70656874796f6a6e45776f6e656369766461736968746573    // raw_mem addr 000002a5;  byte addr 000054a0
6977756f59646e696d726576656e684f6874756f7972756f79666f7974756165    // raw_mem addr 000002a6;  byte addr 000054c0
6e6e6f567472754b617265776f70656874646e6174737265646e75746f6e6c6c    // raw_mem addr 000002a7;  byte addr 000054e0
64614c54494d746173736572646441746e656d65636e656d6d6f437374756765    // raw_mem addr 000002a8;  byte addr 00005500
6165573739666f7373616c63656874666f6e656d656c746e6567646e61736569    // raw_mem addr 000002a9;  byte addr 00005520
6e6f796c6e6f756f79726566666f646c756f634966496e65657263736e757372    // raw_mem addr 000002aa;  byte addr 00005540
6562646c756f776e65657263736e7573657275747566656874726f6670697465    // raw_mem addr 000002ab;  byte addr 00005560
6e65657263736e7573666f73746966656e65626d726574676e6f6c6568547469    // raw_mem addr 000002ac;  byte addr 00005580
61657265687773747369746e6569637379626465766f72706e65656265766168    // raw_mem addr 000002ad;  byte addr 000055a0
65726f6d73697361626f6e736168656369766461796d666f7473657265687473    // raw_mem addr 000002ae;  byte addr 000055c0
7265707865676e697265646e61656d6e776f796d6e616874656c6261696c6572    // raw_mem addr 000002af;  byte addr 000055e0
45776f6e6563697664617369687465736e65707369646c6c69774965636e6569    // raw_mem addr 000002b0;  byte addr 00005600
6874756f7972756f79666f797475616562646e617265776f70656874796f6a6e    // raw_mem addr 000002b1;  byte addr 00005620
74646e6174737265646e75746f6e6c6c6977756f59646e696d726576656e684f    // raw_mem addr 000002b2;  byte addr 00005640
6c69746e756874756f7972756f79666f797475616562646e617265776f706568    // raw_mem addr 000002b3;  byte addr 00005660
6f79737261657930326e69656d74737572747475426465646166657679656874    // raw_mem addr 000002b4;  byte addr 00005680
646e61666c657372756f79666f736f746f687074616b6361626b6f6f6c6c6c75    // raw_mem addr 000002b5;  byte addr 000056a0
756d776f68776f6e7073617267746e6163756f79796177616e696c6c61636572    // raw_mem addr 000002b6;  byte addr 000056c0
66776f68646e61756f7965726f66656279616c7974696c69626973736f706863    // raw_mem addr 000002b7;  byte addr 000056e0
61746f6e657261756f5964656b6f6f6c796c6c616572756f7973756f6c756261    // raw_mem addr 000002b8;  byte addr 00005700
687474756f62617972726f77746e6f44656e6967616d69756f79736174616673    // raw_mem addr 000002b9;  byte addr 00005720
6e6f567472754b74616874776f6e6b7475627972726f77724f65727574756665    // raw_mem addr 000002ba;  byte addr 00005740
646441746e656d65636e656d6d6f4373747567656e6e6f567472754b7567656e    // raw_mem addr 000002bb;  byte addr 00005760
656874666f6e656d656c746e6567646e6173656964614c54494d746173736572    // raw_mem addr 000002bc;  byte addr 00005780
666f646c756f634966496e65657263736e7573726165573739666f7373616c63    // raw_mem addr 000002bd;  byte addr 000057a0
736e7573657275747566656874726f66706974656e6f796c6e6f756f79726566    // raw_mem addr 000002be;  byte addr 000057c0
746966656e65626d726574676e6f6c65685474696562646c756f776e65657263    // raw_mem addr 000002bf;  byte addr 000057e0
6569637379626465766f72706e656562657661686e65657263736e7573666f73    // raw_mem addr 000002c0;  byte addr 00005800
6168656369766461796d666f747365726568747361657265687773747369746e    // raw_mem addr 000002c1;  byte addr 00005820
61656d6e776f796d6e616874656c6261696c657265726f6d73697361626f6e73    // raw_mem addr 000002c2;  byte addr 00005840
687465736e65707369646c6c69774965636e65697265707865676e697265646e    // raw_mem addr 000002c3;  byte addr 00005860
7475616562646e617265776f70656874796f6a6e45776f6e6563697664617369    // raw_mem addr 000002c4;  byte addr 00005880
6f6e6c6c6977756f59646e696d726576656e684f6874756f7972756f79666f79    // raw_mem addr 000002c5;  byte addr 000058a0
6f79666f797475616562646e617265776f70656874646e6174737265646e7574    // raw_mem addr 000002c6;  byte addr 000058c0
6d747375727474754264656461666576796568746c69746e756874756f797275    // raw_mem addr 000002c7;  byte addr 000058e0
6f736f746f687074616b6361626b6f6f6c6c6c756f79737261657930326e6965    // raw_mem addr 000002c8;  byte addr 00005900
67746e6163756f79796177616e696c6c61636572646e61666c657372756f7966    // raw_mem addr 000002c9;  byte addr 00005920
6f66656279616c7974696c69626973736f706863756d776f68776f6e70736172    // raw_mem addr 000002ca;  byte addr 00005940
6b6f6f6c796c6c616572756f7973756f6c75626166776f68646e61756f796572    // raw_mem addr 000002cb;  byte addr 00005960
746e6f44656e6967616d69756f7973617461667361746f6e657261756f596465    // raw_mem addr 000002cc;  byte addr 00005980
6f6e6b7475627972726f77724f65727574756665687474756f62617972726f77    // raw_mem addr 000002cd;  byte addr 000059a0
6441746e656d65636e656d6d6f4373747567656e6e6f567472754b7461687477    // raw_mem addr 000002ce;  byte addr 000059c0
6874666f6e656d656c746e6567646e6173656964614c54494d74617373657264    // raw_mem addr 000002cf;  byte addr 000059e0
6f646c756f634966496e65657263736e7573726165573739666f7373616c6365    // raw_mem addr 000002d0;  byte addr 00005a00
6e7573657275747566656874726f66706974656e6f796c6e6f756f7972656666    // raw_mem addr 000002d1;  byte addr 00005a20
6966656e65626d726574676e6f6c65685474696562646c756f776e6565726373    // raw_mem addr 000002d2;  byte addr 00005a40
69637379626465766f72706e656562657661686e65657263736e7573666f7374    // raw_mem addr 000002d3;  byte addr 00005a60
68656369766461796d666f747365726568747361657265687773747369746e65    // raw_mem addr 000002d4;  byte addr 00005a80
656d6e776f796d6e616874656c6261696c657265726f6d73697361626f6e7361    // raw_mem addr 000002d5;  byte addr 00005aa0
7465736e65707369646c6c69774965636e65697265707865676e697265646e61    // raw_mem addr 000002d6;  byte addr 00005ac0
75616562646e617265776f70656874796f6a6e45776f6e656369766461736968    // raw_mem addr 000002d7;  byte addr 00005ae0
6e6c6c6977756f59646e696d726576656e684f6874756f7972756f79666f7974    // raw_mem addr 000002d8;  byte addr 00005b00
79666f797475616562646e617265776f70656874646e6174737265646e75746f    // raw_mem addr 000002d9;  byte addr 00005b20
747375727474754264656461666576796568746c69746e756874756f7972756f    // raw_mem addr 000002da;  byte addr 00005b40
736f746f687074616b6361626b6f6f6c6c6c756f79737261657930326e69656d    // raw_mem addr 000002db;  byte addr 00005b60
746e6163756f79796177616e696c6c61636572646e61666c657372756f79666f    // raw_mem addr 000002dc;  byte addr 00005b80
66656279616c7974696c69626973736f706863756d776f68776f6e7073617267    // raw_mem addr 000002dd;  byte addr 00005ba0
6f6f6c796c6c616572756f7973756f6c75626166776f68646e61756f7965726f    // raw_mem addr 000002de;  byte addr 00005bc0
6e6f44656e6967616d69756f7973617461667361746f6e657261756f5964656b    // raw_mem addr 000002df;  byte addr 00005be0
6e6b7475627972726f77724f65727574756665687474756f62617972726f7774    // raw_mem addr 000002e0;  byte addr 00005c00
41746e656d65636e656d6d6f4373747567656e6e6f567472754b74616874776f    // raw_mem addr 000002e1;  byte addr 00005c20
74666f6e656d656c746e6567646e6173656964614c54494d7461737365726464    // raw_mem addr 000002e2;  byte addr 00005c40
646c756f634966496e65657263736e7573726165573739666f7373616c636568    // raw_mem addr 000002e3;  byte addr 00005c60
7573657275747566656874726f66706974656e6f796c6e6f756f79726566666f    // raw_mem addr 000002e4;  byte addr 00005c80
66656e65626d726574676e6f6c65685474696562646c756f776e65657263736e    // raw_mem addr 000002e5;  byte addr 00005ca0
637379626465766f72706e656562657661686e65657263736e7573666f737469    // raw_mem addr 000002e6;  byte addr 00005cc0
656369766461796d666f747365726568747361657265687773747369746e6569    // raw_mem addr 000002e7;  byte addr 00005ce0
6d6e776f796d6e616874656c6261696c657265726f6d73697361626f6e736168    // raw_mem addr 000002e8;  byte addr 00005d00
65736e65707369646c6c69774965636e65697265707865676e697265646e6165    // raw_mem addr 000002e9;  byte addr 00005d20
616562646e617265776f70656874796f6a6e45776f6e65636976646173696874    // raw_mem addr 000002ea;  byte addr 00005d40
6c6c6977756f59646e696d726576656e684f6874756f7972756f79666f797475    // raw_mem addr 000002eb;  byte addr 00005d60
666f797475616562646e617265776f70656874646e6174737265646e75746f6e    // raw_mem addr 000002ec;  byte addr 00005d80
7375727474754264656461666576796568746c69746e756874756f7972756f79    // raw_mem addr 000002ed;  byte addr 00005da0
6f746f687074616b6361626b6f6f6c6c6c756f79737261657930326e69656d74    // raw_mem addr 000002ee;  byte addr 00005dc0
6e6163756f79796177616e696c6c61636572646e61666c657372756f79666f73    // raw_mem addr 000002ef;  byte addr 00005de0
656279616c7974696c69626973736f706863756d776f68776f6e707361726774    // raw_mem addr 000002f0;  byte addr 00005e00
6f6c796c6c616572756f7973756f6c75626166776f68646e61756f7965726f66    // raw_mem addr 000002f1;  byte addr 00005e20
6f44656e6967616d69756f7973617461667361746f6e657261756f5964656b6f    // raw_mem addr 000002f2;  byte addr 00005e40
6b7475627972726f77724f65727574756665687474756f62617972726f77746e    // raw_mem addr 000002f3;  byte addr 00005e60
494d746173736572646441746e656d65636e656d6d6f43737474616874776f6e    // raw_mem addr 000002f4;  byte addr 00005e80
39666f7373616c63656874666f6e656d656c746e6567646e6173656964614c54    // raw_mem addr 000002f5;  byte addr 00005ea0
6e6f756f79726566666f646c756f634966496e65657263736e75737261655737    // raw_mem addr 000002f6;  byte addr 00005ec0
747567656e6e6f567472754b657275747566656874726f66706974656e6f796c    // raw_mem addr 000002f7;  byte addr 00005ee0
6173656964614c54494d746173736572646441746e656d65636e656d6d6f4373    // raw_mem addr 000002f8;  byte addr 00005f00
6e7573726165573739666f7373616c63656874666f6e656d656c746e6567646e    // raw_mem addr 000002f9;  byte addr 00005f20
706974656e6f796c6e6f756f79726566666f646c756f634966496e6565726373    // raw_mem addr 000002fa;  byte addr 00005f40
685474696562646c756f776e65657263736e7573657275747566656874726f66    // raw_mem addr 000002fb;  byte addr 00005f60
657661686e65657263736e7573666f73746966656e65626d726574676e6f6c65    // raw_mem addr 000002fc;  byte addr 00005f80
6568747361657265687773747369746e6569637379626465766f72706e656562    // raw_mem addr 000002fd;  byte addr 00005fa0
696c657265726f6d73697361626f6e736168656369766461796d666f74736572    // raw_mem addr 000002fe;  byte addr 00005fc0
636e65697265707865676e697265646e61656d6e776f796d6e616874656c6261    // raw_mem addr 000002ff;  byte addr 00005fe0
796f6a6e45776f6e6563697664617369687465736e65707369646c6c69774965    // raw_mem addr 00000300;  byte addr 00006000
656e684f6874756f7972756f79666f797475616562646e617265776f70656874    // raw_mem addr 00000301;  byte addr 00006020
6f70656874646e6174737265646e75746f6e6c6c6977756f59646e696d726576    // raw_mem addr 00000302;  byte addr 00006040
796568746c69746e756874756f7972756f79666f797475616562646e61726577    // raw_mem addr 00000303;  byte addr 00006060
6c6c6c756f79737261657930326e69656d747375727474754264656461666576    // raw_mem addr 00000304;  byte addr 00006080
61636572646e61666c657372756f79666f736f746f687074616b6361626b6f6f    // raw_mem addr 00000305;  byte addr 000060a0
6f706863756d776f68776f6e7073617267746e6163756f79796177616e696c6c    // raw_mem addr 00000306;  byte addr 000060c0
6c75626166776f68646e61756f7965726f66656279616c7974696c6962697373    // raw_mem addr 00000307;  byte addr 000060e0
7461667361746f6e657261756f5964656b6f6f6c796c6c616572756f7973756f    // raw_mem addr 00000308;  byte addr 00006100
74756665687474756f62617972726f77746e6f44656e6967616d69756f797361    // raw_mem addr 00000309;  byte addr 00006120
7567656e6e6f567472754b74616874776f6e6b7475627972726f77724f657275    // raw_mem addr 0000030a;  byte addr 00006140
73656964614c54494d746173736572646441746e656d65636e656d6d6f437374    // raw_mem addr 0000030b;  byte addr 00006160
7573726165573739666f7373616c63656874666f6e656d656c746e6567646e61    // raw_mem addr 0000030c;  byte addr 00006180
6974656e6f796c6e6f756f79726566666f646c756f634966496e65657263736e    // raw_mem addr 0000030d;  byte addr 000061a0
5474696562646c756f776e65657263736e7573657275747566656874726f6670    // raw_mem addr 0000030e;  byte addr 000061c0
7661686e65657263736e7573666f73746966656e65626d726574676e6f6c6568    // raw_mem addr 0000030f;  byte addr 000061e0
68747361657265687773747369746e6569637379626465766f72706e65656265    // raw_mem addr 00000310;  byte addr 00006200
6c657265726f6d73697361626f6e736168656369766461796d666f7473657265    // raw_mem addr 00000311;  byte addr 00006220
6e65697265707865676e697265646e61656d6e776f796d6e616874656c626169    // raw_mem addr 00000312;  byte addr 00006240
6f6a6e45776f6e6563697664617369687465736e65707369646c6c6977496563    // raw_mem addr 00000313;  byte addr 00006260
6e684f6874756f7972756f79666f797475616562646e617265776f7065687479    // raw_mem addr 00000314;  byte addr 00006280
70656874646e6174737265646e75746f6e6c6c6977756f59646e696d72657665    // raw_mem addr 00000315;  byte addr 000062a0
6568746c69746e756874756f7972756f79666f797475616562646e617265776f    // raw_mem addr 00000316;  byte addr 000062c0
6c6c756f79737261657930326e69656d74737572747475426465646166657679    // raw_mem addr 00000317;  byte addr 000062e0
636572646e61666c657372756f79666f736f746f687074616b6361626b6f6f6c    // raw_mem addr 00000318;  byte addr 00006300
706863756d776f68776f6e7073617267746e6163756f79796177616e696c6c61    // raw_mem addr 00000319;  byte addr 00006320
75626166776f68646e61756f7965726f66656279616c7974696c69626973736f    // raw_mem addr 0000031a;  byte addr 00006340
61667361746f6e657261756f5964656b6f6f6c796c6c616572756f7973756f6c    // raw_mem addr 0000031b;  byte addr 00006360
756665687474756f62617972726f77746e6f44656e6967616d69756f79736174    // raw_mem addr 0000031c;  byte addr 00006380
67656e6e6f567472754b74616874776f6e6b7475627972726f77724f65727574    // raw_mem addr 0000031d;  byte addr 000063a0
656964614c54494d746173736572646441746e656d65636e656d6d6f43737475    // raw_mem addr 0000031e;  byte addr 000063c0
73726165573739666f7373616c63656874666f6e656d656c746e6567646e6173    // raw_mem addr 0000031f;  byte addr 000063e0
74656e6f796c6e6f756f79726566666f646c756f634966496e65657263736e75    // raw_mem addr 00000320;  byte addr 00006400
74696562646c756f776e65657263736e7573657275747566656874726f667069    // raw_mem addr 00000321;  byte addr 00006420
61686e65657263736e7573666f73746966656e65626d726574676e6f6c656854    // raw_mem addr 00000322;  byte addr 00006440
747361657265687773747369746e6569637379626465766f72706e6565626576    // raw_mem addr 00000323;  byte addr 00006460
657265726f6d73697361626f6e736168656369766461796d666f747365726568    // raw_mem addr 00000324;  byte addr 00006480
65697265707865676e697265646e61656d6e776f796d6e616874656c6261696c    // raw_mem addr 00000325;  byte addr 000064a0
6a6e45776f6e6563697664617369687465736e65707369646c6c69774965636e    // raw_mem addr 00000326;  byte addr 000064c0
684f6874756f7972756f79666f797475616562646e617265776f70656874796f    // raw_mem addr 00000327;  byte addr 000064e0
656874646e6174737265646e75746f6e6c6c6977756f59646e696d726576656e    // raw_mem addr 00000328;  byte addr 00006500
68746c69746e756874756f7972756f79666f797475616562646e617265776f70    // raw_mem addr 00000329;  byte addr 00006520
6c756f79737261657930326e69656d7473757274747542646564616665767965    // raw_mem addr 0000032a;  byte addr 00006540
6572646e61666c657372756f79666f736f746f687074616b6361626b6f6f6c6c    // raw_mem addr 0000032b;  byte addr 00006560
6863756d776f68776f6e7073617267746e6163756f79796177616e696c6c6163    // raw_mem addr 0000032c;  byte addr 00006580
626166776f68646e61756f7965726f66656279616c7974696c69626973736f70    // raw_mem addr 0000032d;  byte addr 000065a0
667361746f6e657261756f5964656b6f6f6c796c6c616572756f7973756f6c75    // raw_mem addr 0000032e;  byte addr 000065c0
6665687474756f62617972726f77746e6f44656e6967616d69756f7973617461    // raw_mem addr 0000032f;  byte addr 000065e0
6e65657263736e757374616874776f6e6b7475627972726f77724f6572757475    // raw_mem addr 00000330;  byte addr 00006600
7573666f73746966656e65626d726574676e6f6c65685474696562646c756f77    // raw_mem addr 00000331;  byte addr 00006620
747369746e6569637379626465766f72706e656562657661686e65657263736e    // raw_mem addr 00000332;  byte addr 00006640
61626f6e736168656369766461796d666f747365726568747361657265687773    // raw_mem addr 00000333;  byte addr 00006660
697265646e61656d6e776f796d6e616874656c6261696c657265726f6d736973    // raw_mem addr 00000334;  byte addr 00006680
7664617369687465736e65707369646c6c69774965636e65697265707865676e    // raw_mem addr 00000335;  byte addr 000066a0
6f79666f797475616562646e617265776f70656874796f6a6e45776f6e656369    // raw_mem addr 00000336;  byte addr 000066c0
65646e75746f6e6c6c6977756f59646e696d726576656e684f6874756f797275    // raw_mem addr 00000337;  byte addr 000066e0
756f7972756f79666f797475616562646e617265776f70656874646e61747372    // raw_mem addr 00000338;  byte addr 00006700
30326e69656d747375727474754264656461666576796568746c69746e756874    // raw_mem addr 00000339;  byte addr 00006720
72756f79666f736f746f687074616b6361626b6f6f6c6c6c756f797372616579    // raw_mem addr 0000033a;  byte addr 00006740
6e7073617267746e6163756f79796177616e696c6c61636572646e61666c6573    // raw_mem addr 0000033b;  byte addr 00006760
756f7965726f66656279616c7974696c69626973736f706863756d776f68776f    // raw_mem addr 0000033c;  byte addr 00006780
756f5964656b6f6f6c796c6c616572756f7973756f6c75626166776f68646e61    // raw_mem addr 0000033d;  byte addr 000067a0
7972726f77746e6f44656e6967616d69756f7973617461667361746f6e657261    // raw_mem addr 0000033e;  byte addr 000067c0
74616874776f6e6b7475627972726f77724f65727574756665687474756f6261    // raw_mem addr 0000033f;  byte addr 000067e0
61666576796568746c69746e756874756f7972756f79666f797475616562646e    // raw_mem addr 00000340;  byte addr 00006800
626b6f6f6c6c6c756f79737261657930326e69656d7473757274747542646564    // raw_mem addr 00000341;  byte addr 00006820
6e696c6c61636572646e61666c657372756f79666f736f746f687074616b6361    // raw_mem addr 00000342;  byte addr 00006840
626973736f706863756d776f68776f6e7073617267746e6163756f7979617761    // raw_mem addr 00000343;  byte addr 00006860
7973756f6c75626166776f68646e61756f7965726f66656279616c7974696c69    // raw_mem addr 00000344;  byte addr 00006880
6f7973617461667361746f6e657261756f5964656b6f6f6c796c6c616572756f    // raw_mem addr 00000345;  byte addr 000068a0
4f65727574756665687474756f62617972726f77746e6f44656e6967616d6975    // raw_mem addr 00000346;  byte addr 000068c0
62646c756f776e65657263736e757374616874776f6e6b7475627972726f7772    // raw_mem addr 00000347;  byte addr 000068e0
65657263736e7573666f73746966656e65626d726574676e6f6c656854746965    // raw_mem addr 00000348;  byte addr 00006900
657265687773747369746e6569637379626465766f72706e656562657661686e    // raw_mem addr 00000349;  byte addr 00006920
726f6d73697361626f6e736168656369766461796d666f747365726568747361    // raw_mem addr 0000034a;  byte addr 00006940
65707865676e697265646e61656d6e776f796d6e616874656c6261696c657265    // raw_mem addr 0000034b;  byte addr 00006960
776f6e6563697664617369687465736e65707369646c6c69774965636e656972    // raw_mem addr 0000034c;  byte addr 00006980
74756f7972756f79666f797475616562646e617265776f70656874796f6a6e45    // raw_mem addr 0000034d;  byte addr 000069a0
646e6174737265646e75746f6e6c6c6977756f59646e696d726576656e684f68    // raw_mem addr 0000034e;  byte addr 000069c0
69746e756874756f7972756f79666f797475616562646e617265776f70656874    // raw_mem addr 0000034f;  byte addr 000069e0
79737261657930326e69656d747375727474754264656461666576796568746c    // raw_mem addr 00000350;  byte addr 00006a00
6e61666c657372756f79666f736f746f687074616b6361626b6f6f6c6c6c756f    // raw_mem addr 00000351;  byte addr 00006a20
6d776f68776f6e7073617267746e6163756f79796177616e696c6c6163657264    // raw_mem addr 00000352;  byte addr 00006a40
776f68646e61756f7965726f66656279616c7974696c69626973736f70686375    // raw_mem addr 00000353;  byte addr 00006a60
746f6e657261756f5964656b6f6f6c796c6c616572756f7973756f6c75626166    // raw_mem addr 00000354;  byte addr 00006a80
7474756f62617972726f77746e6f44656e6967616d69756f7973617461667361    // raw_mem addr 00000355;  byte addr 00006aa0
75616562646e74616874776f6e6b7475627972726f77724f6572757475666568    // raw_mem addr 00000356;  byte addr 00006ac0
74754264656461666576796568746c69746e756874756f7972756f79666f7974    // raw_mem addr 00000357;  byte addr 00006ae0
7074616b6361626b6f6f6c6c6c756f79737261657930326e69656d7473757274    // raw_mem addr 00000358;  byte addr 00006b00
6f79796177616e696c6c61636572646e61666c657372756f79666f736f746f68    // raw_mem addr 00000359;  byte addr 00006b20
6c7974696c69626973736f706863756d776f68776f6e7073617267746e616375    // raw_mem addr 0000035a;  byte addr 00006b40
6c616572756f7973756f6c75626166776f68646e61756f7965726f6665627961    // raw_mem addr 0000035b;  byte addr 00006b60
6967616d69756f7973617461667361746f6e657261756f5964656b6f6f6c796c    // raw_mem addr 0000035c;  byte addr 00006b80
7972726f77724f65727574756665687474756f62617972726f77746e6f44656e    // raw_mem addr 0000035d;  byte addr 00006ba0
65685474696562646c756f776e65657263736e757374616874776f6e6b747562    // raw_mem addr 0000035e;  byte addr 00006bc0
62657661686e65657263736e7573666f73746966656e65626d726574676e6f6c    // raw_mem addr 0000035f;  byte addr 00006be0
726568747361657265687773747369746e6569637379626465766f72706e6565    // raw_mem addr 00000360;  byte addr 00006c00
61696c657265726f6d73697361626f6e736168656369766461796d666f747365    // raw_mem addr 00000361;  byte addr 00006c20
65636e65697265707865676e697265646e61656d6e776f796d6e616874656c62    // raw_mem addr 00000362;  byte addr 00006c40
74796f6a6e45776f6e6563697664617369687465736e65707369646c6c697749    // raw_mem addr 00000363;  byte addr 00006c60
76656e684f6874756f7972756f79666f797475616562646e617265776f706568    // raw_mem addr 00000364;  byte addr 00006c80
776f70656874646e6174737265646e75746f6e6c6c6977756f59646e696d7265    // raw_mem addr 00000365;  byte addr 00006ca0
76796568746c69746e756874756f7972756f79666f797475616562646e617265    // raw_mem addr 00000366;  byte addr 00006cc0
6f6c6c6c756f79737261657930326e69656d7473757274747542646564616665    // raw_mem addr 00000367;  byte addr 00006ce0
6c61636572646e61666c657372756f79666f736f746f687074616b6361626b6f    // raw_mem addr 00000368;  byte addr 00006d00
736f706863756d776f68776f6e7073617267746e6163756f79796177616e696c    // raw_mem addr 00000369;  byte addr 00006d20
6f6c75626166776f68646e61756f7965726f66656279616c7974696c69626973    // raw_mem addr 0000036a;  byte addr 00006d40
617461667361746f6e657261756f5964656b6f6f6c796c6c616572756f797375    // raw_mem addr 0000036b;  byte addr 00006d60
7574756665687474756f62617972726f77746e6f44656e6967616d69756f7973    // raw_mem addr 0000036c;  byte addr 00006d80
7474616874776f6e6b74756274616874776f6e6b7475627972726f77724f6572    // raw_mem addr 0000036d;  byte addr 00006da0
6173656964614c54494d746173736572646441746e656d65636e656d6d6f4373    // raw_mem addr 0000036e;  byte addr 00006dc0
6e7573726165573739666f7373616c63656874666f6e656d656c746e6567646e    // raw_mem addr 0000036f;  byte addr 00006de0
706974656e6f796c6e6f756f79726566666f646c756f634966496e6565726373    // raw_mem addr 00000370;  byte addr 00006e00
636e656d6d6f4373747567656e6e6f567472754b657275747566656874726f66    // raw_mem addr 00000371;  byte addr 00006e20
656c746e6567646e6173656964614c54494d746173736572646441746e656d65    // raw_mem addr 00000372;  byte addr 00006e40
66496e65657263736e7573726165573739666f7373616c63656874666f6e656d    // raw_mem addr 00000373;  byte addr 00006e60
7566656874726f66706974656e6f796c6e6f756f79726566666f646c756f6349    // raw_mem addr 00000374;  byte addr 00006e80
726574676e6f6c65685474696562646c756f776e65657263736e757365727574    // raw_mem addr 00000375;  byte addr 00006ea0
766f72706e656562657661686e65657263736e7573666f73746966656e65626d    // raw_mem addr 00000376;  byte addr 00006ec0
796d666f747365726568747361657265687773747369746e6569637379626465    // raw_mem addr 00000377;  byte addr 00006ee0
6e616874656c6261696c657265726f6d73697361626f6e736168656369766461    // raw_mem addr 00000378;  byte addr 00006f00
69646c6c69774965636e65697265707865676e697265646e61656d6e776f796d    // raw_mem addr 00000379;  byte addr 00006f20
7265776f70656874796f6a6e45776f6e6563697664617369687465736e657073    // raw_mem addr 0000037a;  byte addr 00006f40
59646e696d726576656e684f6874756f7972756f79666f797475616562646e61    // raw_mem addr 0000037b;  byte addr 00006f60
6562646e617265776f70656874646e6174737265646e75746f6e6c6c6977756f    // raw_mem addr 0000037c;  byte addr 00006f80
4264656461666576796568746c69746e756874756f7972756f79666f79747561    // raw_mem addr 0000037d;  byte addr 00006fa0
616b6361626b6f6f6c6c6c756f79737261657930326e69656d74737572747475    // raw_mem addr 0000037e;  byte addr 00006fc0
796177616e696c6c61636572646e61666c657372756f79666f736f746f687074    // raw_mem addr 0000037f;  byte addr 00006fe0
74696c69626973736f706863756d776f68776f6e7073617267746e6163756f79    // raw_mem addr 00000380;  byte addr 00007000
6572756f7973756f6c75626166776f68646e61756f7965726f66656279616c79    // raw_mem addr 00000381;  byte addr 00007020
616d69756f7973617461667361746f6e657261756f5964656b6f6f6c796c6c61    // raw_mem addr 00000382;  byte addr 00007040
726f77724f65727574756665687474756f62617972726f77746e6f44656e6967    // raw_mem addr 00000383;  byte addr 00007060
6e656d6d6f4373747567656e6e6f567472754b74616874776f6e6b7475627972    // raw_mem addr 00000384;  byte addr 00007080
6c746e6567646e6173656964614c54494d746173736572646441746e656d6563    // raw_mem addr 00000385;  byte addr 000070a0
496e65657263736e7573726165573739666f7373616c63656874666f6e656d65    // raw_mem addr 00000386;  byte addr 000070c0
66656874726f66706974656e6f796c6e6f756f79726566666f646c756f634966    // raw_mem addr 00000387;  byte addr 000070e0
6574676e6f6c65685474696562646c756f776e65657263736e75736572757475    // raw_mem addr 00000388;  byte addr 00007100
6f72706e656562657661686e65657263736e7573666f73746966656e65626d72    // raw_mem addr 00000389;  byte addr 00007120
6d666f747365726568747361657265687773747369746e656963737962646576    // raw_mem addr 0000038a;  byte addr 00007140
616874656c6261696c657265726f6d73697361626f6e73616865636976646179    // raw_mem addr 0000038b;  byte addr 00007160
646c6c69774965636e65697265707865676e697265646e61656d6e776f796d6e    // raw_mem addr 0000038c;  byte addr 00007180
65776f70656874796f6a6e45776f6e6563697664617369687465736e65707369    // raw_mem addr 0000038d;  byte addr 000071a0
646e696d726576656e684f6874756f7972756f79666f797475616562646e6172    // raw_mem addr 0000038e;  byte addr 000071c0
62646e617265776f70656874646e6174737265646e75746f6e6c6c6977756f59    // raw_mem addr 0000038f;  byte addr 000071e0
64656461666576796568746c69746e756874756f7972756f79666f7974756165    // raw_mem addr 00000390;  byte addr 00007200
6b6361626b6f6f6c6c6c756f79737261657930326e69656d7473757274747542    // raw_mem addr 00000391;  byte addr 00007220
6177616e696c6c61636572646e61666c657372756f79666f736f746f68707461    // raw_mem addr 00000392;  byte addr 00007240
696c69626973736f706863756d776f68776f6e7073617267746e6163756f7979    // raw_mem addr 00000393;  byte addr 00007260
72756f7973756f6c75626166776f68646e61756f7965726f66656279616c7974    // raw_mem addr 00000394;  byte addr 00007280
6d69756f7973617461667361746f6e657261756f5964656b6f6f6c796c6c6165    // raw_mem addr 00000395;  byte addr 000072a0
6f77724f65727574756665687474756f62617972726f77746e6f44656e696761    // raw_mem addr 00000396;  byte addr 000072c0
656d6d6f4373747567656e6e6f567472754b74616874776f6e6b747562797272    // raw_mem addr 00000397;  byte addr 000072e0
746e6567646e6173656964614c54494d746173736572646441746e656d65636e    // raw_mem addr 00000398;  byte addr 00007300
6e65657263736e7573726165573739666f7373616c63656874666f6e656d656c    // raw_mem addr 00000399;  byte addr 00007320
656874726f66706974656e6f796c6e6f756f79726566666f646c756f63496649    // raw_mem addr 0000039a;  byte addr 00007340
74676e6f6c65685474696562646c756f776e65657263736e7573657275747566    // raw_mem addr 0000039b;  byte addr 00007360
72706e656562657661686e65657263736e7573666f73746966656e65626d7265    // raw_mem addr 0000039c;  byte addr 00007380
666f747365726568747361657265687773747369746e6569637379626465766f    // raw_mem addr 0000039d;  byte addr 000073a0
6874656c6261696c657265726f6d73697361626f6e736168656369766461796d    // raw_mem addr 0000039e;  byte addr 000073c0
6c6c69774965636e65697265707865676e697265646e61656d6e776f796d6e61    // raw_mem addr 0000039f;  byte addr 000073e0
776f70656874796f6a6e45776f6e6563697664617369687465736e6570736964    // raw_mem addr 000003a0;  byte addr 00007400
6e696d726576656e684f6874756f7972756f79666f797475616562646e617265    // raw_mem addr 000003a1;  byte addr 00007420
646e617265776f70656874646e6174737265646e75746f6e6c6c6977756f5964    // raw_mem addr 000003a2;  byte addr 00007440
656461666576796568746c69746e756874756f7972756f79666f797475616562    // raw_mem addr 000003a3;  byte addr 00007460
6361626b6f6f6c6c6c756f79737261657930326e69656d747375727474754264    // raw_mem addr 000003a4;  byte addr 00007480
77616e696c6c61636572646e61666c657372756f79666f736f746f687074616b    // raw_mem addr 000003a5;  byte addr 000074a0
6c69626973736f706863756d776f68776f6e7073617267746e6163756f797961    // raw_mem addr 000003a6;  byte addr 000074c0
756f7973756f6c75626166776f68646e61756f7965726f66656279616c797469    // raw_mem addr 000003a7;  byte addr 000074e0
69756f7973617461667361746f6e657261756f5964656b6f6f6c796c6c616572    // raw_mem addr 000003a8;  byte addr 00007500
77724f65727574756665687474756f62617972726f77746e6f44656e6967616d    // raw_mem addr 000003a9;  byte addr 00007520
696562646c756f776e65657263736e757374616874776f6e6b7475627972726f    // raw_mem addr 000003aa;  byte addr 00007540
686e65657263736e7573666f73746966656e65626d726574676e6f6c65685474    // raw_mem addr 000003ab;  byte addr 00007560
7361657265687773747369746e6569637379626465766f72706e656562657661    // raw_mem addr 000003ac;  byte addr 00007580
7265726f6d73697361626f6e736168656369766461796d666f74736572656874    // raw_mem addr 000003ad;  byte addr 000075a0
697265707865676e697265646e61656d6e776f796d6e616874656c6261696c65    // raw_mem addr 000003ae;  byte addr 000075c0
6e45776f6e6563697664617369687465736e65707369646c6c69774965636e65    // raw_mem addr 000003af;  byte addr 000075e0
4f6874756f7972756f79666f797475616562646e617265776f70656874796f6a    // raw_mem addr 000003b0;  byte addr 00007600
6874646e6174737265646e75746f6e6c6c6977756f59646e696d726576656e68    // raw_mem addr 000003b1;  byte addr 00007620
746c69746e756874756f7972756f79666f797475616562646e617265776f7065    // raw_mem addr 000003b2;  byte addr 00007640
756f79737261657930326e69656d747375727474754264656461666576796568    // raw_mem addr 000003b3;  byte addr 00007660
72646e61666c657372756f79666f736f746f687074616b6361626b6f6f6c6c6c    // raw_mem addr 000003b4;  byte addr 00007680
63756d776f68776f6e7073617267746e6163756f79796177616e696c6c616365    // raw_mem addr 000003b5;  byte addr 000076a0
6166776f68646e61756f7965726f66656279616c7974696c69626973736f7068    // raw_mem addr 000003b6;  byte addr 000076c0
7361746f6e657261756f5964656b6f6f6c796c6c616572756f7973756f6c7562    // raw_mem addr 000003b7;  byte addr 000076e0
65687474756f62617972726f77746e6f44656e6967616d69756f797361746166    // raw_mem addr 000003b8;  byte addr 00007700
6e6f567472754b0a74616874776f6e6b7475627972726f77724f657275747566    // raw_mem addr 000003b9;  byte addr 00007720
614c54494d746173736572646441746e656d65636e656d6d6f4373747567656e    // raw_mem addr 000003ba;  byte addr 00007740
65573739666f7373616c63656874666f6e656d656c746e6567646e6173656964    // raw_mem addr 000003bb;  byte addr 00007760
6f796c6e6f756f79726566666f646c756f634966496e65657263736e75737261    // raw_mem addr 000003bc;  byte addr 00007780
62646c756f776e65657263736e7573657275747566656874726f66706974656e    // raw_mem addr 000003bd;  byte addr 000077a0
65657263736e7573666f73746966656e65626d726574676e6f6c656854746965    // raw_mem addr 000003be;  byte addr 000077c0
657265687773747369746e6569637379626465766f72706e656562657661686e    // raw_mem addr 000003bf;  byte addr 000077e0
726f6d73697361626f6e736168656369766461796d666f747365726568747361    // raw_mem addr 000003c0;  byte addr 00007800
65707865676e697265646e61656d6e776f796d6e616874656c6261696c657265    // raw_mem addr 000003c1;  byte addr 00007820
776f6e6563697664617369687465736e65707369646c6c69774965636e656972    // raw_mem addr 000003c2;  byte addr 00007840
74756f7972756f79666f797475616562646e617265776f70656874796f6a6e45    // raw_mem addr 000003c3;  byte addr 00007860
646e6174737265646e75746f6e6c6c6977756f59646e696d726576656e684f68    // raw_mem addr 000003c4;  byte addr 00007880
69746e756874756f7972756f79666f797475616562646e617265776f70656874    // raw_mem addr 000003c5;  byte addr 000078a0
79737261657930326e69656d747375727474754264656461666576796568746c    // raw_mem addr 000003c6;  byte addr 000078c0
6e61666c657372756f79666f736f746f687074616b6361626b6f6f6c6c6c756f    // raw_mem addr 000003c7;  byte addr 000078e0
6d776f68776f6e7073617267746e6163756f79796177616e696c6c6163657264    // raw_mem addr 000003c8;  byte addr 00007900
776f68646e61756f7965726f66656279616c7974696c69626973736f70686375    // raw_mem addr 000003c9;  byte addr 00007920
746f6e657261756f5964656b6f6f6c796c6c616572756f7973756f6c75626166    // raw_mem addr 000003ca;  byte addr 00007940
7474756f62617972726f77746e6f44656e6967616d69756f7973617461667361    // raw_mem addr 000003cb;  byte addr 00007960
6f567472754b74616874776f6e6b7475627972726f77724f6572757475666568    // raw_mem addr 000003cc;  byte addr 00007980
6441746e656d65636e656d6d6f4373747567656e6e6f567472754b7567656e6e    // raw_mem addr 000003cd;  byte addr 000079a0
6874666f6e656d656c746e6567646e6173656964614c54494d74617373657264    // raw_mem addr 000003ce;  byte addr 000079c0
6f646c756f634966496e65657263736e7573726165573739666f7373616c6365    // raw_mem addr 000003cf;  byte addr 000079e0
6e7573657275747566656874726f66706974656e6f796c6e6f756f7972656666    // raw_mem addr 000003d0;  byte addr 00007a00
6966656e65626d726574676e6f6c65685474696562646c756f776e6565726373    // raw_mem addr 000003d1;  byte addr 00007a20
69637379626465766f72706e656562657661686e65657263736e7573666f7374    // raw_mem addr 000003d2;  byte addr 00007a40
68656369766461796d666f747365726568747361657265687773747369746e65    // raw_mem addr 000003d3;  byte addr 00007a60
656d6e776f796d6e616874656c6261696c657265726f6d73697361626f6e7361    // raw_mem addr 000003d4;  byte addr 00007a80
7465736e65707369646c6c69774965636e65697265707865676e697265646e61    // raw_mem addr 000003d5;  byte addr 00007aa0
75616562646e617265776f70656874796f6a6e45776f6e656369766461736968    // raw_mem addr 000003d6;  byte addr 00007ac0
6e6c6c6977756f59646e696d726576656e684f6874756f7972756f79666f7974    // raw_mem addr 000003d7;  byte addr 00007ae0
79666f797475616562646e617265776f70656874646e6174737265646e75746f    // raw_mem addr 000003d8;  byte addr 00007b00
747375727474754264656461666576796568746c69746e756874756f7972756f    // raw_mem addr 000003d9;  byte addr 00007b20
736f746f687074616b6361626b6f6f6c6c6c756f79737261657930326e69656d    // raw_mem addr 000003da;  byte addr 00007b40
746e6163756f79796177616e696c6c61636572646e61666c657372756f79666f    // raw_mem addr 000003db;  byte addr 00007b60
66656279616c7974696c69626973736f706863756d776f68776f6e7073617267    // raw_mem addr 000003dc;  byte addr 00007b80
6f6f6c796c6c616572756f7973756f6c75626166776f68646e61756f7965726f    // raw_mem addr 000003dd;  byte addr 00007ba0
6e6f44656e6967616d69756f7973617461667361746f6e657261756f5964656b    // raw_mem addr 000003de;  byte addr 00007bc0
6e6b7475627972726f77724f65727574756665687474756f62617972726f7774    // raw_mem addr 000003df;  byte addr 00007be0
41746e656d65636e656d6d6f4373747567656e6e6f567472754b74616874776f    // raw_mem addr 000003e0;  byte addr 00007c00
74666f6e656d656c746e6567646e6173656964614c54494d7461737365726464    // raw_mem addr 000003e1;  byte addr 00007c20
646c756f634966496e65657263736e7573726165573739666f7373616c636568    // raw_mem addr 000003e2;  byte addr 00007c40
7573657275747566656874726f66706974656e6f796c6e6f756f79726566666f    // raw_mem addr 000003e3;  byte addr 00007c60
66656e65626d726574676e6f6c65685474696562646c756f776e65657263736e    // raw_mem addr 000003e4;  byte addr 00007c80
637379626465766f72706e656562657661686e65657263736e7573666f737469    // raw_mem addr 000003e5;  byte addr 00007ca0
656369766461796d666f747365726568747361657265687773747369746e6569    // raw_mem addr 000003e6;  byte addr 00007cc0
6d6e776f796d6e616874656c6261696c657265726f6d73697361626f6e736168    // raw_mem addr 000003e7;  byte addr 00007ce0
65736e65707369646c6c69774965636e65697265707865676e697265646e6165    // raw_mem addr 000003e8;  byte addr 00007d00
616562646e617265776f70656874796f6a6e45776f6e65636976646173696874    // raw_mem addr 000003e9;  byte addr 00007d20
6c6c6977756f59646e696d726576656e684f6874756f7972756f79666f797475    // raw_mem addr 000003ea;  byte addr 00007d40
666f797475616562646e617265776f70656874646e6174737265646e75746f6e    // raw_mem addr 000003eb;  byte addr 00007d60
7375727474754264656461666576796568746c69746e756874756f7972756f79    // raw_mem addr 000003ec;  byte addr 00007d80
6f746f687074616b6361626b6f6f6c6c6c756f79737261657930326e69656d74    // raw_mem addr 000003ed;  byte addr 00007da0
6e6163756f79796177616e696c6c61636572646e61666c657372756f79666f73    // raw_mem addr 000003ee;  byte addr 00007dc0
656279616c7974696c69626973736f706863756d776f68776f6e707361726774    // raw_mem addr 000003ef;  byte addr 00007de0
6f6c796c6c616572756f7973756f6c75626166776f68646e61756f7965726f66    // raw_mem addr 000003f0;  byte addr 00007e00
6f44656e6967616d69756f7973617461667361746f6e657261756f5964656b6f    // raw_mem addr 000003f1;  byte addr 00007e20
6b7475627972726f77724f65727574756665687474756f62617972726f77746e    // raw_mem addr 000003f2;  byte addr 00007e40
746e656d65636e656d6d6f4373747567656e6e6f567472754b74616874776f6e    // raw_mem addr 000003f3;  byte addr 00007e60
666f6e656d656c746e6567646e6173656964614c54494d746173736572646441    // raw_mem addr 000003f4;  byte addr 00007e80
6c756f634966496e65657263736e7573726165573739666f7373616c63656874    // raw_mem addr 000003f5;  byte addr 00007ea0
73657275747566656874726f66706974656e6f796c6e6f756f79726566666f64    // raw_mem addr 000003f6;  byte addr 00007ec0
656e65626d726574676e6f6c65685474696562646c756f776e65657263736e75    // raw_mem addr 000003f7;  byte addr 00007ee0
7379626465766f72706e656562657661686e65657263736e7573666f73746966    // raw_mem addr 000003f8;  byte addr 00007f00
6369766461796d666f747365726568747361657265687773747369746e656963    // raw_mem addr 000003f9;  byte addr 00007f20
6e776f796d6e616874656c6261696c657265726f6d73697361626f6e73616865    // raw_mem addr 000003fa;  byte addr 00007f40
736e65707369646c6c69774965636e65697265707865676e697265646e61656d    // raw_mem addr 000003fb;  byte addr 00007f60
6562646e617265776f70656874796f6a6e45776f6e6563697664617369687465    // raw_mem addr 000003fc;  byte addr 00007f80
6c6977756f59646e696d726576656e684f6874756f7972756f79666f79747561    // raw_mem addr 000003fd;  byte addr 00007fa0
6f797475616562646e617265776f70656874646e6174737265646e75746f6e6c    // raw_mem addr 000003fe;  byte addr 00007fc0
75727474754264656461666576796568746c69746e756874756f7972756f7966    // raw_mem addr 000003ff;  byte addr 00007fe0
746f687074616b6361626b6f6f6c6c6c756f79737261657930326e69656d7473    // raw_mem addr 00000400;  byte addr 00008000
6163756f79796177616e696c6c61636572646e61666c657372756f79666f736f    // raw_mem addr 00000401;  byte addr 00008020
6279616c7974696c69626973736f706863756d776f68776f6e7073617267746e    // raw_mem addr 00000402;  byte addr 00008040
6c796c6c616572756f7973756f6c75626166776f68646e61756f7965726f6665    // raw_mem addr 00000403;  byte addr 00008060
44656e6967616d69756f7973617461667361746f6e657261756f5964656b6f6f    // raw_mem addr 00000404;  byte addr 00008080
72754b7972726f77724f65727574756665687474756f62617972726f77746e6f    // raw_mem addr 00000405;  byte addr 000080a0
4d746173736572646441746e656d65636e656d6d6f4373747567656e6e6f5674    // raw_mem addr 00000406;  byte addr 000080c0
666f7373616c63656874666f6e656d656c746e6567646e6173656964614c5449    // raw_mem addr 00000407;  byte addr 000080e0
6f756f79726566666f646c756f634966496e65657263736e7573726165573739    // raw_mem addr 00000408;  byte addr 00008100
6f776e65657263736e7573657275747566656874726f66706974656e6f796c6e    // raw_mem addr 00000409;  byte addr 00008120
736e7573666f73746966656e65626d726574676e6f6c65685474696562646c75    // raw_mem addr 0000040a;  byte addr 00008140
7773747369746e6569637379626465766f72706e656562657661686e65657263    // raw_mem addr 0000040b;  byte addr 00008160
697361626f6e736168656369766461796d666f74736572656874736165726568    // raw_mem addr 0000040c;  byte addr 00008180
676e697265646e61656d6e776f796d6e616874656c6261696c657265726f6d73    // raw_mem addr 0000040d;  byte addr 000081a0
63697664617369687465736e65707369646c6c69774965636e65697265707865    // raw_mem addr 0000040e;  byte addr 000081c0
72756f79666f797475616562646e617265776f70656874796f6a6e45776f6e65    // raw_mem addr 0000040f;  byte addr 000081e0
737265646e75746f6e6c6c6977756f59646e696d726576656e684f6874756f79    // raw_mem addr 00000410;  byte addr 00008200
6874756f7972756f79666f797475616562646e617265776f70656874646e6174    // raw_mem addr 00000411;  byte addr 00008220
657930326e69656d747375727474754264656461666576796568746c69746e75    // raw_mem addr 00000412;  byte addr 00008240
657372756f79666f736f746f687074616b6361626b6f6f6c6c6c756f79737261    // raw_mem addr 00000413;  byte addr 00008260
776f6e7073617267746e6163756f79796177616e696c6c61636572646e61666c    // raw_mem addr 00000414;  byte addr 00008280
6e61756f7965726f66656279616c7974696c69626973736f706863756d776f68    // raw_mem addr 00000415;  byte addr 000082a0
7261756f5964656b6f6f6c796c6c616572756f7973756f6c75626166776f6864    // raw_mem addr 00000416;  byte addr 000082c0
62617972726f77746e6f44656e6967616d69756f7973617461667361746f6e65    // raw_mem addr 00000417;  byte addr 000082e0
754b74616874776f6e6b7475627972726f77724f65727574756665687474756f    // raw_mem addr 00000418;  byte addr 00008300
656d65636e656d6d6f4373747567656e6e6f567472754b7567656e6e6f567472    // raw_mem addr 00000419;  byte addr 00008320
6e656d656c746e6567646e6173656964614c54494d746173736572646441746e    // raw_mem addr 0000041a;  byte addr 00008340
6f634966496e65657263736e7573726165573739666f7373616c63656874666f    // raw_mem addr 0000041b;  byte addr 00008360
7275747566656874726f66706974656e6f796c6e6f756f79726566666f646c75    // raw_mem addr 0000041c;  byte addr 00008380
65626d726574676e6f6c65685474696562646c756f776e65657263736e757365    // raw_mem addr 0000041d;  byte addr 000083a0
626465766f72706e656562657661686e65657263736e7573666f73746966656e    // raw_mem addr 0000041e;  byte addr 000083c0
766461796d666f747365726568747361657265687773747369746e6569637379    // raw_mem addr 0000041f;  byte addr 000083e0
6f796d6e616874656c6261696c657265726f6d73697361626f6e736168656369    // raw_mem addr 00000420;  byte addr 00008400
65707369646c6c69774965636e65697265707865676e697265646e61656d6e77    // raw_mem addr 00000421;  byte addr 00008420
646e617265776f70656874796f6a6e45776f6e6563697664617369687465736e    // raw_mem addr 00000422;  byte addr 00008440
77756f59646e696d726576656e684f6874756f7972756f79666f797475616562    // raw_mem addr 00000423;  byte addr 00008460
7475616562646e617265776f70656874646e6174737265646e75746f6e6c6c69    // raw_mem addr 00000424;  byte addr 00008480
7474754264656461666576796568746c69746e756874756f7972756f79666f79    // raw_mem addr 00000425;  byte addr 000084a0
687074616b6361626b6f6f6c6c6c756f79737261657930326e69656d74737572    // raw_mem addr 00000426;  byte addr 000084c0
756f79796177616e696c6c61636572646e61666c657372756f79666f736f746f    // raw_mem addr 00000427;  byte addr 000084e0
616c7974696c69626973736f706863756d776f68776f6e7073617267746e6163    // raw_mem addr 00000428;  byte addr 00008500
6c6c616572756f7973756f6c75626166776f68646e61756f7965726f66656279    // raw_mem addr 00000429;  byte addr 00008520
6e6967616d69756f7973617461667361746f6e657261756f5964656b6f6f6c79    // raw_mem addr 0000042a;  byte addr 00008540
627972726f77724f65727574756665687474756f62617972726f77746e6f4465    // raw_mem addr 0000042b;  byte addr 00008560
6d65636e656d6d6f4373747567656e6e6f567472754b74616874776f6e6b7475    // raw_mem addr 0000042c;  byte addr 00008580
656d656c746e6567646e6173656964614c54494d746173736572646441746e65    // raw_mem addr 0000042d;  byte addr 000085a0
634966496e65657263736e7573726165573739666f7373616c63656874666f6e    // raw_mem addr 0000042e;  byte addr 000085c0
75747566656874726f66706974656e6f796c6e6f756f79726566666f646c756f    // raw_mem addr 0000042f;  byte addr 000085e0
626d726574676e6f6c65685474696562646c756f776e65657263736e75736572    // raw_mem addr 00000430;  byte addr 00008600
6465766f72706e656562657661686e65657263736e7573666f73746966656e65    // raw_mem addr 00000431;  byte addr 00008620
6461796d666f747365726568747361657265687773747369746e656963737962    // raw_mem addr 00000432;  byte addr 00008640
796d6e616874656c6261696c657265726f6d73697361626f6e73616865636976    // raw_mem addr 00000433;  byte addr 00008660
707369646c6c69774965636e65697265707865676e697265646e61656d6e776f    // raw_mem addr 00000434;  byte addr 00008680
6e617265776f70656874796f6a6e45776f6e6563697664617369687465736e65    // raw_mem addr 00000435;  byte addr 000086a0
756f59646e696d726576656e684f6874756f7972756f79666f79747561656264    // raw_mem addr 00000436;  byte addr 000086c0
75616562646e617265776f70656874646e6174737265646e75746f6e6c6c6977    // raw_mem addr 00000437;  byte addr 000086e0
74754264656461666576796568746c69746e756874756f7972756f79666f7974    // raw_mem addr 00000438;  byte addr 00008700
7074616b6361626b6f6f6c6c6c756f79737261657930326e69656d7473757274    // raw_mem addr 00000439;  byte addr 00008720
6f79796177616e696c6c61636572646e61666c657372756f79666f736f746f68    // raw_mem addr 0000043a;  byte addr 00008740
6c7974696c69626973736f706863756d776f68776f6e7073617267746e616375    // raw_mem addr 0000043b;  byte addr 00008760
6c616572756f7973756f6c75626166776f68646e61756f7965726f6665627961    // raw_mem addr 0000043c;  byte addr 00008780
6967616d69756f7973617461667361746f6e657261756f5964656b6f6f6c796c    // raw_mem addr 0000043d;  byte addr 000087a0
7972726f77724f65727574756665687474756f62617972726f77746e6f44656e    // raw_mem addr 0000043e;  byte addr 000087c0
65636e656d6d6f4373747567656e6e6f567472754b74616874776f6e6b747562    // raw_mem addr 0000043f;  byte addr 000087e0
6d656c746e6567646e6173656964614c54494d746173736572646441746e656d    // raw_mem addr 00000440;  byte addr 00008800
4966496e65657263736e7573726165573739666f7373616c63656874666f6e65    // raw_mem addr 00000441;  byte addr 00008820
747566656874726f66706974656e6f796c6e6f756f79726566666f646c756f63    // raw_mem addr 00000442;  byte addr 00008840
6d726574676e6f6c65685474696562646c756f776e65657263736e7573657275    // raw_mem addr 00000443;  byte addr 00008860
65766f72706e656562657661686e65657263736e7573666f73746966656e6562    // raw_mem addr 00000444;  byte addr 00008880
61796d666f747365726568747361657265687773747369746e65696373796264    // raw_mem addr 00000445;  byte addr 000088a0
40240000000000003f9eb851eb851eb83fb999999999999a7361686563697664    // raw_mem addr 00000446;  byte addr 000088c0
0000000000000000000000000000000000000000000000000000000080002b18    // raw_mem addr 00000447;  byte addr 000088e0
0000000000000000000000000000000000000000000000000000000000000000    // raw_mem addr 00000448;  byte addr 00008900
0000000000000000000000000000000000000000000000000000000000000000    // raw_mem addr 00000449;  byte addr 00008920
0000000000000000000000000000000000000000000000000000000000000000    // raw_mem addr 0000044a;  byte addr 00008940
@1ffffff    // last raw_mem addr;  byte addr: 3fffffe0
0000000000000000000000000000000000000000000000000000000000000000    // raw_mem addr 01ffffff;  byte addr 3fffffe0
