@0000000    // raw_mem addr;  byte addr: 00000000
4801478147014681460145814501448144014381430142814201418141014081    // raw_mem addr 00000000;  byte addr 00000000
62f94f814f014e814e014d814d014c814c014b814b014a814a01498149014881    // raw_mem addr 00000001;  byte addr 00000020
fc0272132f3202130000a21745418193000011970002d26302fe42853002a073    // raw_mem addr 00000002;  byte addr 00000040
a597242505130000a51701460015011392320115161300b570634585f1402573    // raw_mem addr 00000003;  byte addr 00000060
00b57463a0314601228585930000a597220505130000a517460128a585930000    // raw_mem addr 00000004;  byte addr 00000080
0153f00000d3f00000530030107330529073090282930000029780820511c110    // raw_mem addr 00000005;  byte addr 000000a0
0553f00004d3f0000453f00003d3f0000353f00002d3f0000253f00001d3f000    // raw_mem addr 00000006;  byte addr 000000c0
0953f00008d3f0000853f00007d3f0000753f00006d3f0000653f00005d3f000    // raw_mem addr 00000007;  byte addr 000000e0
0d53f0000cd3f0000c53f0000bd3f0000b53f0000ad3f0000a53f00009d3f000    // raw_mem addr 00000008;  byte addr 00000100
90730122829300000297f0000fd3f0000f53f0000ed3f0000e53f0000dd3f000    // raw_mem addr 00000009;  byte addr 00000120
ecaee8aae4a6e0a2fc1ef81af416f012ec0ee80ae406716d0d60006f91123052    // raw_mem addr 0000000a;  byte addr 00000140
edeee9eae5e6e1e2fd5ef95af556f152ed4ee94ae546e142fcbef8baf4b6f0b2    // raw_mem addr 0000000b;  byte addr 00000160
8002829b628934151073078000ef860a341025f334202573fdfef9faf5f6f1f2    // raw_mem addr 0000000c;  byte addr 00000180
774676a6760665e6654664a6640673e2734272a2720261e2614260a23002a073    // raw_mem addr 0000000d;  byte addr 000001a0
7f4e7eae7e0e6dee6d4e6cae6c0e7bea7b4a7aaa7a0a69ea694a68aa680a77e6    // raw_mem addr 0000000e;  byte addr 000001c0
e31ce31c0b4707130000a71727810017e7930015179b00003020007361517fee    // raw_mem addr 0000000f;  byte addr 000001e0
450145811141bff5e31ce31c57fd09e707130000a717fe5ff0efe4061141bff5    // raw_mem addr 00000010;  byte addr 00000200
0793b826bc22e4d6f8a2fc86e8d2eccef0caf4a67119fc5ff0ef7de000efe406    // raw_mem addr 00000011;  byte addr 00000220
f20007d38cfd97fdfff4c7930005049b00a7c86304e004938a3a893689ae04e0    // raw_mem addr 00000012;  byte addr 00000240
a2f727d322a50453f20007d327027b2000ef850ac21c47811a079d63a2f517d3    // raw_mem addr 00000013;  byte addr 00000260
a087b907000017974a81845ab04eb44a05090b13e0da22f78a53ac5216079163    // raw_mem addr 00000014;  byte addr 00000280
77d3766000ef2a85147d850a13277553a087b48700001797a087b98700001797    // raw_mem addr 00000015;  byte addr 000002a0
15647e63db7900f400230307879bc20797d31297f7d3a3472753a42a27020335    // raw_mem addr 00000016;  byte addr 000002c0
2a62398239226b0640890433fefb1ae3fed70fa3070507850007c683874a87a2    // raw_mem addr 00000017;  byte addr 000002e0
7a630284ec6305090a931124ea630159a02394d6000a136394ca944a05040413    // raw_mem addr 00000018;  byte addr 00000300
045327a26e8000ef0405002812947553108a8063a01998e7b487000017970354    // raw_mem addr 00000019;  byte addr 00000320
2795039007130004c7830d54fd63fc84ffe3fef40fa30307879bc20797d322a5    // raw_mem addr 0000001a;  byte addr 00000340
7a6300d7802303900613031005930300069387a602f7776300f480230ff7f793    // raw_mem addr 0000001b;  byte addr 00000360
74a6744670e600048023fee664e300e780230ff77713270517fdfff7c70302f9    // raw_mem addr 0000001c;  byte addr 00000380
00e9a02327050009a70300b78023808261097906854a34c234626aa66a4669e6    // raw_mem addr 0000001d;  byte addr 000003a0
f8e66fe304850007c70300d4802300997463b7e9fae669e30007c703000a0763    // raw_mem addr 0000001e;  byte addr 000003c0
77d38ba7348700001717a32517d38b67b90700001797b44ac7b1a2a797d3bf5d    // raw_mem addr 0000001f;  byte addr 000003e0
1553b5ed844aa43e3922fbed1297f7d33afd22f78453a32797d3cb894a811295    // raw_mem addr 00000020;  byte addr 00000400
2a62398239226b06bdc14a81844ab7ad040907a3bf8500090023b599478522a5    // raw_mem addr 00000021;  byte addr 00000420
b3f1e62686930000a6974701bbe14705bbf1e72686930000a6974705b5d1844a    // raw_mem addr 00000022;  byte addr 00000440
2891342328113c23850a842a080006132881382303850593d6010113b3e14701    // raw_mem addr 00000023;  byte addr 00000460
870a200102937f6275c27522780268e2634276e67e467ea66d2000ef29213023    // raw_mem addr 00000024;  byte addr 00000480
ff348edd83fd001796930067c7b301d7c7b38fb107218fb6631c63308f32a011    // raw_mem addr 00000025;  byte addr 000004a0
3803010438830084330300043e03fce29ae385fa852e882a88c28e7e83468ef2    // raw_mem addr 00000026;  byte addr 000004c0
86ba8f32a0219993839386f28e9a86468f4282aa8f8a11045a8283b770080184    // raw_mem addr 00000027;  byte addr 000004e0
971e01e7c7b3972e01d7f7b301e647b3000fb5838f4d0056971301b6d593862e    // raw_mem addr 00000028;  byte addr 00000500
0f936ed9f3b7fdf493e38eb682fa01d5e5b397160fa1002ede93973e01ee9593    // raw_mem addr 00000029;  byte addr 00000520
00ceceb30057179301b7529300b6ceb385f6873e862ea021ba13839302840a01    // raw_mem addr 0000002a;  byte addr 00000540
86ba8f3200deeeb397fa0fa18289979601e69e93979e97f6000fb2830057e7b3    // raw_mem addr 0000002b;  byte addr 00000560
000fb9038efa87b685f6a021cdc38393138414010f93038a23c6f3b7fdf495e3    // raw_mem addr 0000002c;  byte addr 00000580
969e005f6f3396ca00ef7f3300bef2b300beef330056e6b30057969301b7d293    // raw_mem addr 0000002d;  byte addr 000005a0
1398048a3298b4b7fdf491e3873e862e00e2ef3396b20fa1830996fa01e71293    // raw_mem addr 0000002e;  byte addr 000005c0
01dfcfb30056961301b6d29301e7cfb38f7e86b28efaa0211d64849328010393    // raw_mem addr 0000002f;  byte addr 000005e0
87b685f600ffefb3962e07218389961601e79f939626967e0007328300566633    // raw_mem addr 00000030;  byte addr 00000600
3c23011438230064342301c43023298130839576987a98fe93369e32fce395e3    // raw_mem addr 00000031;  byte addr 00000620
263761e977b74c5d773780822a010113280139032881348329013403f0080104    // raw_mem addr 00000032;  byte addr 00000640
00000617e1101f07879347668693cfe707130786103256b70706301606136745    // raw_mem addr 00000033;  byte addr 00000660
97ba003617937914751880820205382302053423f11ced14e918e51063c63603    // raw_mem addr 00000034;  byte addr 00000680
03f00793f918f51c9736ec56f44ee486f052f84a01d6571396ba715d00e7b733    // raw_mem addr 00000035;  byte addr 000006a0
9aaee0a2fc260a9a001b8a9b006b5b9be45efc060b1be85a08c7d463892e8a2a    // raw_mem addr 00000036;  byte addr 000006c0
46830014460300044783464000ef844e854e85ca040006130785049303850993    // raw_mem addr 00000037;  byte addr 000006e0
09138552fc941fe3042100f401a300e4002300d400a300c40123003447030024    // raw_mem addr 00000038;  byte addr 00000700
7a02794260a66ba26b4274e26406417b063b006b9b9bfd5911e3d43ff0ef0409    // raw_mem addr 00000039;  byte addr 00000720
0413f02202853a03e0527179b7e5038509938aaea131616179a26ae2854e85d6    // raw_mem addr 0000003a;  byte addr 00000740
892a03053983f8000713ec26f406e44ee84a00c407b303f67613003a56130385    // raw_mem addr 0000003b;  byte addr 00000760
0ae7fb63952247119f910400079308a7dc632605038007930016051300e78023    // raw_mem addr 0000003c;  byte addr 00000780
81230037c6830027c6030017c5830007c70387a207890493ebd90ae7f0634709    // raw_mem addr 0000003d;  byte addr 000007a0
458103800613c8fff0ef854afc979fe307a100e781a300d7802300c780a300b7    // raw_mem addr 0000003e;  byte addr 000007c0
002300d400a300c4012300344703002446830014460300044783174000ef8522    // raw_mem addr 0000003f;  byte addr 000007e0
854a6a0269a264e270a20b4938230b3934237402fc941fe3042100f401a300e4    // raw_mem addr 00000040;  byte addr 00000800
00050023b77507890493124000ef9522458140c7863b03800793b18161456942    // raw_mem addr 00000041;  byte addr 00000820
01a300050123000500a300050023b7f5dfa9050917f9000500a300050023b7a5    // raw_mem addr 00000042;  byte addr 00000840
f406ec266745263761e977b74c5d77377179bfd9f2e7efe30511470917f10005    // raw_mem addr 00000043;  byte addr 00000860
36030000061747668693cfe70713e1101f0787930786103256b7070630160613    // raw_mem addr 00000044;  byte addr 00000880
e44e6909e84acba984aa0005c7830205382302053423f11ced14e918e51041e6    // raw_mem addr 00000045;  byte addr 000008a0
fb750785843e0007c70302d78263a01987b2012586b30015861349850905f022    // raw_mem addr 00000046;  byte addr 000008c0
4783d9dff0ef85266609bfc985a2cb9100044783dafff0ef85269e2140c9863b    // raw_mem addr 00000047;  byte addr 000008e0
8fad71186d146910650c611cb589614564e2852670a269a269427402fbe50004    // raw_mem addr 00000048;  byte addr 00000900
859300000597002871558082b0002573808298f735230000a7178fb98fb58fb1    // raw_mem addr 00000049;  byte addr 00000920
779302c37163872a433d80826169450160aefcbff0ef0028f2bff0efe5863865    // raw_mem addr 0000004a;  byte addr 00000940
40c306b38082e211fed76de30741e70ce30c96ba8a3dff067693e1bde3c100f7    // raw_mem addr 0000004b;  byte addr 00000960
00b7052300b705a300b7062300b706a300b7072300a68067969600000297068a    // raw_mem addr 0000004c;  byte addr 00000980
00b7012300b701a300b7022300b702a300b7032300b703a300b7042300b704a3    // raw_mem addr 0000004d;  byte addr 000009a0
8dd5020596938dd5010596938dd5008596930ff5f593808200b7002300b700a3    // raw_mem addr 0000004e;  byte addr 000009c0
b79df8c371e3963e8f1d17c18096fa2680e7828696960000029700279693b759    // raw_mem addr 0000004f;  byte addr 000009e0
fceff0ef9d01b0002573fd8ff0ef4505c501f2dff0efb0002473e022e4061141    // raw_mem addr 00000050;  byte addr 00000a00
591384aac017069b464dec067ff7771343445713e04ae426e2050453e8221101    // raw_mem addr 00000051;  byte addr 00000a20
27818fd500e976b340d7573b377d001007370a06cf6302d64d630004079b4204    // raw_mem addr 00000052;  byte addr 00000a40
80826105690264a2644260e2f204055302079413e08000f977b307fe4785e7a5    // raw_mem addr 00000053;  byte addr 00000a60
8ff9fff74713d6e9268100e7f6b300e6d73bbed7071b56fd06d6466303300613    // raw_mem addr 00000054;  byte addr 00000a80
0553e2078453690264a20ae577d3e11c60e2f20787530127e7b3938119021782    // raw_mem addr 00000055;  byte addr 00000aa0
64a20ae577d3e11860e2f2070753170200e97733fff74713808261056442f204    // raw_mem addr 00000056;  byte addr 00000ac0
02f7f7d3f20407d3e51d03e000efa088808261056442f2040553e20784536902    // raw_mem addr 00000057;  byte addr 00000ae0
690264a2e11c178200f977b3644260e2f204055307fe4785b7ada09ce2078453    // raw_mem addr 00000058;  byte addr 00000b00
0427f713ef0945090187f713e20517d3b789140200897433047e440580826105    // raw_mem addr 00000059;  byte addr 00000b20
00c508b38b9d00a5c7b3808200f035330817f793e709450d0247f713eb094511    // raw_mem addr 0000005a;  byte addr 00000b40
06d7c8630400079340e606b3ff88f613ebb9872a0075779304c7f463479de7b1    // raw_mem addr 0000005b;  byte addr 00000b60
9be18f99fff60793fec7eae3ff07bc2306a107a10006b80302c7716387ba86ae    // raw_mem addr 0000005c;  byte addr 00000b80
9ae3fef70fa3058507050005c78303157e63872a80820117666395be973e07a1    // raw_mem addr 0000005d;  byte addr 00000ba0
0077779307050005c683dfd10585fed70fa30077779307050005c6838082fee8    // raw_mem addr 0000005e;  byte addr 00000bc0
0105bf830085b2830005b38304000413e42211418082b761fff90585fed70fa3    // raw_mem addr 0000005f;  byte addr 00000be0
3c2340e607b30487071361b40385b8030305b3030285be030205be830185bf03    // raw_mem addr 00000060;  byte addr 00000c00
3c23ff073823fe673423ffc73023fdd73c23fde73823fdf73423fc573023fa77    // raw_mem addr 00000061;  byte addr 00000c20
eae3ff07bc2306a107a10006b80302c7716387ba86aefaf447e304858593fed7    // raw_mem addr 00000062;  byte addr 00000c40
07050005c7838082014164220117656395be973e07a19be18f99fff60793fec7    // raw_mem addr 00000063;  byte addr 00000c60
00000000bfe9fee892e3fef70fa3058507050005c783fee887e3fef70fa30585    // raw_mem addr 00000064;  byte addr 00000c80
00000000efcdab8940240000000000003f9eb851eb851eb83fb999999999999a    // raw_mem addr 00000065;  byte addr 00000ca0
494d746173736572646441746e656d65636e656d6d6f4373747567656e6e6f56    // raw_mem addr 00000066;  byte addr 00000cc0
39666f7373616c63656874666f6e656d656c746e6567646e6173656964614c54    // raw_mem addr 00000067;  byte addr 00000ce0
6e6f756f79726566666f646c756f634966496e65657263736e75737261655737    // raw_mem addr 00000068;  byte addr 00000d00
756f776e65657263736e7573657275747566656874726f66706974656e6f796c    // raw_mem addr 00000069;  byte addr 00000d20
63736e7573666f73746966656e65626d726574676e6f6c65685474696562646c    // raw_mem addr 0000006a;  byte addr 00000d40
687773747369746e6569637379626465766f72706e656562657661686e656572    // raw_mem addr 0000006b;  byte addr 00000d60
73697361626f6e736168656369766461796d666f747365726568747361657265    // raw_mem addr 0000006c;  byte addr 00000d80
65676e697265646e61656d6e776f796d6e616874656c6261696c657265726f6d    // raw_mem addr 0000006d;  byte addr 00000da0
6563697664617369687465736e65707369646c6c69774965636e656972657078    // raw_mem addr 0000006e;  byte addr 00000dc0
7972756f79666f797475616562646e617265776f70656874796f6a6e45776f6e    // raw_mem addr 0000006f;  byte addr 00000de0
74737265646e75746f6e6c6c6977756f59646e696d726576656e684f6874756f    // raw_mem addr 00000070;  byte addr 00000e00
636e656d6d6f4373747567656e6e6f567472754b617265776f70656874646e61    // raw_mem addr 00000071;  byte addr 00000e20
656c746e6567646e6173656964614c54494d746173736572646441746e656d65    // raw_mem addr 00000072;  byte addr 00000e40
66496e65657263736e7573726165573739666f7373616c63656874666f6e656d    // raw_mem addr 00000073;  byte addr 00000e60
7566656874726f66706974656e6f796c6e6f756f79726566666f646c756f6349    // raw_mem addr 00000074;  byte addr 00000e80
726574676e6f6c65685474696562646c756f776e65657263736e757365727574    // raw_mem addr 00000075;  byte addr 00000ea0
766f72706e656562657661686e65657263736e7573666f73746966656e65626d    // raw_mem addr 00000076;  byte addr 00000ec0
796d666f747365726568747361657265687773747369746e6569637379626465    // raw_mem addr 00000077;  byte addr 00000ee0
6e616874656c6261696c657265726f6d73697361626f6e736168656369766461    // raw_mem addr 00000078;  byte addr 00000f00
69646c6c69774965636e65697265707865676e697265646e61656d6e776f796d    // raw_mem addr 00000079;  byte addr 00000f20
7265776f70656874796f6a6e45776f6e6563697664617369687465736e657073    // raw_mem addr 0000007a;  byte addr 00000f40
59646e696d726576656e684f6874756f7972756f79666f797475616562646e61    // raw_mem addr 0000007b;  byte addr 00000f60
6562646e617265776f70656874646e6174737265646e75746f6e6c6c6977756f    // raw_mem addr 0000007c;  byte addr 00000f80
4264656461666576796568746c69746e756874756f7972756f79666f79747561    // raw_mem addr 0000007d;  byte addr 00000fa0
616b6361626b6f6f6c6c6c756f79737261657930326e69656d74737572747475    // raw_mem addr 0000007e;  byte addr 00000fc0
796177616e696c6c61636572646e61666c657372756f79666f736f746f687074    // raw_mem addr 0000007f;  byte addr 00000fe0
74696c69626973736f706863756d776f68776f6e7073617267746e6163756f79    // raw_mem addr 00000080;  byte addr 00001000
6572756f7973756f6c75626166776f68646e61756f7965726f66656279616c79    // raw_mem addr 00000081;  byte addr 00001020
616d69756f7973617461667361746f6e657261756f5964656b6f6f6c796c6c61    // raw_mem addr 00000082;  byte addr 00001040
726f77724f65727574756665687474756f62617972726f77746e6f44656e6967    // raw_mem addr 00000083;  byte addr 00001060
6e6e6f567472754b7567656e6e6f567472754b74616874776f6e6b7475627972    // raw_mem addr 00000084;  byte addr 00001080
64614c54494d746173736572646441746e656d65636e656d6d6f437374756765    // raw_mem addr 00000085;  byte addr 000010a0
6165573739666f7373616c63656874666f6e656d656c746e6567646e61736569    // raw_mem addr 00000086;  byte addr 000010c0
6e6f796c6e6f756f79726566666f646c756f634966496e65657263736e757372    // raw_mem addr 00000087;  byte addr 000010e0
6562646c756f776e65657263736e7573657275747566656874726f6670697465    // raw_mem addr 00000088;  byte addr 00001100
6e65657263736e7573666f73746966656e65626d726574676e6f6c6568547469    // raw_mem addr 00000089;  byte addr 00001120
61657265687773747369746e6569637379626465766f72706e65656265766168    // raw_mem addr 0000008a;  byte addr 00001140
65726f6d73697361626f6e736168656369766461796d666f7473657265687473    // raw_mem addr 0000008b;  byte addr 00001160
7265707865676e697265646e61656d6e776f796d6e616874656c6261696c6572    // raw_mem addr 0000008c;  byte addr 00001180
45776f6e6563697664617369687465736e65707369646c6c69774965636e6569    // raw_mem addr 0000008d;  byte addr 000011a0
6874756f7972756f79666f797475616562646e617265776f70656874796f6a6e    // raw_mem addr 0000008e;  byte addr 000011c0
74646e6174737265646e75746f6e6c6c6977756f59646e696d726576656e684f    // raw_mem addr 0000008f;  byte addr 000011e0
6c69746e756874756f7972756f79666f797475616562646e617265776f706568    // raw_mem addr 00000090;  byte addr 00001200
6f79737261657930326e69656d74737572747475426465646166657679656874    // raw_mem addr 00000091;  byte addr 00001220
646e61666c657372756f79666f736f746f687074616b6361626b6f6f6c6c6c75    // raw_mem addr 00000092;  byte addr 00001240
756d776f68776f6e7073617267746e6163756f79796177616e696c6c61636572    // raw_mem addr 00000093;  byte addr 00001260
66776f68646e61756f7965726f66656279616c7974696c69626973736f706863    // raw_mem addr 00000094;  byte addr 00001280
61746f6e657261756f5964656b6f6f6c796c6c616572756f7973756f6c756261    // raw_mem addr 00000095;  byte addr 000012a0
4d746173736572646441746e656d65636e656d6d6f4373747567656e6e6f5673    // raw_mem addr 00000096;  byte addr 000012c0
666f7373616c63656874666f6e656d656c746e6567646e6173656964614c5449    // raw_mem addr 00000097;  byte addr 000012e0
6f756f79726566666f646c756f634966496e65657263736e7573726165573739    // raw_mem addr 00000098;  byte addr 00001300
6f776e65657263736e7573657275747566656874726f66706974656e6f796c6e    // raw_mem addr 00000099;  byte addr 00001320
736e7573666f73746966656e65626d726574676e6f6c65685474696562646c75    // raw_mem addr 0000009a;  byte addr 00001340
7773747369746e6569637379626465766f72706e656562657661686e65657263    // raw_mem addr 0000009b;  byte addr 00001360
697361626f6e736168656369766461796d666f74736572656874736165726568    // raw_mem addr 0000009c;  byte addr 00001380
676e697265646e61656d6e776f796d6e616874656c6261696c657265726f6d73    // raw_mem addr 0000009d;  byte addr 000013a0
63697664617369687465736e65707369646c6c69774965636e65697265707865    // raw_mem addr 0000009e;  byte addr 000013c0
72756f79666f797475616562646e617265776f70656874796f6a6e45776f6e65    // raw_mem addr 0000009f;  byte addr 000013e0
737265646e75746f6e6c6c6977756f59646e696d726576656e684f6874756f79    // raw_mem addr 000000a0;  byte addr 00001400
6e656d6d6f4373747567656e6e6f567472754b617265776f70656874646e6174    // raw_mem addr 000000a1;  byte addr 00001420
6c746e6567646e6173656964614c54494d746173736572646441746e656d6563    // raw_mem addr 000000a2;  byte addr 00001440
496e65657263736e7573726165573739666f7373616c63656874666f6e656d65    // raw_mem addr 000000a3;  byte addr 00001460
66656874726f66706974656e6f796c6e6f756f79726566666f646c756f634966    // raw_mem addr 000000a4;  byte addr 00001480
6574676e6f6c65685474696562646c756f776e65657263736e75736572757475    // raw_mem addr 000000a5;  byte addr 000014a0
6f72706e656562657661686e65657263736e7573666f73746966656e65626d72    // raw_mem addr 000000a6;  byte addr 000014c0
6d666f747365726568747361657265687773747369746e656963737962646576    // raw_mem addr 000000a7;  byte addr 000014e0
73747567656e6e6f56657265726f6d73697361626f6e73616865636976646179    // raw_mem addr 000000a8;  byte addr 00001500
6e6173656964614c54494d746173736572646441746e656d65636e656d6d6f43    // raw_mem addr 000000a9;  byte addr 00001520
736e7573726165573739666f7373616c63656874666f6e656d656c746e656764    // raw_mem addr 000000aa;  byte addr 00001540
66706974656e6f796c6e6f756f79726566666f646c756f634966496e65657263    // raw_mem addr 000000ab;  byte addr 00001560
65685474696562646c756f776e65657263736e7573657275747566656874726f    // raw_mem addr 000000ac;  byte addr 00001580
62657661686e65657263736e7573666f73746966656e65626d726574676e6f6c    // raw_mem addr 000000ad;  byte addr 000015a0
726568747361657265687773747369746e6569637379626465766f72706e6565    // raw_mem addr 000000ae;  byte addr 000015c0
61696c657265726f6d73697361626f6e736168656369766461796d666f747365    // raw_mem addr 000000af;  byte addr 000015e0
65636e65697265707865676e697265646e61656d6e776f796d6e616874656c62    // raw_mem addr 000000b0;  byte addr 00001600
74796f6a6e45776f6e6563697664617369687465736e65707369646c6c697749    // raw_mem addr 000000b1;  byte addr 00001620
76656e684f6874756f7972756f79666f797475616562646e617265776f706568    // raw_mem addr 000000b2;  byte addr 00001640
776f70656874646e6174737265646e75746f6e6c6c6977756f59646e696d7265    // raw_mem addr 000000b3;  byte addr 00001660
72646441746e656d65636e656d6d6f4373747567656e6e6f567472754b617265    // raw_mem addr 000000b4;  byte addr 00001680
63656874666f6e656d656c746e6567646e6173656964614c54494d7461737365    // raw_mem addr 000000b5;  byte addr 000016a0
66666f646c756f634966496e65657263736e7573726165573739666f7373616c    // raw_mem addr 000000b6;  byte addr 000016c0
63736e7573657275747566656874726f66706974656e6f796c6e6f756f797265    // raw_mem addr 000000b7;  byte addr 000016e0
73746966656e65626d726574676e6f6c65685474696562646c756f776e656572    // raw_mem addr 000000b8;  byte addr 00001700
6e6569637379626465766f72706e656562657661686e65657263736e7573666f    // raw_mem addr 000000b9;  byte addr 00001720
736168656369766461796d666f74736572656874736165726568777374736974    // raw_mem addr 000000ba;  byte addr 00001740
6e61656d6e776f796d6e616874656c6261696c657265726f6d73697361626f6e    // raw_mem addr 000000bb;  byte addr 00001760
69687465736e65707369646c6c69774965636e65697265707865676e69726564    // raw_mem addr 000000bc;  byte addr 00001780
797475616562646e617265776f70656874796f6a6e45776f6e65636976646173    // raw_mem addr 000000bd;  byte addr 000017a0
746f6e6c6c6977756f59646e696d726576656e684f6874756f7972756f79666f    // raw_mem addr 000000be;  byte addr 000017c0
756f79666f797475616562646e617265776f70656874646e6174737265646e75    // raw_mem addr 000000bf;  byte addr 000017e0
656d747375727474754264656461666576796568746c69746e756874756f7972    // raw_mem addr 000000c0;  byte addr 00001800
666f736f746f687074616b6361626b6f6f6c6c6c756f79737261657930326e69    // raw_mem addr 000000c1;  byte addr 00001820
7267746e6163756f79796177616e696c6c61636572646e61666c657372756f79    // raw_mem addr 000000c2;  byte addr 00001840
726f66656279616c7974696c69626973736f706863756d776f68776f6e707361    // raw_mem addr 000000c3;  byte addr 00001860
656b6f6f6c796c6c616572756f7973756f6c75626166776f68646e61756f7965    // raw_mem addr 000000c4;  byte addr 00001880
77746e6f44656e6967616d69756f7973617461667361746f6e657261756f5964    // raw_mem addr 000000c5;  byte addr 000018a0
776f6e6b7475627972726f77724f65727574756665687474756f62617972726f    // raw_mem addr 000000c6;  byte addr 000018c0
6d6d6f4373747567656e6e6f567472754b7567656e6e6f567472754b74616874    // raw_mem addr 000000c7;  byte addr 000018e0
6e6567646e6173656964614c54494d746173736572646441746e656d65636e65    // raw_mem addr 000000c8;  byte addr 00001900
65657263736e7573726165573739666f7373616c63656874666f6e656d656c74    // raw_mem addr 000000c9;  byte addr 00001920
6874726f66706974656e6f796c6e6f756f79726566666f646c756f634966496e    // raw_mem addr 000000ca;  byte addr 00001940
676e6f6c65685474696562646c756f776e65657263736e757365727574756665    // raw_mem addr 000000cb;  byte addr 00001960
706e656562657661686e65657263736e7573666f73746966656e65626d726574    // raw_mem addr 000000cc;  byte addr 00001980
6f747365726568747361657265687773747369746e6569637379626465766f72    // raw_mem addr 000000cd;  byte addr 000019a0
74656c6261696c657265726f6d73697361626f6e736168656369766461796d66    // raw_mem addr 000000ce;  byte addr 000019c0
6c69774965636e65697265707865676e697265646e61656d6e776f796d6e6168    // raw_mem addr 000000cf;  byte addr 000019e0
6f70656874796f6a6e45776f6e6563697664617369687465736e65707369646c    // raw_mem addr 000000d0;  byte addr 00001a00
696d726576656e684f6874756f7972756f79666f797475616562646e61726577    // raw_mem addr 000000d1;  byte addr 00001a20
6e617265776f70656874646e6174737265646e75746f6e6c6c6977756f59646e    // raw_mem addr 000000d2;  byte addr 00001a40
6461666576796568746c69746e756874756f7972756f79666f79747561656264    // raw_mem addr 000000d3;  byte addr 00001a60
61626b6f6f6c6c6c756f79737261657930326e69656d74737572747475426465    // raw_mem addr 000000d4;  byte addr 00001a80
616e696c6c61636572646e61666c657372756f79666f736f746f687074616b63    // raw_mem addr 000000d5;  byte addr 00001aa0
69626973736f706863756d776f68776f6e7073617267746e6163756f79796177    // raw_mem addr 000000d6;  byte addr 00001ac0
6f7973756f6c75626166776f68646e61756f7965726f66656279616c7974696c    // raw_mem addr 000000d7;  byte addr 00001ae0
747567656e6e6f567361746f6e657261756f5964656b6f6f6c796c6c61657275    // raw_mem addr 000000d8;  byte addr 00001b00
6173656964614c54494d746173736572646441746e656d65636e656d6d6f4373    // raw_mem addr 000000d9;  byte addr 00001b20
6e7573726165573739666f7373616c63656874666f6e656d656c746e6567646e    // raw_mem addr 000000da;  byte addr 00001b40
706974656e6f796c6e6f756f79726566666f646c756f634966496e6565726373    // raw_mem addr 000000db;  byte addr 00001b60
685474696562646c756f776e65657263736e7573657275747566656874726f66    // raw_mem addr 000000dc;  byte addr 00001b80
657661686e65657263736e7573666f73746966656e65626d726574676e6f6c65    // raw_mem addr 000000dd;  byte addr 00001ba0
6568747361657265687773747369746e6569637379626465766f72706e656562    // raw_mem addr 000000de;  byte addr 00001bc0
696c657265726f6d73697361626f6e736168656369766461796d666f74736572    // raw_mem addr 000000df;  byte addr 00001be0
636e65697265707865676e697265646e61656d6e776f796d6e616874656c6261    // raw_mem addr 000000e0;  byte addr 00001c00
796f6a6e45776f6e6563697664617369687465736e65707369646c6c69774965    // raw_mem addr 000000e1;  byte addr 00001c20
656e684f6874756f7972756f79666f797475616562646e617265776f70656874    // raw_mem addr 000000e2;  byte addr 00001c40
6f70656874646e6174737265646e75746f6e6c6c6977756f59646e696d726576    // raw_mem addr 000000e3;  byte addr 00001c60
646441746e656d65636e656d6d6f4373747567656e6e6f567472754b61726577    // raw_mem addr 000000e4;  byte addr 00001c80
656874666f6e656d656c746e6567646e6173656964614c54494d746173736572    // raw_mem addr 000000e5;  byte addr 00001ca0
666f646c756f634966496e65657263736e7573726165573739666f7373616c63    // raw_mem addr 000000e6;  byte addr 00001cc0
736e7573657275747566656874726f66706974656e6f796c6e6f756f79726566    // raw_mem addr 000000e7;  byte addr 00001ce0
746966656e65626d726574676e6f6c65685474696562646c756f776e65657263    // raw_mem addr 000000e8;  byte addr 00001d00
6569637379626465766f72706e656562657661686e65657263736e7573666f73    // raw_mem addr 000000e9;  byte addr 00001d20
6168656369766461796d666f747365726568747361657265687773747369746e    // raw_mem addr 000000ea;  byte addr 00001d40
61656d6e776f796d6e616874656c6261696c657265726f6d73697361626f6e73    // raw_mem addr 000000eb;  byte addr 00001d60
687465736e65707369646c6c69774965636e65697265707865676e697265646e    // raw_mem addr 000000ec;  byte addr 00001d80
7475616562646e617265776f70656874796f6a6e45776f6e6563697664617369    // raw_mem addr 000000ed;  byte addr 00001da0
6f6e6c6c6977756f59646e696d726576656e684f6874756f7972756f79666f79    // raw_mem addr 000000ee;  byte addr 00001dc0
6f79666f797475616562646e617265776f70656874646e6174737265646e7574    // raw_mem addr 000000ef;  byte addr 00001de0
6d747375727474754264656461666576796568746c69746e756874756f797275    // raw_mem addr 000000f0;  byte addr 00001e00
6f736f746f687074616b6361626b6f6f6c6c6c756f79737261657930326e6965    // raw_mem addr 000000f1;  byte addr 00001e20
67746e6163756f79796177616e696c6c61636572646e61666c657372756f7966    // raw_mem addr 000000f2;  byte addr 00001e40
6f66656279616c7974696c69626973736f706863756d776f68776f6e70736172    // raw_mem addr 000000f3;  byte addr 00001e60
6b6f6f6c796c6c616572756f7973756f6c75626166776f68646e61756f796572    // raw_mem addr 000000f4;  byte addr 00001e80
746e6f44656e6967616d69756f7973617461667361746f6e657261756f596465    // raw_mem addr 000000f5;  byte addr 00001ea0
6f6e6b7475627972726f77724f65727574756665687474756f62617972726f77    // raw_mem addr 000000f6;  byte addr 00001ec0
6d6f4373747567656e6e6f567472754b7567656e6e6f567472754b7461687477    // raw_mem addr 000000f7;  byte addr 00001ee0
6567646e6173656964614c54494d746173736572646441746e656d65636e656d    // raw_mem addr 000000f8;  byte addr 00001f00
657263736e7573726165573739666f7373616c63656874666f6e656d656c746e    // raw_mem addr 000000f9;  byte addr 00001f20
74726f66706974656e6f796c6e6f756f79726566666f646c756f634966496e65    // raw_mem addr 000000fa;  byte addr 00001f40
6e6f6c65685474696562646c756f776e65657263736e75736572757475666568    // raw_mem addr 000000fb;  byte addr 00001f60
6e656562657661686e65657263736e7573666f73746966656e65626d72657467    // raw_mem addr 000000fc;  byte addr 00001f80
747365726568747361657265687773747369746e6569637379626465766f7270    // raw_mem addr 000000fd;  byte addr 00001fa0
656c6261696c657265726f6d73697361626f6e736168656369766461796d666f    // raw_mem addr 000000fe;  byte addr 00001fc0
69774965636e65697265707865676e697265646e61656d6e776f796d6e616874    // raw_mem addr 000000ff;  byte addr 00001fe0
70656874796f6a6e45776f6e6563697664617369687465736e65707369646c6c    // raw_mem addr 00000100;  byte addr 00002000
6d726576656e684f6874756f7972756f79666f797475616562646e617265776f    // raw_mem addr 00000101;  byte addr 00002020
617265776f70656874646e6174737265646e75746f6e6c6c6977756f59646e69    // raw_mem addr 00000102;  byte addr 00002040
61666576796568746c69746e756874756f7972756f79666f797475616562646e    // raw_mem addr 00000103;  byte addr 00002060
626b6f6f6c6c6c756f79737261657930326e69656d7473757274747542646564    // raw_mem addr 00000104;  byte addr 00002080
6e696c6c61636572646e61666c657372756f79666f736f746f687074616b6361    // raw_mem addr 00000105;  byte addr 000020a0
626973736f706863756d776f68776f6e7073617267746e6163756f7979617761    // raw_mem addr 00000106;  byte addr 000020c0
7973756f6c75626166776f68646e61756f7965726f66656279616c7974696c69    // raw_mem addr 00000107;  byte addr 000020e0
7567656e6e6f567361746f6e657261756f5964656b6f6f6c796c6c616572756f    // raw_mem addr 00000108;  byte addr 00002100
73656964614c54494d746173736572646441746e656d65636e656d6d6f437374    // raw_mem addr 00000109;  byte addr 00002120
7573726165573739666f7373616c63656874666f6e656d656c746e6567646e61    // raw_mem addr 0000010a;  byte addr 00002140
6974656e6f796c6e6f756f79726566666f646c756f634966496e65657263736e    // raw_mem addr 0000010b;  byte addr 00002160
5474696562646c756f776e65657263736e7573657275747566656874726f6670    // raw_mem addr 0000010c;  byte addr 00002180
7661686e65657263736e7573666f73746966656e65626d726574676e6f6c6568    // raw_mem addr 0000010d;  byte addr 000021a0
68747361657265687773747369746e6569637379626465766f72706e65656265    // raw_mem addr 0000010e;  byte addr 000021c0
6c657265726f6d73697361626f6e736168656369766461796d666f7473657265    // raw_mem addr 0000010f;  byte addr 000021e0
6e65697265707865676e697265646e61656d6e776f796d6e616874656c626169    // raw_mem addr 00000110;  byte addr 00002200
6f6a6e45776f6e6563697664617369687465736e65707369646c6c6977496563    // raw_mem addr 00000111;  byte addr 00002220
6e684f6874756f7972756f79666f797475616562646e617265776f7065687479    // raw_mem addr 00000112;  byte addr 00002240
70656874646e6174737265646e75746f6e6c6c6977756f59646e696d72657665    // raw_mem addr 00000113;  byte addr 00002260
6441746e656d65636e656d6d6f4373747567656e6e6f567472754b617265776f    // raw_mem addr 00000114;  byte addr 00002280
6874666f6e656d656c746e6567646e6173656964614c54494d74617373657264    // raw_mem addr 00000115;  byte addr 000022a0
6f646c756f634966496e65657263736e7573726165573739666f7373616c6365    // raw_mem addr 00000116;  byte addr 000022c0
6e7573657275747566656874726f66706974656e6f796c6e6f756f7972656666    // raw_mem addr 00000117;  byte addr 000022e0
6966656e65626d726574676e6f6c65685474696562646c756f776e6565726373    // raw_mem addr 00000118;  byte addr 00002300
69637379626465766f72706e656562657661686e65657263736e7573666f7374    // raw_mem addr 00000119;  byte addr 00002320
68656369766461796d666f747365726568747361657265687773747369746e65    // raw_mem addr 0000011a;  byte addr 00002340
656d6e776f796d6e616874656c6261696c657265726f6d73697361626f6e7361    // raw_mem addr 0000011b;  byte addr 00002360
7465736e65707369646c6c69774965636e65697265707865676e697265646e61    // raw_mem addr 0000011c;  byte addr 00002380
75616562646e617265776f70656874796f6a6e45776f6e656369766461736968    // raw_mem addr 0000011d;  byte addr 000023a0
6e6c6c6977756f59646e696d726576656e684f6874756f7972756f79666f7974    // raw_mem addr 0000011e;  byte addr 000023c0
79666f797475616562646e617265776f70656874646e6174737265646e75746f    // raw_mem addr 0000011f;  byte addr 000023e0
747375727474754264656461666576796568746c69746e756874756f7972756f    // raw_mem addr 00000120;  byte addr 00002400
736f746f687074616b6361626b6f6f6c6c6c756f79737261657930326e69656d    // raw_mem addr 00000121;  byte addr 00002420
746e6163756f79796177616e696c6c61636572646e61666c657372756f79666f    // raw_mem addr 00000122;  byte addr 00002440
66656279616c7974696c69626973736f706863756d776f68776f6e7073617267    // raw_mem addr 00000123;  byte addr 00002460
6f6f6c796c6c616572756f7973756f6c75626166776f68646e61756f7965726f    // raw_mem addr 00000124;  byte addr 00002480
6e6f44656e6967616d69756f7973617461667361746f6e657261756f5964656b    // raw_mem addr 00000125;  byte addr 000024a0
6e6b7475627972726f77724f65727574756665687474756f62617972726f7774    // raw_mem addr 00000126;  byte addr 000024c0
6f4373747567656e6e6f567472754b7567656e6e6f567472754b74616874776f    // raw_mem addr 00000127;  byte addr 000024e0
67646e6173656964614c54494d746173736572646441746e656d65636e656d6d    // raw_mem addr 00000128;  byte addr 00002500
7263736e7573726165573739666f7373616c63656874666f6e656d656c746e65    // raw_mem addr 00000129;  byte addr 00002520
726f66706974656e6f796c6e6f756f79726566666f646c756f634966496e6565    // raw_mem addr 0000012a;  byte addr 00002540
6f6c65685474696562646c756f776e65657263736e7573657275747566656874    // raw_mem addr 0000012b;  byte addr 00002560
656562657661686e65657263736e7573666f73746966656e65626d726574676e    // raw_mem addr 0000012c;  byte addr 00002580
7365726568747361657265687773747369746e6569637379626465766f72706e    // raw_mem addr 0000012d;  byte addr 000025a0
6c6261696c657265726f6d73697361626f6e736168656369766461796d666f74    // raw_mem addr 0000012e;  byte addr 000025c0
774965636e65697265707865676e697265646e61656d6e776f796d6e61687465    // raw_mem addr 0000012f;  byte addr 000025e0
656874796f6a6e45776f6e6563697664617369687465736e65707369646c6c69    // raw_mem addr 00000130;  byte addr 00002600
726576656e684f6874756f7972756f79666f797475616562646e617265776f70    // raw_mem addr 00000131;  byte addr 00002620
7265776f70656874646e6174737265646e75746f6e6c6c6977756f59646e696d    // raw_mem addr 00000132;  byte addr 00002640
666576796568746c69746e756874756f7972756f79666f797475616562646e61    // raw_mem addr 00000133;  byte addr 00002660
6b6f6f6c6c6c756f79737261657930326e69656d747375727474754264656461    // raw_mem addr 00000134;  byte addr 00002680
696c6c61636572646e61666c657372756f79666f736f746f687074616b636162    // raw_mem addr 00000135;  byte addr 000026a0
6973736f706863756d776f68776f6e7073617267746e6163756f79796177616e    // raw_mem addr 00000136;  byte addr 000026c0
73756f6c75626166776f68646e61756f7965726f66656279616c7974696c6962    // raw_mem addr 00000137;  byte addr 000026e0
67656e6e6f567361746f6e657261756f5964656b6f6f6c796c6c616572756f79    // raw_mem addr 00000138;  byte addr 00002700
656964614c54494d746173736572646441746e656d65636e656d6d6f43737475    // raw_mem addr 00000139;  byte addr 00002720
73726165573739666f7373616c63656874666f6e656d656c746e6567646e6173    // raw_mem addr 0000013a;  byte addr 00002740
74656e6f796c6e6f756f79726566666f646c756f634966496e65657263736e75    // raw_mem addr 0000013b;  byte addr 00002760
74696562646c756f776e65657263736e7573657275747566656874726f667069    // raw_mem addr 0000013c;  byte addr 00002780
61686e65657263736e7573666f73746966656e65626d726574676e6f6c656854    // raw_mem addr 0000013d;  byte addr 000027a0
747361657265687773747369746e6569637379626465766f72706e6565626576    // raw_mem addr 0000013e;  byte addr 000027c0
657265726f6d73697361626f6e736168656369766461796d666f747365726568    // raw_mem addr 0000013f;  byte addr 000027e0
65697265707865676e697265646e61656d6e776f796d6e616874656c6261696c    // raw_mem addr 00000140;  byte addr 00002800
6a6e45776f6e6563697664617369687465736e65707369646c6c69774965636e    // raw_mem addr 00000141;  byte addr 00002820
684f6874756f7972756f79666f797475616562646e617265776f70656874796f    // raw_mem addr 00000142;  byte addr 00002840
656874646e6174737265646e75746f6e6c6c6977756f59646e696d726576656e    // raw_mem addr 00000143;  byte addr 00002860
41746e656d65636e656d6d6f4373747567656e6e6f567472754b617265776f70    // raw_mem addr 00000144;  byte addr 00002880
74666f6e656d656c746e6567646e6173656964614c54494d7461737365726464    // raw_mem addr 00000145;  byte addr 000028a0
646c756f634966496e65657263736e7573726165573739666f7373616c636568    // raw_mem addr 00000146;  byte addr 000028c0
7573657275747566656874726f66706974656e6f796c6e6f756f79726566666f    // raw_mem addr 00000147;  byte addr 000028e0
66656e65626d726574676e6f6c65685474696562646c756f776e65657263736e    // raw_mem addr 00000148;  byte addr 00002900
637379626465766f72706e656562657661686e65657263736e7573666f737469    // raw_mem addr 00000149;  byte addr 00002920
656369766461796d666f747365726568747361657265687773747369746e6569    // raw_mem addr 0000014a;  byte addr 00002940
6d6e776f796d6e616874656c6261696c657265726f6d73697361626f6e736168    // raw_mem addr 0000014b;  byte addr 00002960
65736e65707369646c6c69774965636e65697265707865676e697265646e6165    // raw_mem addr 0000014c;  byte addr 00002980
616562646e617265776f70656874796f6a6e45776f6e65636976646173696874    // raw_mem addr 0000014d;  byte addr 000029a0
6c6c6977756f59646e696d726576656e684f6874756f7972756f79666f797475    // raw_mem addr 0000014e;  byte addr 000029c0
666f797475616562646e617265776f70656874646e6174737265646e75746f6e    // raw_mem addr 0000014f;  byte addr 000029e0
7375727474754264656461666576796568746c69746e756874756f7972756f79    // raw_mem addr 00000150;  byte addr 00002a00
6f746f687074616b6361626b6f6f6c6c6c756f79737261657930326e69656d74    // raw_mem addr 00000151;  byte addr 00002a20
6e6163756f79796177616e696c6c61636572646e61666c657372756f79666f73    // raw_mem addr 00000152;  byte addr 00002a40
656279616c7974696c69626973736f706863756d776f68776f6e707361726774    // raw_mem addr 00000153;  byte addr 00002a60
6f6c796c6c616572756f7973756f6c75626166776f68646e61756f7965726f66    // raw_mem addr 00000154;  byte addr 00002a80
6f44656e6967616d69756f7973617461667361746f6e657261756f5964656b6f    // raw_mem addr 00000155;  byte addr 00002aa0
6b7475627972726f77724f65727574756665687474756f62617972726f77746e    // raw_mem addr 00000156;  byte addr 00002ac0
4373747567656e6e6f567472754b7567656e6e6f567472754b74616874776f6e    // raw_mem addr 00000157;  byte addr 00002ae0
646e6173656964614c54494d746173736572646441746e656d65636e656d6d6f    // raw_mem addr 00000158;  byte addr 00002b00
63736e7573726165573739666f7373616c63656874666f6e656d656c746e6567    // raw_mem addr 00000159;  byte addr 00002b20
6f66706974656e6f796c6e6f756f79726566666f646c756f634966496e656572    // raw_mem addr 0000015a;  byte addr 00002b40
6c65685474696562646c756f776e65657263736e757365727574756665687472    // raw_mem addr 0000015b;  byte addr 00002b60
6562657661686e65657263736e7573666f73746966656e65626d726574676e6f    // raw_mem addr 0000015c;  byte addr 00002b80
65726568747361657265687773747369746e6569637379626465766f72706e65    // raw_mem addr 0000015d;  byte addr 00002ba0
6261696c657265726f6d73697361626f6e736168656369766461796d666f7473    // raw_mem addr 0000015e;  byte addr 00002bc0
4965636e65697265707865676e697265646e61656d6e776f796d6e616874656c    // raw_mem addr 0000015f;  byte addr 00002be0
6874796f6a6e45776f6e6563697664617369687465736e65707369646c6c6977    // raw_mem addr 00000160;  byte addr 00002c00
6576656e684f6874756f7972756f79666f797475616562646e617265776f7065    // raw_mem addr 00000161;  byte addr 00002c20
65776f70656874646e6174737265646e75746f6e6c6c6977756f59646e696d72    // raw_mem addr 00000162;  byte addr 00002c40
6576796568746c69746e756874756f7972756f79666f797475616562646e6172    // raw_mem addr 00000163;  byte addr 00002c60
6f6f6c6c6c756f79737261657930326e69656d74737572747475426465646166    // raw_mem addr 00000164;  byte addr 00002c80
6c6c61636572646e61666c657372756f79666f736f746f687074616b6361626b    // raw_mem addr 00000165;  byte addr 00002ca0
73736f706863756d776f68776f6e7073617267746e6163756f79796177616e69    // raw_mem addr 00000166;  byte addr 00002cc0
756f6c75626166776f68646e61756f7965726f66656279616c7974696c696269    // raw_mem addr 00000167;  byte addr 00002ce0
656e6e6f567361746f6e657261756f5964656b6f6f6c796c6c616572756f7973    // raw_mem addr 00000168;  byte addr 00002d00
6964614c54494d746173736572646441746e656d65636e656d6d6f4373747567    // raw_mem addr 00000169;  byte addr 00002d20
726165573739666f7373616c63656874666f6e656d656c746e6567646e617365    // raw_mem addr 0000016a;  byte addr 00002d40
656e6f796c6e6f756f79726566666f646c756f634966496e65657263736e7573    // raw_mem addr 0000016b;  byte addr 00002d60
696562646c756f776e65657263736e7573657275747566656874726f66706974    // raw_mem addr 0000016c;  byte addr 00002d80
686e65657263736e7573666f73746966656e65626d726574676e6f6c65685474    // raw_mem addr 0000016d;  byte addr 00002da0
7361657265687773747369746e6569637379626465766f72706e656562657661    // raw_mem addr 0000016e;  byte addr 00002dc0
7265726f6d73697361626f6e736168656369766461796d666f74736572656874    // raw_mem addr 0000016f;  byte addr 00002de0
697265707865676e697265646e61656d6e776f796d6e616874656c6261696c65    // raw_mem addr 00000170;  byte addr 00002e00
6e45776f6e6563697664617369687465736e65707369646c6c69774965636e65    // raw_mem addr 00000171;  byte addr 00002e20
4f6874756f7972756f79666f797475616562646e617265776f70656874796f6a    // raw_mem addr 00000172;  byte addr 00002e40
6874646e6174737265646e75746f6e6c6c6977756f59646e696d726576656e68    // raw_mem addr 00000173;  byte addr 00002e60
746e656d65636e656d6d6f4373747567656e6e6f567472754b617265776f7065    // raw_mem addr 00000174;  byte addr 00002e80
666f6e656d656c746e6567646e6173656964614c54494d746173736572646441    // raw_mem addr 00000175;  byte addr 00002ea0
6c756f634966496e65657263736e7573726165573739666f7373616c63656874    // raw_mem addr 00000176;  byte addr 00002ec0
73657275747566656874726f66706974656e6f796c6e6f756f79726566666f64    // raw_mem addr 00000177;  byte addr 00002ee0
656e65626d726574676e6f6c65685474696562646c756f776e65657263736e75    // raw_mem addr 00000178;  byte addr 00002f00
7379626465766f72706e656562657661686e65657263736e7573666f73746966    // raw_mem addr 00000179;  byte addr 00002f20
6369766461796d666f747365726568747361657265687773747369746e656963    // raw_mem addr 0000017a;  byte addr 00002f40
6e776f796d6e616874656c6261696c657265726f6d73697361626f6e73616865    // raw_mem addr 0000017b;  byte addr 00002f60
736e65707369646c6c69774965636e65697265707865676e697265646e61656d    // raw_mem addr 0000017c;  byte addr 00002f80
6562646e617265776f70656874796f6a6e45776f6e6563697664617369687465    // raw_mem addr 0000017d;  byte addr 00002fa0
6c6977756f59646e696d726576656e684f6874756f7972756f79666f79747561    // raw_mem addr 0000017e;  byte addr 00002fc0
6f797475616562646e617265776f70656874646e6174737265646e75746f6e6c    // raw_mem addr 0000017f;  byte addr 00002fe0
75727474754264656461666576796568746c69746e756874756f7972756f7966    // raw_mem addr 00000180;  byte addr 00003000
746f687074616b6361626b6f6f6c6c6c756f79737261657930326e69656d7473    // raw_mem addr 00000181;  byte addr 00003020
6163756f79796177616e696c6c61636572646e61666c657372756f79666f736f    // raw_mem addr 00000182;  byte addr 00003040
6279616c7974696c69626973736f706863756d776f68776f6e7073617267746e    // raw_mem addr 00000183;  byte addr 00003060
6c796c6c616572756f7973756f6c75626166776f68646e61756f7965726f6665    // raw_mem addr 00000184;  byte addr 00003080
44656e6967616d69756f7973617461667361746f6e657261756f5964656b6f6f    // raw_mem addr 00000185;  byte addr 000030a0
7475627972726f77724f65727574756665687474756f62617972726f77746e6f    // raw_mem addr 00000186;  byte addr 000030c0
73747567656e6e6f567472754b7567656e6e6f567472754b74616874776f6e6b    // raw_mem addr 00000187;  byte addr 000030e0
6e6173656964614c54494d746173736572646441746e656d65636e656d6d6f43    // raw_mem addr 00000188;  byte addr 00003100
736e7573726165573739666f7373616c63656874666f6e656d656c746e656764    // raw_mem addr 00000189;  byte addr 00003120
66706974656e6f796c6e6f756f79726566666f646c756f634966496e65657263    // raw_mem addr 0000018a;  byte addr 00003140
65685474696562646c756f776e65657263736e7573657275747566656874726f    // raw_mem addr 0000018b;  byte addr 00003160
62657661686e65657263736e7573666f73746966656e65626d726574676e6f6c    // raw_mem addr 0000018c;  byte addr 00003180
726568747361657265687773747369746e6569637379626465766f72706e6565    // raw_mem addr 0000018d;  byte addr 000031a0
61696c657265726f6d73697361626f6e736168656369766461796d666f747365    // raw_mem addr 0000018e;  byte addr 000031c0
65636e65697265707865676e697265646e61656d6e776f796d6e616874656c62    // raw_mem addr 0000018f;  byte addr 000031e0
74796f6a6e45776f6e6563697664617369687465736e65707369646c6c697749    // raw_mem addr 00000190;  byte addr 00003200
76656e684f6874756f7972756f79666f797475616562646e617265776f706568    // raw_mem addr 00000191;  byte addr 00003220
776f70656874646e6174737265646e75746f6e6c6c6977756f59646e696d7265    // raw_mem addr 00000192;  byte addr 00003240
76796568746c69746e756874756f7972756f79666f797475616562646e617265    // raw_mem addr 00000193;  byte addr 00003260
6f6c6c6c756f79737261657930326e69656d7473757274747542646564616665    // raw_mem addr 00000194;  byte addr 00003280
6c61636572646e61666c657372756f79666f736f746f687074616b6361626b6f    // raw_mem addr 00000195;  byte addr 000032a0
736f706863756d776f68776f6e7073617267746e6163756f79796177616e696c    // raw_mem addr 00000196;  byte addr 000032c0
6f6c75626166776f68646e61756f7965726f66656279616c7974696c69626973    // raw_mem addr 00000197;  byte addr 000032e0
6e6e6f567361746f6e657261756f5964656b6f6f6c796c6c616572756f797375    // raw_mem addr 00000198;  byte addr 00003300
64614c54494d746173736572646441746e656d65636e656d6d6f437374756765    // raw_mem addr 00000199;  byte addr 00003320
6165573739666f7373616c63656874666f6e656d656c746e6567646e61736569    // raw_mem addr 0000019a;  byte addr 00003340
6e6f796c6e6f756f79726566666f646c756f634966496e65657263736e757372    // raw_mem addr 0000019b;  byte addr 00003360
6562646c756f776e65657263736e7573657275747566656874726f6670697465    // raw_mem addr 0000019c;  byte addr 00003380
6e65657263736e7573666f73746966656e65626d726574676e6f6c6568547469    // raw_mem addr 0000019d;  byte addr 000033a0
61657265687773747369746e6569637379626465766f72706e65656265766168    // raw_mem addr 0000019e;  byte addr 000033c0
65726f6d73697361626f6e736168656369766461796d666f7473657265687473    // raw_mem addr 0000019f;  byte addr 000033e0
7265707865676e697265646e61656d6e776f796d6e616874656c6261696c6572    // raw_mem addr 000001a0;  byte addr 00003400
45776f6e6563697664617369687465736e65707369646c6c69774965636e6569    // raw_mem addr 000001a1;  byte addr 00003420
6874756f7972756f79666f797475616562646e617265776f70656874796f6a6e    // raw_mem addr 000001a2;  byte addr 00003440
74646e6174737265646e75746f6e6c6c6977756f59646e696d726576656e684f    // raw_mem addr 000001a3;  byte addr 00003460
6e656d65636e656d6d6f4373747567656e6e6f567472754b617265776f706568    // raw_mem addr 000001a4;  byte addr 00003480
6f6e656d656c746e6567646e6173656964614c54494d74617373657264644174    // raw_mem addr 000001a5;  byte addr 000034a0
756f634966496e65657263736e7573726165573739666f7373616c6365687466    // raw_mem addr 000001a6;  byte addr 000034c0
657275747566656874726f66706974656e6f796c6e6f756f79726566666f646c    // raw_mem addr 000001a7;  byte addr 000034e0
6e65626d726574676e6f6c65685474696562646c756f776e65657263736e7573    // raw_mem addr 000001a8;  byte addr 00003500
79626465766f72706e656562657661686e65657263736e7573666f7374696665    // raw_mem addr 000001a9;  byte addr 00003520
69766461796d666f747365726568747361657265687773747369746e65696373    // raw_mem addr 000001aa;  byte addr 00003540
776f796d6e616874656c6261696c657265726f6d73697361626f6e7361686563    // raw_mem addr 000001ab;  byte addr 00003560
6e65707369646c6c69774965636e65697265707865676e697265646e61656d6e    // raw_mem addr 000001ac;  byte addr 00003580
62646e617265776f70656874796f6a6e45776f6e656369766461736968746573    // raw_mem addr 000001ad;  byte addr 000035a0
6977756f59646e696d726576656e684f6874756f7972756f79666f7974756165    // raw_mem addr 000001ae;  byte addr 000035c0
797475616562646e617265776f70656874646e6174737265646e75746f6e6c6c    // raw_mem addr 000001af;  byte addr 000035e0
727474754264656461666576796568746c69746e756874756f7972756f79666f    // raw_mem addr 000001b0;  byte addr 00003600
6f687074616b6361626b6f6f6c6c6c756f79737261657930326e69656d747375    // raw_mem addr 000001b1;  byte addr 00003620
63756f79796177616e696c6c61636572646e61666c657372756f79666f736f74    // raw_mem addr 000001b2;  byte addr 00003640
79616c7974696c69626973736f706863756d776f68776f6e7073617267746e61    // raw_mem addr 000001b3;  byte addr 00003660
796c6c616572756f7973756f6c75626166776f68646e61756f7965726f666562    // raw_mem addr 000001b4;  byte addr 00003680
656e6967616d69756f7973617461667361746f6e657261756f5964656b6f6f6c    // raw_mem addr 000001b5;  byte addr 000036a0
75627972726f77724f65727574756665687474756f62617972726f77746e6f44    // raw_mem addr 000001b6;  byte addr 000036c0
747567656e6e6f567472754b7567656e6e6f567472754b74616874776f6e6b74    // raw_mem addr 000001b7;  byte addr 000036e0
6173656964614c54494d746173736572646441746e656d65636e656d6d6f4373    // raw_mem addr 000001b8;  byte addr 00003700
6e7573726165573739666f7373616c63656874666f6e656d656c746e6567646e    // raw_mem addr 000001b9;  byte addr 00003720
706974656e6f796c6e6f756f79726566666f646c756f634966496e6565726373    // raw_mem addr 000001ba;  byte addr 00003740
685474696562646c756f776e65657263736e7573657275747566656874726f66    // raw_mem addr 000001bb;  byte addr 00003760
657661686e65657263736e7573666f73746966656e65626d726574676e6f6c65    // raw_mem addr 000001bc;  byte addr 00003780
6568747361657265687773747369746e6569637379626465766f72706e656562    // raw_mem addr 000001bd;  byte addr 000037a0
696c657265726f6d73697361626f6e736168656369766461796d666f74736572    // raw_mem addr 000001be;  byte addr 000037c0
636e65697265707865676e697265646e61656d6e776f796d6e616874656c6261    // raw_mem addr 000001bf;  byte addr 000037e0
796f6a6e45776f6e6563697664617369687465736e65707369646c6c69774965    // raw_mem addr 000001c0;  byte addr 00003800
656e684f6874756f7972756f79666f797475616562646e617265776f70656874    // raw_mem addr 000001c1;  byte addr 00003820
6f70656874646e6174737265646e75746f6e6c6c6977756f59646e696d726576    // raw_mem addr 000001c2;  byte addr 00003840
796568746c69746e756874756f7972756f79666f797475616562646e61726577    // raw_mem addr 000001c3;  byte addr 00003860
6c6c6c756f79737261657930326e69656d747375727474754264656461666576    // raw_mem addr 000001c4;  byte addr 00003880
61636572646e61666c657372756f79666f736f746f687074616b6361626b6f6f    // raw_mem addr 000001c5;  byte addr 000038a0
6f706863756d776f68776f6e7073617267746e6163756f79796177616e696c6c    // raw_mem addr 000001c6;  byte addr 000038c0
6c75626166776f68646e61756f7965726f66656279616c7974696c6962697373    // raw_mem addr 000001c7;  byte addr 000038e0
6e6f567361746f6e657261756f5964656b6f6f6c796c6c616572756f7973756f    // raw_mem addr 000001c8;  byte addr 00003900
614c54494d746173736572646441746e656d65636e656d6d6f4373747567656e    // raw_mem addr 000001c9;  byte addr 00003920
65573739666f7373616c63656874666f6e656d656c746e6567646e6173656964    // raw_mem addr 000001ca;  byte addr 00003940
6f796c6e6f756f79726566666f646c756f634966496e65657263736e75737261    // raw_mem addr 000001cb;  byte addr 00003960
62646c756f776e65657263736e7573657275747566656874726f66706974656e    // raw_mem addr 000001cc;  byte addr 00003980
65657263736e7573666f73746966656e65626d726574676e6f6c656854746965    // raw_mem addr 000001cd;  byte addr 000039a0
657265687773747369746e6569637379626465766f72706e656562657661686e    // raw_mem addr 000001ce;  byte addr 000039c0
726f6d73697361626f6e736168656369766461796d666f747365726568747361    // raw_mem addr 000001cf;  byte addr 000039e0
65707865676e697265646e61656d6e776f796d6e616874656c6261696c657265    // raw_mem addr 000001d0;  byte addr 00003a00
776f6e6563697664617369687465736e65707369646c6c69774965636e656972    // raw_mem addr 000001d1;  byte addr 00003a20
74756f7972756f79666f797475616562646e617265776f70656874796f6a6e45    // raw_mem addr 000001d2;  byte addr 00003a40
646e6174737265646e75746f6e6c6c6977756f59646e696d726576656e684f68    // raw_mem addr 000001d3;  byte addr 00003a60
656d65636e656d6d6f4373747567656e6e6f567472754b617265776f70656874    // raw_mem addr 000001d4;  byte addr 00003a80
6e656d656c746e6567646e6173656964614c54494d746173736572646441746e    // raw_mem addr 000001d5;  byte addr 00003aa0
6f634966496e65657263736e7573726165573739666f7373616c63656874666f    // raw_mem addr 000001d6;  byte addr 00003ac0
7275747566656874726f66706974656e6f796c6e6f756f79726566666f646c75    // raw_mem addr 000001d7;  byte addr 00003ae0
65626d726574676e6f6c65685474696562646c756f776e65657263736e757365    // raw_mem addr 000001d8;  byte addr 00003b00
626465766f72706e656562657661686e65657263736e7573666f73746966656e    // raw_mem addr 000001d9;  byte addr 00003b20
766461796d666f747365726568747361657265687773747369746e6569637379    // raw_mem addr 000001da;  byte addr 00003b40
6f796d6e616874656c6261696c657265726f6d73697361626f6e736168656369    // raw_mem addr 000001db;  byte addr 00003b60
65707369646c6c69774965636e65697265707865676e697265646e61656d6e77    // raw_mem addr 000001dc;  byte addr 00003b80
646e617265776f70656874796f6a6e45776f6e6563697664617369687465736e    // raw_mem addr 000001dd;  byte addr 00003ba0
77756f59646e696d726576656e684f6874756f7972756f79666f797475616562    // raw_mem addr 000001de;  byte addr 00003bc0
7475616562646e617265776f70656874646e6174737265646e75746f6e6c6c69    // raw_mem addr 000001df;  byte addr 00003be0
7474754264656461666576796568746c69746e756874756f7972756f79666f79    // raw_mem addr 000001e0;  byte addr 00003c00
687074616b6361626b6f6f6c6c6c756f79737261657930326e69656d74737572    // raw_mem addr 000001e1;  byte addr 00003c20
756f79796177616e696c6c61636572646e61666c657372756f79666f736f746f    // raw_mem addr 000001e2;  byte addr 00003c40
616c7974696c69626973736f706863756d776f68776f6e7073617267746e6163    // raw_mem addr 000001e3;  byte addr 00003c60
6c6c616572756f7973756f6c75626166776f68646e61756f7965726f66656279    // raw_mem addr 000001e4;  byte addr 00003c80
6e6967616d69756f7973617461667361746f6e657261756f5964656b6f6f6c79    // raw_mem addr 000001e5;  byte addr 00003ca0
627972726f77724f65727574756665687474756f62617972726f77746e6f4465    // raw_mem addr 000001e6;  byte addr 00003cc0
7567656e6e6f567472754b7567656e6e6f567472754b74616874776f6e6b7475    // raw_mem addr 000001e7;  byte addr 00003ce0
73656964614c54494d746173736572646441746e656d65636e656d6d6f437374    // raw_mem addr 000001e8;  byte addr 00003d00
7573726165573739666f7373616c63656874666f6e656d656c746e6567646e61    // raw_mem addr 000001e9;  byte addr 00003d20
6974656e6f796c6e6f756f79726566666f646c756f634966496e65657263736e    // raw_mem addr 000001ea;  byte addr 00003d40
5474696562646c756f776e65657263736e7573657275747566656874726f6670    // raw_mem addr 000001eb;  byte addr 00003d60
7661686e65657263736e7573666f73746966656e65626d726574676e6f6c6568    // raw_mem addr 000001ec;  byte addr 00003d80
68747361657265687773747369746e6569637379626465766f72706e65656265    // raw_mem addr 000001ed;  byte addr 00003da0
6c657265726f6d73697361626f6e736168656369766461796d666f7473657265    // raw_mem addr 000001ee;  byte addr 00003dc0
6e65697265707865676e697265646e61656d6e776f796d6e616874656c626169    // raw_mem addr 000001ef;  byte addr 00003de0
6f6a6e45776f6e6563697664617369687465736e65707369646c6c6977496563    // raw_mem addr 000001f0;  byte addr 00003e00
6e684f6874756f7972756f79666f797475616562646e617265776f7065687479    // raw_mem addr 000001f1;  byte addr 00003e20
70656874646e6174737265646e75746f6e6c6c6977756f59646e696d72657665    // raw_mem addr 000001f2;  byte addr 00003e40
6568746c69746e756874756f7972756f79666f797475616562646e617265776f    // raw_mem addr 000001f3;  byte addr 00003e60
6c6c756f79737261657930326e69656d74737572747475426465646166657679    // raw_mem addr 000001f4;  byte addr 00003e80
636572646e61666c657372756f79666f736f746f687074616b6361626b6f6f6c    // raw_mem addr 000001f5;  byte addr 00003ea0
706863756d776f68776f6e7073617267746e6163756f79796177616e696c6c61    // raw_mem addr 000001f6;  byte addr 00003ec0
75626166776f68646e61756f7965726f66656279616c7974696c69626973736f    // raw_mem addr 000001f7;  byte addr 00003ee0
6f567361746f6e657261756f5964656b6f6f6c796c6c616572756f7973756f6c    // raw_mem addr 000001f8;  byte addr 00003f00
4c54494d746173736572646441746e656d65636e656d6d6f4373747567656e6e    // raw_mem addr 000001f9;  byte addr 00003f20
573739666f7373616c63656874666f6e656d656c746e6567646e617365696461    // raw_mem addr 000001fa;  byte addr 00003f40
796c6e6f756f79726566666f646c756f634966496e65657263736e7573726165    // raw_mem addr 000001fb;  byte addr 00003f60
646c756f776e65657263736e7573657275747566656874726f66706974656e6f    // raw_mem addr 000001fc;  byte addr 00003f80
657263736e7573666f73746966656e65626d726574676e6f6c65685474696562    // raw_mem addr 000001fd;  byte addr 00003fa0
7265687773747369746e6569637379626465766f72706e656562657661686e65    // raw_mem addr 000001fe;  byte addr 00003fc0
6f6d73697361626f6e736168656369766461796d666f74736572656874736165    // raw_mem addr 000001ff;  byte addr 00003fe0
707865676e697265646e61656d6e776f796d6e616874656c6261696c65726572    // raw_mem addr 00000200;  byte addr 00004000
6f6e6563697664617369687465736e65707369646c6c69774965636e65697265    // raw_mem addr 00000201;  byte addr 00004020
756f7972756f79666f797475616562646e617265776f70656874796f6a6e4577    // raw_mem addr 00000202;  byte addr 00004040
6e6174737265646e75746f6e6c6c6977756f59646e696d726576656e684f6874    // raw_mem addr 00000203;  byte addr 00004060
6d65636e656d6d6f4373747567656e6e6f567472754b617265776f7065687464    // raw_mem addr 00000204;  byte addr 00004080
656d656c746e6567646e6173656964614c54494d746173736572646441746e65    // raw_mem addr 00000205;  byte addr 000040a0
634966496e65657263736e7573726165573739666f7373616c63656874666f6e    // raw_mem addr 00000206;  byte addr 000040c0
75747566656874726f66706974656e6f796c6e6f756f79726566666f646c756f    // raw_mem addr 00000207;  byte addr 000040e0
626d726574676e6f6c65685474696562646c756f776e65657263736e75736572    // raw_mem addr 00000208;  byte addr 00004100
6465766f72706e656562657661686e65657263736e7573666f73746966656e65    // raw_mem addr 00000209;  byte addr 00004120
6461796d666f747365726568747361657265687773747369746e656963737962    // raw_mem addr 0000020a;  byte addr 00004140
796d6e616874656c6261696c657265726f6d73697361626f6e73616865636976    // raw_mem addr 0000020b;  byte addr 00004160
707369646c6c69774965636e65697265707865676e697265646e61656d6e776f    // raw_mem addr 0000020c;  byte addr 00004180
6e617265776f70656874796f6a6e45776f6e6563697664617369687465736e65    // raw_mem addr 0000020d;  byte addr 000041a0
756f59646e696d726576656e684f6874756f7972756f79666f79747561656264    // raw_mem addr 0000020e;  byte addr 000041c0
75616562646e617265776f70656874646e6174737265646e75746f6e6c6c6977    // raw_mem addr 0000020f;  byte addr 000041e0
74754264656461666576796568746c69746e756874756f7972756f79666f7974    // raw_mem addr 00000210;  byte addr 00004200
7074616b6361626b6f6f6c6c6c756f79737261657930326e69656d7473757274    // raw_mem addr 00000211;  byte addr 00004220
6f79796177616e696c6c61636572646e61666c657372756f79666f736f746f68    // raw_mem addr 00000212;  byte addr 00004240
6c7974696c69626973736f706863756d776f68776f6e7073617267746e616375    // raw_mem addr 00000213;  byte addr 00004260
6c616572756f7973756f6c75626166776f68646e61756f7965726f6665627961    // raw_mem addr 00000214;  byte addr 00004280
6967616d69756f7973617461667361746f6e657261756f5964656b6f6f6c796c    // raw_mem addr 00000215;  byte addr 000042a0
7972726f77724f65727574756665687474756f62617972726f77746e6f44656e    // raw_mem addr 00000216;  byte addr 000042c0
67656e6e6f567472754b7567656e6e6f567472754b74616874776f6e6b747562    // raw_mem addr 00000217;  byte addr 000042e0
656964614c54494d746173736572646441746e656d65636e656d6d6f43737475    // raw_mem addr 00000218;  byte addr 00004300
73726165573739666f7373616c63656874666f6e656d656c746e6567646e6173    // raw_mem addr 00000219;  byte addr 00004320
74656e6f796c6e6f756f79726566666f646c756f634966496e65657263736e75    // raw_mem addr 0000021a;  byte addr 00004340
74696562646c756f776e65657263736e7573657275747566656874726f667069    // raw_mem addr 0000021b;  byte addr 00004360
61686e65657263736e7573666f73746966656e65626d726574676e6f6c656854    // raw_mem addr 0000021c;  byte addr 00004380
747361657265687773747369746e6569637379626465766f72706e6565626576    // raw_mem addr 0000021d;  byte addr 000043a0
657265726f6d73697361626f6e736168656369766461796d666f747365726568    // raw_mem addr 0000021e;  byte addr 000043c0
65697265707865676e697265646e61656d6e776f796d6e616874656c6261696c    // raw_mem addr 0000021f;  byte addr 000043e0
6a6e45776f6e6563697664617369687465736e65707369646c6c69774965636e    // raw_mem addr 00000220;  byte addr 00004400
684f6874756f7972756f79666f797475616562646e617265776f70656874796f    // raw_mem addr 00000221;  byte addr 00004420
656874646e6174737265646e75746f6e6c6c6977756f59646e696d726576656e    // raw_mem addr 00000222;  byte addr 00004440
68746c69746e756874756f7972756f79666f797475616562646e617265776f70    // raw_mem addr 00000223;  byte addr 00004460
6c756f79737261657930326e69656d7473757274747542646564616665767965    // raw_mem addr 00000224;  byte addr 00004480
6572646e61666c657372756f79666f736f746f687074616b6361626b6f6f6c6c    // raw_mem addr 00000225;  byte addr 000044a0
6863756d776f68776f6e7073617267746e6163756f79796177616e696c6c6163    // raw_mem addr 00000226;  byte addr 000044c0
626166776f68646e61756f7965726f66656279616c7974696c69626973736f70    // raw_mem addr 00000227;  byte addr 000044e0
567361746f6e657261756f5964656b6f6f6c796c6c616572756f7973756f6c75    // raw_mem addr 00000228;  byte addr 00004500
54494d746173736572646441746e656d65636e656d6d6f4373747567656e6e6f    // raw_mem addr 00000229;  byte addr 00004520
3739666f7373616c63656874666f6e656d656c746e6567646e6173656964614c    // raw_mem addr 0000022a;  byte addr 00004540
6c6e6f756f79726566666f646c756f634966496e65657263736e757372616557    // raw_mem addr 0000022b;  byte addr 00004560
6c756f776e65657263736e7573657275747566656874726f66706974656e6f79    // raw_mem addr 0000022c;  byte addr 00004580
7263736e7573666f73746966656e65626d726574676e6f6c6568547469656264    // raw_mem addr 0000022d;  byte addr 000045a0
65687773747369746e6569637379626465766f72706e656562657661686e6565    // raw_mem addr 0000022e;  byte addr 000045c0
6d73697361626f6e736168656369766461796d666f7473657265687473616572    // raw_mem addr 0000022f;  byte addr 000045e0
7865676e697265646e61656d6e776f796d6e616874656c6261696c657265726f    // raw_mem addr 00000230;  byte addr 00004600
6e6563697664617369687465736e65707369646c6c69774965636e6569726570    // raw_mem addr 00000231;  byte addr 00004620
6f7972756f79666f797475616562646e617265776f70656874796f6a6e45776f    // raw_mem addr 00000232;  byte addr 00004640
6174737265646e75746f6e6c6c6977756f59646e696d726576656e684f687475    // raw_mem addr 00000233;  byte addr 00004660
65636e656d6d6f4373747567656e6e6f567472754b617265776f70656874646e    // raw_mem addr 00000234;  byte addr 00004680
6d656c746e6567646e6173656964614c54494d746173736572646441746e656d    // raw_mem addr 00000235;  byte addr 000046a0
4966496e65657263736e7573726165573739666f7373616c63656874666f6e65    // raw_mem addr 00000236;  byte addr 000046c0
747566656874726f66706974656e6f796c6e6f756f79726566666f646c756f63    // raw_mem addr 00000237;  byte addr 000046e0
6d726574676e6f6c65685474696562646c756f776e65657263736e7573657275    // raw_mem addr 00000238;  byte addr 00004700
65766f72706e656562657661686e65657263736e7573666f73746966656e6562    // raw_mem addr 00000239;  byte addr 00004720
61796d666f747365726568747361657265687773747369746e65696373796264    // raw_mem addr 0000023a;  byte addr 00004740
6d6e616874656c6261696c657265726f6d73697361626f6e7361686563697664    // raw_mem addr 0000023b;  byte addr 00004760
7369646c6c69774965636e65697265707865676e697265646e61656d6e776f79    // raw_mem addr 0000023c;  byte addr 00004780
617265776f70656874796f6a6e45776f6e6563697664617369687465736e6570    // raw_mem addr 0000023d;  byte addr 000047a0
6f59646e696d726576656e684f6874756f7972756f79666f797475616562646e    // raw_mem addr 0000023e;  byte addr 000047c0
616562646e617265776f70656874646e6174737265646e75746f6e6c6c697775    // raw_mem addr 0000023f;  byte addr 000047e0
754264656461666576796568746c69746e756874756f7972756f79666f797475    // raw_mem addr 00000240;  byte addr 00004800
74616b6361626b6f6f6c6c6c756f79737261657930326e69656d747375727474    // raw_mem addr 00000241;  byte addr 00004820
79796177616e696c6c61636572646e61666c657372756f79666f736f746f6870    // raw_mem addr 00000242;  byte addr 00004840
7974696c69626973736f706863756d776f68776f6e7073617267746e6163756f    // raw_mem addr 00000243;  byte addr 00004860
616572756f7973756f6c75626166776f68646e61756f7965726f66656279616c    // raw_mem addr 00000244;  byte addr 00004880
67616d69756f7973617461667361746f6e657261756f5964656b6f6f6c796c6c    // raw_mem addr 00000245;  byte addr 000048a0
72726f77724f65727574756665687474756f62617972726f77746e6f44656e69    // raw_mem addr 00000246;  byte addr 000048c0
656e6e6f567472754b7567656e6e6f567472754b74616874776f6e6b74756279    // raw_mem addr 00000247;  byte addr 000048e0
6964614c54494d746173736572646441746e656d65636e656d6d6f4373747567    // raw_mem addr 00000248;  byte addr 00004900
726165573739666f7373616c63656874666f6e656d656c746e6567646e617365    // raw_mem addr 00000249;  byte addr 00004920
656e6f796c6e6f756f79726566666f646c756f634966496e65657263736e7573    // raw_mem addr 0000024a;  byte addr 00004940
696562646c756f776e65657263736e7573657275747566656874726f66706974    // raw_mem addr 0000024b;  byte addr 00004960
686e65657263736e7573666f73746966656e65626d726574676e6f6c65685474    // raw_mem addr 0000024c;  byte addr 00004980
7361657265687773747369746e6569637379626465766f72706e656562657661    // raw_mem addr 0000024d;  byte addr 000049a0
7265726f6d73697361626f6e736168656369766461796d666f74736572656874    // raw_mem addr 0000024e;  byte addr 000049c0
697265707865676e697265646e61656d6e776f796d6e616874656c6261696c65    // raw_mem addr 0000024f;  byte addr 000049e0
6e45776f6e6563697664617369687465736e65707369646c6c69774965636e65    // raw_mem addr 00000250;  byte addr 00004a00
4f6874756f7972756f79666f797475616562646e617265776f70656874796f6a    // raw_mem addr 00000251;  byte addr 00004a20
6874646e6174737265646e75746f6e6c6c6977756f59646e696d726576656e68    // raw_mem addr 00000252;  byte addr 00004a40
746c69746e756874756f7972756f79666f797475616562646e617265776f7065    // raw_mem addr 00000253;  byte addr 00004a60
756f79737261657930326e69656d747375727474754264656461666576796568    // raw_mem addr 00000254;  byte addr 00004a80
72646e61666c657372756f79666f736f746f687074616b6361626b6f6f6c6c6c    // raw_mem addr 00000255;  byte addr 00004aa0
63756d776f68776f6e7073617267746e6163756f79796177616e696c6c616365    // raw_mem addr 00000256;  byte addr 00004ac0
6166776f68646e61756f7965726f66656279616c7974696c69626973736f7068    // raw_mem addr 00000257;  byte addr 00004ae0
7361746f6e657261756f5964656b6f6f6c796c6c616572756f7973756f6c7562    // raw_mem addr 00000258;  byte addr 00004b00
494d746173736572646441746e656d65636e656d6d6f4373747567656e6e6f56    // raw_mem addr 00000259;  byte addr 00004b20
39666f7373616c63656874666f6e656d656c746e6567646e6173656964614c54    // raw_mem addr 0000025a;  byte addr 00004b40
6e6f756f79726566666f646c756f634966496e65657263736e75737261655737    // raw_mem addr 0000025b;  byte addr 00004b60
756f776e65657263736e7573657275747566656874726f66706974656e6f796c    // raw_mem addr 0000025c;  byte addr 00004b80
63736e7573666f73746966656e65626d726574676e6f6c65685474696562646c    // raw_mem addr 0000025d;  byte addr 00004ba0
687773747369746e6569637379626465766f72706e656562657661686e656572    // raw_mem addr 0000025e;  byte addr 00004bc0
73697361626f6e736168656369766461796d666f747365726568747361657265    // raw_mem addr 0000025f;  byte addr 00004be0
65676e697265646e61656d6e776f796d6e616874656c6261696c657265726f6d    // raw_mem addr 00000260;  byte addr 00004c00
6563697664617369687465736e65707369646c6c69774965636e656972657078    // raw_mem addr 00000261;  byte addr 00004c20
7972756f79666f797475616562646e617265776f70656874796f6a6e45776f6e    // raw_mem addr 00000262;  byte addr 00004c40
74737265646e75746f6e6c6c6977756f59646e696d726576656e684f6874756f    // raw_mem addr 00000263;  byte addr 00004c60
636e656d6d6f4373747567656e6e6f567472754b617265776f70656874646e61    // raw_mem addr 00000264;  byte addr 00004c80
656c746e6567646e6173656964614c54494d746173736572646441746e656d65    // raw_mem addr 00000265;  byte addr 00004ca0
66496e65657263736e7573726165573739666f7373616c63656874666f6e656d    // raw_mem addr 00000266;  byte addr 00004cc0
7566656874726f66706974656e6f796c6e6f756f79726566666f646c756f6349    // raw_mem addr 00000267;  byte addr 00004ce0
726574676e6f6c65685474696562646c756f776e65657263736e757365727574    // raw_mem addr 00000268;  byte addr 00004d00
766f72706e656562657661686e65657263736e7573666f73746966656e65626d    // raw_mem addr 00000269;  byte addr 00004d20
796d666f747365726568747361657265687773747369746e6569637379626465    // raw_mem addr 0000026a;  byte addr 00004d40
6e616874656c6261696c657265726f6d73697361626f6e736168656369766461    // raw_mem addr 0000026b;  byte addr 00004d60
69646c6c69774965636e65697265707865676e697265646e61656d6e776f796d    // raw_mem addr 0000026c;  byte addr 00004d80
7265776f70656874796f6a6e45776f6e6563697664617369687465736e657073    // raw_mem addr 0000026d;  byte addr 00004da0
59646e696d726576656e684f6874756f7972756f79666f797475616562646e61    // raw_mem addr 0000026e;  byte addr 00004dc0
6562646e617265776f70656874646e6174737265646e75746f6e6c6c6977756f    // raw_mem addr 0000026f;  byte addr 00004de0
4264656461666576796568746c69746e756874756f7972756f79666f79747561    // raw_mem addr 00000270;  byte addr 00004e00
616b6361626b6f6f6c6c6c756f79737261657930326e69656d74737572747475    // raw_mem addr 00000271;  byte addr 00004e20
796177616e696c6c61636572646e61666c657372756f79666f736f746f687074    // raw_mem addr 00000272;  byte addr 00004e40
74696c69626973736f706863756d776f68776f6e7073617267746e6163756f79    // raw_mem addr 00000273;  byte addr 00004e60
6572756f7973756f6c75626166776f68646e61756f7965726f66656279616c79    // raw_mem addr 00000274;  byte addr 00004e80
616d69756f7973617461667361746f6e657261756f5964656b6f6f6c796c6c61    // raw_mem addr 00000275;  byte addr 00004ea0
726f77724f65727574756665687474756f62617972726f77746e6f44656e6967    // raw_mem addr 00000276;  byte addr 00004ec0
6e6e6f567472754b7567656e6e6f567472754b74616874776f6e6b7475627972    // raw_mem addr 00000277;  byte addr 00004ee0
64614c54494d746173736572646441746e656d65636e656d6d6f437374756765    // raw_mem addr 00000278;  byte addr 00004f00
6165573739666f7373616c63656874666f6e656d656c746e6567646e61736569    // raw_mem addr 00000279;  byte addr 00004f20
6e6f796c6e6f756f79726566666f646c756f634966496e65657263736e757372    // raw_mem addr 0000027a;  byte addr 00004f40
6562646c756f776e65657263736e7573657275747566656874726f6670697465    // raw_mem addr 0000027b;  byte addr 00004f60
6e65657263736e7573666f73746966656e65626d726574676e6f6c6568547469    // raw_mem addr 0000027c;  byte addr 00004f80
61657265687773747369746e6569637379626465766f72706e65656265766168    // raw_mem addr 0000027d;  byte addr 00004fa0
65726f6d73697361626f6e736168656369766461796d666f7473657265687473    // raw_mem addr 0000027e;  byte addr 00004fc0
7265707865676e697265646e61656d6e776f796d6e616874656c6261696c6572    // raw_mem addr 0000027f;  byte addr 00004fe0
45776f6e6563697664617369687465736e65707369646c6c69774965636e6569    // raw_mem addr 00000280;  byte addr 00005000
6874756f7972756f79666f797475616562646e617265776f70656874796f6a6e    // raw_mem addr 00000281;  byte addr 00005020
74646e6174737265646e75746f6e6c6c6977756f59646e696d726576656e684f    // raw_mem addr 00000282;  byte addr 00005040
6c69746e756874756f7972756f79666f797475616562646e617265776f706568    // raw_mem addr 00000283;  byte addr 00005060
6f79737261657930326e69656d74737572747475426465646166657679656874    // raw_mem addr 00000284;  byte addr 00005080
646e61666c657372756f79666f736f746f687074616b6361626b6f6f6c6c6c75    // raw_mem addr 00000285;  byte addr 000050a0
756d776f68776f6e7073617267746e6163756f79796177616e696c6c61636572    // raw_mem addr 00000286;  byte addr 000050c0
66776f68646e61756f7965726f66656279616c7974696c69626973736f706863    // raw_mem addr 00000287;  byte addr 000050e0
61746f6e657261756f5964656b6f6f6c796c6c616572756f7973756f6c756261    // raw_mem addr 00000288;  byte addr 00005100
4d746173736572646441746e656d65636e656d6d6f4373747567656e6e6f5673    // raw_mem addr 00000289;  byte addr 00005120
666f7373616c63656874666f6e656d656c746e6567646e6173656964614c5449    // raw_mem addr 0000028a;  byte addr 00005140
6f756f79726566666f646c756f634966496e65657263736e7573726165573739    // raw_mem addr 0000028b;  byte addr 00005160
6f776e65657263736e7573657275747566656874726f66706974656e6f796c6e    // raw_mem addr 0000028c;  byte addr 00005180
736e7573666f73746966656e65626d726574676e6f6c65685474696562646c75    // raw_mem addr 0000028d;  byte addr 000051a0
7773747369746e6569637379626465766f72706e656562657661686e65657263    // raw_mem addr 0000028e;  byte addr 000051c0
697361626f6e736168656369766461796d666f74736572656874736165726568    // raw_mem addr 0000028f;  byte addr 000051e0
676e697265646e61656d6e776f796d6e616874656c6261696c657265726f6d73    // raw_mem addr 00000290;  byte addr 00005200
63697664617369687465736e65707369646c6c69774965636e65697265707865    // raw_mem addr 00000291;  byte addr 00005220
72756f79666f797475616562646e617265776f70656874796f6a6e45776f6e65    // raw_mem addr 00000292;  byte addr 00005240
737265646e75746f6e6c6c6977756f59646e696d726576656e684f6874756f79    // raw_mem addr 00000293;  byte addr 00005260
6e656d6d6f4373747567656e6e6f567472754b617265776f70656874646e6174    // raw_mem addr 00000294;  byte addr 00005280
6c746e6567646e6173656964614c54494d746173736572646441746e656d6563    // raw_mem addr 00000295;  byte addr 000052a0
496e65657263736e7573726165573739666f7373616c63656874666f6e656d65    // raw_mem addr 00000296;  byte addr 000052c0
66656874726f66706974656e6f796c6e6f756f79726566666f646c756f634966    // raw_mem addr 00000297;  byte addr 000052e0
6574676e6f6c65685474696562646c756f776e65657263736e75736572757475    // raw_mem addr 00000298;  byte addr 00005300
6f72706e656562657661686e65657263736e7573666f73746966656e65626d72    // raw_mem addr 00000299;  byte addr 00005320
6d666f747365726568747361657265687773747369746e656963737962646576    // raw_mem addr 0000029a;  byte addr 00005340
616874656c6261696c657265726f6d73697361626f6e73616865636976646179    // raw_mem addr 0000029b;  byte addr 00005360
646c6c69774965636e65697265707865676e697265646e61656d6e776f796d6e    // raw_mem addr 0000029c;  byte addr 00005380
65776f70656874796f6a6e45776f6e6563697664617369687465736e65707369    // raw_mem addr 0000029d;  byte addr 000053a0
646e696d726576656e684f6874756f7972756f79666f797475616562646e6172    // raw_mem addr 0000029e;  byte addr 000053c0
62646e617265776f70656874646e6174737265646e75746f6e6c6c6977756f59    // raw_mem addr 0000029f;  byte addr 000053e0
64656461666576796568746c69746e756874756f7972756f79666f7974756165    // raw_mem addr 000002a0;  byte addr 00005400
6b6361626b6f6f6c6c6c756f79737261657930326e69656d7473757274747542    // raw_mem addr 000002a1;  byte addr 00005420
6177616e696c6c61636572646e61666c657372756f79666f736f746f68707461    // raw_mem addr 000002a2;  byte addr 00005440
696c69626973736f706863756d776f68776f6e7073617267746e6163756f7979    // raw_mem addr 000002a3;  byte addr 00005460
72756f7973756f6c75626166776f68646e61756f7965726f66656279616c7974    // raw_mem addr 000002a4;  byte addr 00005480
6d69756f7973617461667361746f6e657261756f5964656b6f6f6c796c6c6165    // raw_mem addr 000002a5;  byte addr 000054a0
6f77724f65727574756665687474756f62617972726f77746e6f44656e696761    // raw_mem addr 000002a6;  byte addr 000054c0
6e6f567472754b7567656e6e6f567472754b74616874776f6e6b747562797272    // raw_mem addr 000002a7;  byte addr 000054e0
614c54494d746173736572646441746e656d65636e656d6d6f4373747567656e    // raw_mem addr 000002a8;  byte addr 00005500
65573739666f7373616c63656874666f6e656d656c746e6567646e6173656964    // raw_mem addr 000002a9;  byte addr 00005520
6f796c6e6f756f79726566666f646c756f634966496e65657263736e75737261    // raw_mem addr 000002aa;  byte addr 00005540
62646c756f776e65657263736e7573657275747566656874726f66706974656e    // raw_mem addr 000002ab;  byte addr 00005560
65657263736e7573666f73746966656e65626d726574676e6f6c656854746965    // raw_mem addr 000002ac;  byte addr 00005580
657265687773747369746e6569637379626465766f72706e656562657661686e    // raw_mem addr 000002ad;  byte addr 000055a0
726f6d73697361626f6e736168656369766461796d666f747365726568747361    // raw_mem addr 000002ae;  byte addr 000055c0
65707865676e697265646e61656d6e776f796d6e616874656c6261696c657265    // raw_mem addr 000002af;  byte addr 000055e0
776f6e6563697664617369687465736e65707369646c6c69774965636e656972    // raw_mem addr 000002b0;  byte addr 00005600
74756f7972756f79666f797475616562646e617265776f70656874796f6a6e45    // raw_mem addr 000002b1;  byte addr 00005620
646e6174737265646e75746f6e6c6c6977756f59646e696d726576656e684f68    // raw_mem addr 000002b2;  byte addr 00005640
69746e756874756f7972756f79666f797475616562646e617265776f70656874    // raw_mem addr 000002b3;  byte addr 00005660
79737261657930326e69656d747375727474754264656461666576796568746c    // raw_mem addr 000002b4;  byte addr 00005680
6e61666c657372756f79666f736f746f687074616b6361626b6f6f6c6c6c756f    // raw_mem addr 000002b5;  byte addr 000056a0
6d776f68776f6e7073617267746e6163756f79796177616e696c6c6163657264    // raw_mem addr 000002b6;  byte addr 000056c0
776f68646e61756f7965726f66656279616c7974696c69626973736f70686375    // raw_mem addr 000002b7;  byte addr 000056e0
746f6e657261756f5964656b6f6f6c796c6c616572756f7973756f6c75626166    // raw_mem addr 000002b8;  byte addr 00005700
746173736572646441746e656d65636e656d6d6f4373747567656e6e6f567361    // raw_mem addr 000002b9;  byte addr 00005720
6f7373616c63656874666f6e656d656c746e6567646e6173656964614c54494d    // raw_mem addr 000002ba;  byte addr 00005740
756f79726566666f646c756f634966496e65657263736e757372616557373966    // raw_mem addr 000002bb;  byte addr 00005760
776e65657263736e7573657275747566656874726f66706974656e6f796c6e6f    // raw_mem addr 000002bc;  byte addr 00005780
6e7573666f73746966656e65626d726574676e6f6c65685474696562646c756f    // raw_mem addr 000002bd;  byte addr 000057a0
73747369746e6569637379626465766f72706e656562657661686e6565726373    // raw_mem addr 000002be;  byte addr 000057c0
7361626f6e736168656369766461796d666f7473657265687473616572656877    // raw_mem addr 000002bf;  byte addr 000057e0
6e697265646e61656d6e776f796d6e616874656c6261696c657265726f6d7369    // raw_mem addr 000002c0;  byte addr 00005800
697664617369687465736e65707369646c6c69774965636e6569726570786567    // raw_mem addr 000002c1;  byte addr 00005820
756f79666f797475616562646e617265776f70656874796f6a6e45776f6e6563    // raw_mem addr 000002c2;  byte addr 00005840
7265646e75746f6e6c6c6977756f59646e696d726576656e684f6874756f7972    // raw_mem addr 000002c3;  byte addr 00005860
656d6d6f4373747567656e6e6f567472754b617265776f70656874646e617473    // raw_mem addr 000002c4;  byte addr 00005880
746e6567646e6173656964614c54494d746173736572646441746e656d65636e    // raw_mem addr 000002c5;  byte addr 000058a0
6e65657263736e7573726165573739666f7373616c63656874666f6e656d656c    // raw_mem addr 000002c6;  byte addr 000058c0
656874726f66706974656e6f796c6e6f756f79726566666f646c756f63496649    // raw_mem addr 000002c7;  byte addr 000058e0
74676e6f6c65685474696562646c756f776e65657263736e7573657275747566    // raw_mem addr 000002c8;  byte addr 00005900
72706e656562657661686e65657263736e7573666f73746966656e65626d7265    // raw_mem addr 000002c9;  byte addr 00005920
666f747365726568747361657265687773747369746e6569637379626465766f    // raw_mem addr 000002ca;  byte addr 00005940
6874656c6261696c657265726f6d73697361626f6e736168656369766461796d    // raw_mem addr 000002cb;  byte addr 00005960
6c6c69774965636e65697265707865676e697265646e61656d6e776f796d6e61    // raw_mem addr 000002cc;  byte addr 00005980
776f70656874796f6a6e45776f6e6563697664617369687465736e6570736964    // raw_mem addr 000002cd;  byte addr 000059a0
6e696d726576656e684f6874756f7972756f79666f797475616562646e617265    // raw_mem addr 000002ce;  byte addr 000059c0
646e617265776f70656874646e6174737265646e75746f6e6c6c6977756f5964    // raw_mem addr 000002cf;  byte addr 000059e0
656461666576796568746c69746e756874756f7972756f79666f797475616562    // raw_mem addr 000002d0;  byte addr 00005a00
6361626b6f6f6c6c6c756f79737261657930326e69656d747375727474754264    // raw_mem addr 000002d1;  byte addr 00005a20
77616e696c6c61636572646e61666c657372756f79666f736f746f687074616b    // raw_mem addr 000002d2;  byte addr 00005a40
6c69626973736f706863756d776f68776f6e7073617267746e6163756f797961    // raw_mem addr 000002d3;  byte addr 00005a60
756f7973756f6c75626166776f68646e61756f7965726f66656279616c797469    // raw_mem addr 000002d4;  byte addr 00005a80
69756f7973617461667361746f6e657261756f5964656b6f6f6c796c6c616572    // raw_mem addr 000002d5;  byte addr 00005aa0
77724f65727574756665687474756f62617972726f77746e6f44656e6967616d    // raw_mem addr 000002d6;  byte addr 00005ac0
6f567472754b7567656e6e6f567472754b74616874776f6e6b7475627972726f    // raw_mem addr 000002d7;  byte addr 00005ae0
4c54494d746173736572646441746e656d65636e656d6d6f4373747567656e6e    // raw_mem addr 000002d8;  byte addr 00005b00
573739666f7373616c63656874666f6e656d656c746e6567646e617365696461    // raw_mem addr 000002d9;  byte addr 00005b20
796c6e6f756f79726566666f646c756f634966496e65657263736e7573726165    // raw_mem addr 000002da;  byte addr 00005b40
646c756f776e65657263736e7573657275747566656874726f66706974656e6f    // raw_mem addr 000002db;  byte addr 00005b60
657263736e7573666f73746966656e65626d726574676e6f6c65685474696562    // raw_mem addr 000002dc;  byte addr 00005b80
7265687773747369746e6569637379626465766f72706e656562657661686e65    // raw_mem addr 000002dd;  byte addr 00005ba0
6f6d73697361626f6e736168656369766461796d666f74736572656874736165    // raw_mem addr 000002de;  byte addr 00005bc0
707865676e697265646e61656d6e776f796d6e616874656c6261696c65726572    // raw_mem addr 000002df;  byte addr 00005be0
6f6e6563697664617369687465736e65707369646c6c69774965636e65697265    // raw_mem addr 000002e0;  byte addr 00005c00
756f7972756f79666f797475616562646e617265776f70656874796f6a6e4577    // raw_mem addr 000002e1;  byte addr 00005c20
6e6174737265646e75746f6e6c6c6977756f59646e696d726576656e684f6874    // raw_mem addr 000002e2;  byte addr 00005c40
746e756874756f7972756f79666f797475616562646e617265776f7065687464    // raw_mem addr 000002e3;  byte addr 00005c60
737261657930326e69656d747375727474754264656461666576796568746c69    // raw_mem addr 000002e4;  byte addr 00005c80
61666c657372756f79666f736f746f687074616b6361626b6f6f6c6c6c756f79    // raw_mem addr 000002e5;  byte addr 00005ca0
776f68776f6e7073617267746e6163756f79796177616e696c6c61636572646e    // raw_mem addr 000002e6;  byte addr 00005cc0
6f68646e61756f7965726f66656279616c7974696c69626973736f706863756d    // raw_mem addr 000002e7;  byte addr 00005ce0
6f6e657261756f5964656b6f6f6c796c6c616572756f7973756f6c7562616677    // raw_mem addr 000002e8;  byte addr 00005d00
6173736572646441746e656d65636e656d6d6f4373747567656e6e6f56736174    // raw_mem addr 000002e9;  byte addr 00005d20
7373616c63656874666f6e656d656c746e6567646e6173656964614c54494d74    // raw_mem addr 000002ea;  byte addr 00005d40
6f79726566666f646c756f634966496e65657263736e7573726165573739666f    // raw_mem addr 000002eb;  byte addr 00005d60
6e65657263736e7573657275747566656874726f66706974656e6f796c6e6f75    // raw_mem addr 000002ec;  byte addr 00005d80
7573666f73746966656e65626d726574676e6f6c65685474696562646c756f77    // raw_mem addr 000002ed;  byte addr 00005da0
747369746e6569637379626465766f72706e656562657661686e65657263736e    // raw_mem addr 000002ee;  byte addr 00005dc0
61626f6e736168656369766461796d666f747365726568747361657265687773    // raw_mem addr 000002ef;  byte addr 00005de0
697265646e61656d6e776f796d6e616874656c6261696c657265726f6d736973    // raw_mem addr 000002f0;  byte addr 00005e00
7664617369687465736e65707369646c6c69774965636e65697265707865676e    // raw_mem addr 000002f1;  byte addr 00005e20
6f79666f797475616562646e617265776f70656874796f6a6e45776f6e656369    // raw_mem addr 000002f2;  byte addr 00005e40
65646e75746f6e6c6c6977756f59646e696d726576656e684f6874756f797275    // raw_mem addr 000002f3;  byte addr 00005e60
6d6d6f4373747567656e6e6f567472754b617265776f70656874646e61747372    // raw_mem addr 000002f4;  byte addr 00005e80
6e6567646e6173656964614c54494d746173736572646441746e656d65636e65    // raw_mem addr 000002f5;  byte addr 00005ea0
65657263736e7573726165573739666f7373616c63656874666f6e656d656c74    // raw_mem addr 000002f6;  byte addr 00005ec0
6874726f66706974656e6f796c6e6f756f79726566666f646c756f634966496e    // raw_mem addr 000002f7;  byte addr 00005ee0
676e6f6c65685474696562646c756f776e65657263736e757365727574756665    // raw_mem addr 000002f8;  byte addr 00005f00
706e656562657661686e65657263736e7573666f73746966656e65626d726574    // raw_mem addr 000002f9;  byte addr 00005f20
6f747365726568747361657265687773747369746e6569637379626465766f72    // raw_mem addr 000002fa;  byte addr 00005f40
74656c6261696c657265726f6d73697361626f6e736168656369766461796d66    // raw_mem addr 000002fb;  byte addr 00005f60
6c69774965636e65697265707865676e697265646e61656d6e776f796d6e6168    // raw_mem addr 000002fc;  byte addr 00005f80
6f70656874796f6a6e45776f6e6563697664617369687465736e65707369646c    // raw_mem addr 000002fd;  byte addr 00005fa0
696d726576656e684f6874756f7972756f79666f797475616562646e61726577    // raw_mem addr 000002fe;  byte addr 00005fc0
6e617265776f70656874646e6174737265646e75746f6e6c6c6977756f59646e    // raw_mem addr 000002ff;  byte addr 00005fe0
6461666576796568746c69746e756874756f7972756f79666f79747561656264    // raw_mem addr 00000300;  byte addr 00006000
61626b6f6f6c6c6c756f79737261657930326e69656d74737572747475426465    // raw_mem addr 00000301;  byte addr 00006020
616e696c6c61636572646e61666c657372756f79666f736f746f687074616b63    // raw_mem addr 00000302;  byte addr 00006040
69626973736f706863756d776f68776f6e7073617267746e6163756f79796177    // raw_mem addr 00000303;  byte addr 00006060
6f7973756f6c75626166776f68646e61756f7965726f66656279616c7974696c    // raw_mem addr 00000304;  byte addr 00006080
756f7973617461667361746f6e657261756f5964656b6f6f6c796c6c61657275    // raw_mem addr 00000305;  byte addr 000060a0
724f65727574756665687474756f62617972726f77746e6f44656e6967616d69    // raw_mem addr 00000306;  byte addr 000060c0
567472754b7567656e6e6f567472754b74616874776f6e6b7475627972726f77    // raw_mem addr 00000307;  byte addr 000060e0
54494d746173736572646441746e656d65636e656d6d6f4373747567656e6e6f    // raw_mem addr 00000308;  byte addr 00006100
3739666f7373616c63656874666f6e656d656c746e6567646e6173656964614c    // raw_mem addr 00000309;  byte addr 00006120
6c6e6f756f79726566666f646c756f634966496e65657263736e757372616557    // raw_mem addr 0000030a;  byte addr 00006140
6c756f776e65657263736e7573657275747566656874726f66706974656e6f79    // raw_mem addr 0000030b;  byte addr 00006160
7263736e7573666f73746966656e65626d726574676e6f6c6568547469656264    // raw_mem addr 0000030c;  byte addr 00006180
65687773747369746e6569637379626465766f72706e656562657661686e6565    // raw_mem addr 0000030d;  byte addr 000061a0
6d73697361626f6e736168656369766461796d666f7473657265687473616572    // raw_mem addr 0000030e;  byte addr 000061c0
7865676e697265646e61656d6e776f796d6e616874656c6261696c657265726f    // raw_mem addr 0000030f;  byte addr 000061e0
6e6563697664617369687465736e65707369646c6c69774965636e6569726570    // raw_mem addr 00000310;  byte addr 00006200
6f7972756f79666f797475616562646e617265776f70656874796f6a6e45776f    // raw_mem addr 00000311;  byte addr 00006220
6174737265646e75746f6e6c6c6977756f59646e696d726576656e684f687475    // raw_mem addr 00000312;  byte addr 00006240
6e756874756f7972756f79666f797475616562646e617265776f70656874646e    // raw_mem addr 00000313;  byte addr 00006260
7261657930326e69656d747375727474754264656461666576796568746c6974    // raw_mem addr 00000314;  byte addr 00006280
666c657372756f79666f736f746f687074616b6361626b6f6f6c6c6c756f7973    // raw_mem addr 00000315;  byte addr 000062a0
6f68776f6e7073617267746e6163756f79796177616e696c6c61636572646e61    // raw_mem addr 00000316;  byte addr 000062c0
68646e61756f7965726f66656279616c7974696c69626973736f706863756d77    // raw_mem addr 00000317;  byte addr 000062e0
6e657261756f5964656b6f6f6c796c6c616572756f7973756f6c75626166776f    // raw_mem addr 00000318;  byte addr 00006300
73736572646441746e656d65636e656d6d6f4373747567656e6e6f567361746f    // raw_mem addr 00000319;  byte addr 00006320
73616c63656874666f6e656d656c746e6567646e6173656964614c54494d7461    // raw_mem addr 0000031a;  byte addr 00006340
79726566666f646c756f634966496e65657263736e7573726165573739666f73    // raw_mem addr 0000031b;  byte addr 00006360
65657263736e7573657275747566656874726f66706974656e6f796c6e6f756f    // raw_mem addr 0000031c;  byte addr 00006380
73666f73746966656e65626d726574676e6f6c65685474696562646c756f776e    // raw_mem addr 0000031d;  byte addr 000063a0
7369746e6569637379626465766f72706e656562657661686e65657263736e75    // raw_mem addr 0000031e;  byte addr 000063c0
626f6e736168656369766461796d666f74736572656874736165726568777374    // raw_mem addr 0000031f;  byte addr 000063e0
7265646e61656d6e776f796d6e616874656c6261696c657265726f6d73697361    // raw_mem addr 00000320;  byte addr 00006400
64617369687465736e65707369646c6c69774965636e65697265707865676e69    // raw_mem addr 00000321;  byte addr 00006420
79666f797475616562646e617265776f70656874796f6a6e45776f6e65636976    // raw_mem addr 00000322;  byte addr 00006440
646e75746f6e6c6c6977756f59646e696d726576656e684f6874756f7972756f    // raw_mem addr 00000323;  byte addr 00006460
6d6f4373747567656e6e6f567472754b617265776f70656874646e6174737265    // raw_mem addr 00000324;  byte addr 00006480
6567646e6173656964614c54494d746173736572646441746e656d65636e656d    // raw_mem addr 00000325;  byte addr 000064a0
657263736e7573726165573739666f7373616c63656874666f6e656d656c746e    // raw_mem addr 00000326;  byte addr 000064c0
74726f66706974656e6f796c6e6f756f79726566666f646c756f634966496e65    // raw_mem addr 00000327;  byte addr 000064e0
6e6f6c65685474696562646c756f776e65657263736e75736572757475666568    // raw_mem addr 00000328;  byte addr 00006500
6e656562657661686e65657263736e7573666f73746966656e65626d72657467    // raw_mem addr 00000329;  byte addr 00006520
747365726568747361657265687773747369746e6569637379626465766f7270    // raw_mem addr 0000032a;  byte addr 00006540
656c6261696c657265726f6d73697361626f6e736168656369766461796d666f    // raw_mem addr 0000032b;  byte addr 00006560
69774965636e65697265707865676e697265646e61656d6e776f796d6e616874    // raw_mem addr 0000032c;  byte addr 00006580
70656874796f6a6e45776f6e6563697664617369687465736e65707369646c6c    // raw_mem addr 0000032d;  byte addr 000065a0
6d726576656e684f6874756f7972756f79666f797475616562646e617265776f    // raw_mem addr 0000032e;  byte addr 000065c0
617265776f70656874646e6174737265646e75746f6e6c6c6977756f59646e69    // raw_mem addr 0000032f;  byte addr 000065e0
61666576796568746c69746e756874756f7972756f79666f797475616562646e    // raw_mem addr 00000330;  byte addr 00006600
626b6f6f6c6c6c756f79737261657930326e69656d7473757274747542646564    // raw_mem addr 00000331;  byte addr 00006620
6e696c6c61636572646e61666c657372756f79666f736f746f687074616b6361    // raw_mem addr 00000332;  byte addr 00006640
626973736f706863756d776f68776f6e7073617267746e6163756f7979617761    // raw_mem addr 00000333;  byte addr 00006660
7973756f6c75626166776f68646e61756f7965726f66656279616c7974696c69    // raw_mem addr 00000334;  byte addr 00006680
6f7973617461667361746f6e657261756f5964656b6f6f6c796c6c616572756f    // raw_mem addr 00000335;  byte addr 000066a0
4f65727574756665687474756f62617972726f77746e6f44656e6967616d6975    // raw_mem addr 00000336;  byte addr 000066c0
7472754b7567656e6e6f567472754b74616874776f6e6b7475627972726f7772    // raw_mem addr 00000337;  byte addr 000066e0
494d746173736572646441746e656d65636e656d6d6f4373747567656e6e6f56    // raw_mem addr 00000338;  byte addr 00006700
39666f7373616c63656874666f6e656d656c746e6567646e6173656964614c54    // raw_mem addr 00000339;  byte addr 00006720
6e6f756f79726566666f646c756f634966496e65657263736e75737261655737    // raw_mem addr 0000033a;  byte addr 00006740
756f776e65657263736e7573657275747566656874726f66706974656e6f796c    // raw_mem addr 0000033b;  byte addr 00006760
63736e7573666f73746966656e65626d726574676e6f6c65685474696562646c    // raw_mem addr 0000033c;  byte addr 00006780
687773747369746e6569637379626465766f72706e656562657661686e656572    // raw_mem addr 0000033d;  byte addr 000067a0
73697361626f6e736168656369766461796d666f747365726568747361657265    // raw_mem addr 0000033e;  byte addr 000067c0
65676e697265646e61656d6e776f796d6e616874656c6261696c657265726f6d    // raw_mem addr 0000033f;  byte addr 000067e0
6563697664617369687465736e65707369646c6c69774965636e656972657078    // raw_mem addr 00000340;  byte addr 00006800
7972756f79666f797475616562646e617265776f70656874796f6a6e45776f6e    // raw_mem addr 00000341;  byte addr 00006820
74737265646e75746f6e6c6c6977756f59646e696d726576656e684f6874756f    // raw_mem addr 00000342;  byte addr 00006840
756874756f7972756f79666f797475616562646e617265776f70656874646e61    // raw_mem addr 00000343;  byte addr 00006860
61657930326e69656d747375727474754264656461666576796568746c69746e    // raw_mem addr 00000344;  byte addr 00006880
6c657372756f79666f736f746f687074616b6361626b6f6f6c6c6c756f797372    // raw_mem addr 00000345;  byte addr 000068a0
68776f6e7073617267746e6163756f79796177616e696c6c61636572646e6166    // raw_mem addr 00000346;  byte addr 000068c0
646e61756f7965726f66656279616c7974696c69626973736f706863756d776f    // raw_mem addr 00000347;  byte addr 000068e0
657261756f5964656b6f6f6c796c6c616572756f7973756f6c75626166776f68    // raw_mem addr 00000348;  byte addr 00006900
736572646441746e656d65636e656d6d6f4373747567656e6e6f567361746f6e    // raw_mem addr 00000349;  byte addr 00006920
616c63656874666f6e656d656c746e6567646e6173656964614c54494d746173    // raw_mem addr 0000034a;  byte addr 00006940
726566666f646c756f634966496e65657263736e7573726165573739666f7373    // raw_mem addr 0000034b;  byte addr 00006960
657263736e7573657275747566656874726f66706974656e6f796c6e6f756f79    // raw_mem addr 0000034c;  byte addr 00006980
666f73746966656e65626d726574676e6f6c65685474696562646c756f776e65    // raw_mem addr 0000034d;  byte addr 000069a0
69746e6569637379626465766f72706e656562657661686e65657263736e7573    // raw_mem addr 0000034e;  byte addr 000069c0
6f6e736168656369766461796d666f7473657265687473616572656877737473    // raw_mem addr 0000034f;  byte addr 000069e0
65646e61656d6e776f796d6e616874656c6261696c657265726f6d7369736162    // raw_mem addr 00000350;  byte addr 00006a00
617369687465736e65707369646c6c69774965636e65697265707865676e6972    // raw_mem addr 00000351;  byte addr 00006a20
666f797475616562646e617265776f70656874796f6a6e45776f6e6563697664    // raw_mem addr 00000352;  byte addr 00006a40
6e75746f6e6c6c6977756f59646e696d726576656e684f6874756f7972756f79    // raw_mem addr 00000353;  byte addr 00006a60
6f4373747567656e6e6f567472754b617265776f70656874646e617473726564    // raw_mem addr 00000354;  byte addr 00006a80
67646e6173656964614c54494d746173736572646441746e656d65636e656d6d    // raw_mem addr 00000355;  byte addr 00006aa0
7263736e7573726165573739666f7373616c63656874666f6e656d656c746e65    // raw_mem addr 00000356;  byte addr 00006ac0
726f66706974656e6f796c6e6f756f79726566666f646c756f634966496e6565    // raw_mem addr 00000357;  byte addr 00006ae0
6f6c65685474696562646c756f776e65657263736e7573657275747566656874    // raw_mem addr 00000358;  byte addr 00006b00
656562657661686e65657263736e7573666f73746966656e65626d726574676e    // raw_mem addr 00000359;  byte addr 00006b20
7365726568747361657265687773747369746e6569637379626465766f72706e    // raw_mem addr 0000035a;  byte addr 00006b40
6c6261696c657265726f6d73697361626f6e736168656369766461796d666f74    // raw_mem addr 0000035b;  byte addr 00006b60
774965636e65697265707865676e697265646e61656d6e776f796d6e61687465    // raw_mem addr 0000035c;  byte addr 00006b80
656874796f6a6e45776f6e6563697664617369687465736e65707369646c6c69    // raw_mem addr 0000035d;  byte addr 00006ba0
726576656e684f6874756f7972756f79666f797475616562646e617265776f70    // raw_mem addr 0000035e;  byte addr 00006bc0
7265776f70656874646e6174737265646e75746f6e6c6c6977756f59646e696d    // raw_mem addr 0000035f;  byte addr 00006be0
666576796568746c69746e756874756f7972756f79666f797475616562646e61    // raw_mem addr 00000360;  byte addr 00006c00
6b6f6f6c6c6c756f79737261657930326e69656d747375727474754264656461    // raw_mem addr 00000361;  byte addr 00006c20
696c6c61636572646e61666c657372756f79666f736f746f687074616b636162    // raw_mem addr 00000362;  byte addr 00006c40
6973736f706863756d776f68776f6e7073617267746e6163756f79796177616e    // raw_mem addr 00000363;  byte addr 00006c60
73756f6c75626166776f68646e61756f7965726f66656279616c7974696c6962    // raw_mem addr 00000364;  byte addr 00006c80
7973617461667361746f6e657261756f5964656b6f6f6c796c6c616572756f79    // raw_mem addr 00000365;  byte addr 00006ca0
65727574756665687474756f62617972726f77746e6f44656e6967616d69756f    // raw_mem addr 00000366;  byte addr 00006cc0
72754b7567656e6e6f567472754b74616874776f6e6b7475627972726f77724f    // raw_mem addr 00000367;  byte addr 00006ce0
4d746173736572646441746e656d65636e656d6d6f4373747567656e6e6f5674    // raw_mem addr 00000368;  byte addr 00006d00
666f7373616c63656874666f6e656d656c746e6567646e6173656964614c5449    // raw_mem addr 00000369;  byte addr 00006d20
6f756f79726566666f646c756f634966496e65657263736e7573726165573739    // raw_mem addr 0000036a;  byte addr 00006d40
6f776e65657263736e7573657275747566656874726f66706974656e6f796c6e    // raw_mem addr 0000036b;  byte addr 00006d60
736e7573666f73746966656e65626d726574676e6f6c65685474696562646c75    // raw_mem addr 0000036c;  byte addr 00006d80
7773747369746e6569637379626465766f72706e656562657661686e65657263    // raw_mem addr 0000036d;  byte addr 00006da0
697361626f6e736168656369766461796d666f74736572656874736165726568    // raw_mem addr 0000036e;  byte addr 00006dc0
676e697265646e61656d6e776f796d6e616874656c6261696c657265726f6d73    // raw_mem addr 0000036f;  byte addr 00006de0
63697664617369687465736e65707369646c6c69774965636e65697265707865    // raw_mem addr 00000370;  byte addr 00006e00
72756f79666f797475616562646e617265776f70656874796f6a6e45776f6e65    // raw_mem addr 00000371;  byte addr 00006e20
737265646e75746f6e6c6c6977756f59646e696d726576656e684f6874756f79    // raw_mem addr 00000372;  byte addr 00006e40
6874756f7972756f79666f797475616562646e617265776f70656874646e6174    // raw_mem addr 00000373;  byte addr 00006e60
657930326e69656d747375727474754264656461666576796568746c69746e75    // raw_mem addr 00000374;  byte addr 00006e80
657372756f79666f736f746f687074616b6361626b6f6f6c6c6c756f79737261    // raw_mem addr 00000375;  byte addr 00006ea0
776f6e7073617267746e6163756f79796177616e696c6c61636572646e61666c    // raw_mem addr 00000376;  byte addr 00006ec0
6e61756f7965726f66656279616c7974696c69626973736f706863756d776f68    // raw_mem addr 00000377;  byte addr 00006ee0
7261756f5964656b6f6f6c796c6c616572756f7973756f6c75626166776f6864    // raw_mem addr 00000378;  byte addr 00006f00
6572646441746e656d65636e656d6d6f4373747567656e6e6f567361746f6e65    // raw_mem addr 00000379;  byte addr 00006f20
6c63656874666f6e656d656c746e6567646e6173656964614c54494d74617373    // raw_mem addr 0000037a;  byte addr 00006f40
6566666f646c756f634966496e65657263736e7573726165573739666f737361    // raw_mem addr 0000037b;  byte addr 00006f60
7263736e7573657275747566656874726f66706974656e6f796c6e6f756f7972    // raw_mem addr 0000037c;  byte addr 00006f80
6f73746966656e65626d726574676e6f6c65685474696562646c756f776e6565    // raw_mem addr 0000037d;  byte addr 00006fa0
746e6569637379626465766f72706e656562657661686e65657263736e757366    // raw_mem addr 0000037e;  byte addr 00006fc0
6e736168656369766461796d666f747365726568747361657265687773747369    // raw_mem addr 0000037f;  byte addr 00006fe0
646e61656d6e776f796d6e616874656c6261696c657265726f6d73697361626f    // raw_mem addr 00000380;  byte addr 00007000
7369687465736e65707369646c6c69774965636e65697265707865676e697265    // raw_mem addr 00000381;  byte addr 00007020
6f797475616562646e617265776f70656874796f6a6e45776f6e656369766461    // raw_mem addr 00000382;  byte addr 00007040
75746f6e6c6c6977756f59646e696d726576656e684f6874756f7972756f7966    // raw_mem addr 00000383;  byte addr 00007060
4373747567656e6e6f567472754b617265776f70656874646e6174737265646e    // raw_mem addr 00000384;  byte addr 00007080
646e6173656964614c54494d746173736572646441746e656d65636e656d6d6f    // raw_mem addr 00000385;  byte addr 000070a0
63736e7573726165573739666f7373616c63656874666f6e656d656c746e6567    // raw_mem addr 00000386;  byte addr 000070c0
6f66706974656e6f796c6e6f756f79726566666f646c756f634966496e656572    // raw_mem addr 00000387;  byte addr 000070e0
6c65685474696562646c756f776e65657263736e757365727574756665687472    // raw_mem addr 00000388;  byte addr 00007100
6562657661686e65657263736e7573666f73746966656e65626d726574676e6f    // raw_mem addr 00000389;  byte addr 00007120
65726568747361657265687773747369746e6569637379626465766f72706e65    // raw_mem addr 0000038a;  byte addr 00007140
6261696c657265726f6d73697361626f6e736168656369766461796d666f7473    // raw_mem addr 0000038b;  byte addr 00007160
4965636e65697265707865676e697265646e61656d6e776f796d6e616874656c    // raw_mem addr 0000038c;  byte addr 00007180
6874796f6a6e45776f6e6563697664617369687465736e65707369646c6c6977    // raw_mem addr 0000038d;  byte addr 000071a0
6576656e684f6874756f7972756f79666f797475616562646e617265776f7065    // raw_mem addr 0000038e;  byte addr 000071c0
65776f70656874646e6174737265646e75746f6e6c6c6977756f59646e696d72    // raw_mem addr 0000038f;  byte addr 000071e0
6576796568746c69746e756874756f7972756f79666f797475616562646e6172    // raw_mem addr 00000390;  byte addr 00007200
6f6f6c6c6c756f79737261657930326e69656d74737572747475426465646166    // raw_mem addr 00000391;  byte addr 00007220
6c6c61636572646e61666c657372756f79666f736f746f687074616b6361626b    // raw_mem addr 00000392;  byte addr 00007240
73736f706863756d776f68776f6e7073617267746e6163756f79796177616e69    // raw_mem addr 00000393;  byte addr 00007260
756f6c75626166776f68646e61756f7965726f66656279616c7974696c696269    // raw_mem addr 00000394;  byte addr 00007280
73617461667361746f6e657261756f5964656b6f6f6c796c6c616572756f7973    // raw_mem addr 00000395;  byte addr 000072a0
727574756665687474756f62617972726f77746e6f44656e6967616d69756f79    // raw_mem addr 00000396;  byte addr 000072c0
754b7567656e6e6f567472754b74616874776f6e6b7475627972726f77724f65    // raw_mem addr 00000397;  byte addr 000072e0
746173736572646441746e656d65636e656d6d6f4373747567656e6e6f567472    // raw_mem addr 00000398;  byte addr 00007300
6f7373616c63656874666f6e656d656c746e6567646e6173656964614c54494d    // raw_mem addr 00000399;  byte addr 00007320
756f79726566666f646c756f634966496e65657263736e757372616557373966    // raw_mem addr 0000039a;  byte addr 00007340
776e65657263736e7573657275747566656874726f66706974656e6f796c6e6f    // raw_mem addr 0000039b;  byte addr 00007360
6e7573666f73746966656e65626d726574676e6f6c65685474696562646c756f    // raw_mem addr 0000039c;  byte addr 00007380
73747369746e6569637379626465766f72706e656562657661686e6565726373    // raw_mem addr 0000039d;  byte addr 000073a0
7361626f6e736168656369766461796d666f7473657265687473616572656877    // raw_mem addr 0000039e;  byte addr 000073c0
6e697265646e61656d6e776f796d6e616874656c6261696c657265726f6d7369    // raw_mem addr 0000039f;  byte addr 000073e0
697664617369687465736e65707369646c6c69774965636e6569726570786567    // raw_mem addr 000003a0;  byte addr 00007400
756f79666f797475616562646e617265776f70656874796f6a6e45776f6e6563    // raw_mem addr 000003a1;  byte addr 00007420
7265646e75746f6e6c6c6977756f59646e696d726576656e684f6874756f7972    // raw_mem addr 000003a2;  byte addr 00007440
74756f7972756f79666f797475616562646e617265776f70656874646e617473    // raw_mem addr 000003a3;  byte addr 00007460
7930326e69656d747375727474754264656461666576796568746c69746e7568    // raw_mem addr 000003a4;  byte addr 00007480
7372756f79666f736f746f687074616b6361626b6f6f6c6c6c756f7973726165    // raw_mem addr 000003a5;  byte addr 000074a0
6f6e7073617267746e6163756f79796177616e696c6c61636572646e61666c65    // raw_mem addr 000003a6;  byte addr 000074c0
61756f7965726f66656279616c7974696c69626973736f706863756d776f6877    // raw_mem addr 000003a7;  byte addr 000074e0
61756f5964656b6f6f6c796c6c616572756f7973756f6c75626166776f68646e    // raw_mem addr 000003a8;  byte addr 00007500
72646441746e656d65636e656d6d6f4373747567656e6e6f567361746f6e6572    // raw_mem addr 000003a9;  byte addr 00007520
63656874666f6e656d656c746e6567646e6173656964614c54494d7461737365    // raw_mem addr 000003aa;  byte addr 00007540
66666f646c756f634966496e65657263736e7573726165573739666f7373616c    // raw_mem addr 000003ab;  byte addr 00007560
63736e7573657275747566656874726f66706974656e6f796c6e6f756f797265    // raw_mem addr 000003ac;  byte addr 00007580
73746966656e65626d726574676e6f6c65685474696562646c756f776e656572    // raw_mem addr 000003ad;  byte addr 000075a0
6e6569637379626465766f72706e656562657661686e65657263736e7573666f    // raw_mem addr 000003ae;  byte addr 000075c0
736168656369766461796d666f74736572656874736165726568777374736974    // raw_mem addr 000003af;  byte addr 000075e0
6e61656d6e776f796d6e616874656c6261696c657265726f6d73697361626f6e    // raw_mem addr 000003b0;  byte addr 00007600
69687465736e65707369646c6c69774965636e65697265707865676e69726564    // raw_mem addr 000003b1;  byte addr 00007620
797475616562646e617265776f70656874796f6a6e45776f6e65636976646173    // raw_mem addr 000003b2;  byte addr 00007640
746f6e6c6c6977756f59646e696d726576656e684f6874756f7972756f79666f    // raw_mem addr 000003b3;  byte addr 00007660
73747567656e6e6f567472754b617265776f70656874646e6174737265646e75    // raw_mem addr 000003b4;  byte addr 00007680
6e6173656964614c54494d746173736572646441746e656d65636e656d6d6f43    // raw_mem addr 000003b5;  byte addr 000076a0
736e7573726165573739666f7373616c63656874666f6e656d656c746e656764    // raw_mem addr 000003b6;  byte addr 000076c0
66706974656e6f796c6e6f756f79726566666f646c756f634966496e65657263    // raw_mem addr 000003b7;  byte addr 000076e0
65685474696562646c756f776e65657263736e7573657275747566656874726f    // raw_mem addr 000003b8;  byte addr 00007700
62657661686e65657263736e7573666f73746966656e65626d726574676e6f6c    // raw_mem addr 000003b9;  byte addr 00007720
726568747361657265687773747369746e6569637379626465766f72706e6565    // raw_mem addr 000003ba;  byte addr 00007740
61696c657265726f6d73697361626f6e736168656369766461796d666f747365    // raw_mem addr 000003bb;  byte addr 00007760
65636e65697265707865676e697265646e61656d6e776f796d6e616874656c62    // raw_mem addr 000003bc;  byte addr 00007780
74796f6a6e45776f6e6563697664617369687465736e65707369646c6c697749    // raw_mem addr 000003bd;  byte addr 000077a0
76656e684f6874756f7972756f79666f797475616562646e617265776f706568    // raw_mem addr 000003be;  byte addr 000077c0
776f70656874646e6174737265646e75746f6e6c6c6977756f59646e696d7265    // raw_mem addr 000003bf;  byte addr 000077e0
76796568746c69746e756874756f7972756f79666f797475616562646e617265    // raw_mem addr 000003c0;  byte addr 00007800
6f6c6c6c756f79737261657930326e69656d7473757274747542646564616665    // raw_mem addr 000003c1;  byte addr 00007820
6c61636572646e61666c657372756f79666f736f746f687074616b6361626b6f    // raw_mem addr 000003c2;  byte addr 00007840
736f706863756d776f68776f6e7073617267746e6163756f79796177616e696c    // raw_mem addr 000003c3;  byte addr 00007860
6f6c75626166776f68646e61756f7965726f66656279616c7974696c69626973    // raw_mem addr 000003c4;  byte addr 00007880
617461667361746f6e657261756f5964656b6f6f6c796c6c616572756f797375    // raw_mem addr 000003c5;  byte addr 000078a0
7574756665687474756f62617972726f77746e6f44656e6967616d69756f7973    // raw_mem addr 000003c6;  byte addr 000078c0
4b7567656e6e6f567472754b74616874776f6e6b7475627972726f77724f6572    // raw_mem addr 000003c7;  byte addr 000078e0
6173736572646441746e656d65636e656d6d6f4373747567656e6e6f56747275    // raw_mem addr 000003c8;  byte addr 00007900
7373616c63656874666f6e656d656c746e6567646e6173656964614c54494d74    // raw_mem addr 000003c9;  byte addr 00007920
6f79726566666f646c756f634966496e65657263736e7573726165573739666f    // raw_mem addr 000003ca;  byte addr 00007940
6e65657263736e7573657275747566656874726f66706974656e6f796c6e6f75    // raw_mem addr 000003cb;  byte addr 00007960
7573666f73746966656e65626d726574676e6f6c65685474696562646c756f77    // raw_mem addr 000003cc;  byte addr 00007980
747369746e6569637379626465766f72706e656562657661686e65657263736e    // raw_mem addr 000003cd;  byte addr 000079a0
61626f6e736168656369766461796d666f747365726568747361657265687773    // raw_mem addr 000003ce;  byte addr 000079c0
697265646e61656d6e776f796d6e616874656c6261696c657265726f6d736973    // raw_mem addr 000003cf;  byte addr 000079e0
7664617369687465736e65707369646c6c69774965636e65697265707865676e    // raw_mem addr 000003d0;  byte addr 00007a00
6f79666f797475616562646e617265776f70656874796f6a6e45776f6e656369    // raw_mem addr 000003d1;  byte addr 00007a20
65646e75746f6e6c6c6977756f59646e696d726576656e684f6874756f797275    // raw_mem addr 000003d2;  byte addr 00007a40
756f7972756f79666f797475616562646e617265776f70656874646e61747372    // raw_mem addr 000003d3;  byte addr 00007a60
30326e69656d747375727474754264656461666576796568746c69746e756874    // raw_mem addr 000003d4;  byte addr 00007a80
72756f79666f736f746f687074616b6361626b6f6f6c6c6c756f797372616579    // raw_mem addr 000003d5;  byte addr 00007aa0
6e7073617267746e6163756f79796177616e696c6c61636572646e61666c6573    // raw_mem addr 000003d6;  byte addr 00007ac0
756f7965726f66656279616c7974696c69626973736f706863756d776f68776f    // raw_mem addr 000003d7;  byte addr 00007ae0
756f5964656b6f6f6c796c6c616572756f7973756f6c75626166776f68646e61    // raw_mem addr 000003d8;  byte addr 00007b00
646441746e656d65636e656d6d6f4373747567656e6e6f567361746f6e657261    // raw_mem addr 000003d9;  byte addr 00007b20
656874666f6e656d656c746e6567646e6173656964614c54494d746173736572    // raw_mem addr 000003da;  byte addr 00007b40
666f646c756f634966496e65657263736e7573726165573739666f7373616c63    // raw_mem addr 000003db;  byte addr 00007b60
736e7573657275747566656874726f66706974656e6f796c6e6f756f79726566    // raw_mem addr 000003dc;  byte addr 00007b80
746966656e65626d726574676e6f6c65685474696562646c756f776e65657263    // raw_mem addr 000003dd;  byte addr 00007ba0
6569637379626465766f72706e656562657661686e65657263736e7573666f73    // raw_mem addr 000003de;  byte addr 00007bc0
6168656369766461796d666f747365726568747361657265687773747369746e    // raw_mem addr 000003df;  byte addr 00007be0
61656d6e776f796d6e616874656c6261696c657265726f6d73697361626f6e73    // raw_mem addr 000003e0;  byte addr 00007c00
687465736e65707369646c6c69774965636e65697265707865676e697265646e    // raw_mem addr 000003e1;  byte addr 00007c20
7475616562646e617265776f70656874796f6a6e45776f6e6563697664617369    // raw_mem addr 000003e2;  byte addr 00007c40
6f6e6c6c6977756f59646e696d726576656e684f6874756f7972756f79666f79    // raw_mem addr 000003e3;  byte addr 00007c60
747567656e6e6f567472754b617265776f70656874646e6174737265646e7574    // raw_mem addr 000003e4;  byte addr 00007c80
6173656964614c54494d746173736572646441746e656d65636e656d6d6f4373    // raw_mem addr 000003e5;  byte addr 00007ca0
6e7573726165573739666f7373616c63656874666f6e656d656c746e6567646e    // raw_mem addr 000003e6;  byte addr 00007cc0
706974656e6f796c6e6f756f79726566666f646c756f634966496e6565726373    // raw_mem addr 000003e7;  byte addr 00007ce0
685474696562646c756f776e65657263736e7573657275747566656874726f66    // raw_mem addr 000003e8;  byte addr 00007d00
657661686e65657263736e7573666f73746966656e65626d726574676e6f6c65    // raw_mem addr 000003e9;  byte addr 00007d20
6568747361657265687773747369746e6569637379626465766f72706e656562    // raw_mem addr 000003ea;  byte addr 00007d40
696c657265726f6d73697361626f6e736168656369766461796d666f74736572    // raw_mem addr 000003eb;  byte addr 00007d60
636e65697265707865676e697265646e61656d6e776f796d6e616874656c6261    // raw_mem addr 000003ec;  byte addr 00007d80
796f6a6e45776f6e6563697664617369687465736e65707369646c6c69774965    // raw_mem addr 000003ed;  byte addr 00007da0
656e684f6874756f7972756f79666f797475616562646e617265776f70656874    // raw_mem addr 000003ee;  byte addr 00007dc0
6f70656874646e6174737265646e75746f6e6c6c6977756f59646e696d726576    // raw_mem addr 000003ef;  byte addr 00007de0
796568746c69746e756874756f7972756f79666f797475616562646e61726577    // raw_mem addr 000003f0;  byte addr 00007e00
6c6c6c756f79737261657930326e69656d747375727474754264656461666576    // raw_mem addr 000003f1;  byte addr 00007e20
61636572646e61666c657372756f79666f736f746f687074616b6361626b6f6f    // raw_mem addr 000003f2;  byte addr 00007e40
6f706863756d776f68776f6e7073617267746e6163756f79796177616e696c6c    // raw_mem addr 000003f3;  byte addr 00007e60
6c75626166776f68646e61756f7965726f66656279616c7974696c6962697373    // raw_mem addr 000003f4;  byte addr 00007e80
7461667361746f6e657261756f5964656b6f6f6c796c6c616572756f7973756f    // raw_mem addr 000003f5;  byte addr 00007ea0
74756665687474756f62617972726f77746e6f44656e6967616d69756f797361    // raw_mem addr 000003f6;  byte addr 00007ec0
7567656e6e6f567472754b74616874776f6e6b7475627972726f77724f657275    // raw_mem addr 000003f7;  byte addr 00007ee0
73736572646441746e656d65636e656d6d6f4373747567656e6e6f567472754b    // raw_mem addr 000003f8;  byte addr 00007f00
73616c63656874666f6e656d656c746e6567646e6173656964614c54494d7461    // raw_mem addr 000003f9;  byte addr 00007f20
79726566666f646c756f634966496e65657263736e7573726165573739666f73    // raw_mem addr 000003fa;  byte addr 00007f40
65657263736e7573657275747566656874726f66706974656e6f796c6e6f756f    // raw_mem addr 000003fb;  byte addr 00007f60
73666f73746966656e65626d726574676e6f6c65685474696562646c756f776e    // raw_mem addr 000003fc;  byte addr 00007f80
7369746e6569637379626465766f72706e656562657661686e65657263736e75    // raw_mem addr 000003fd;  byte addr 00007fa0
626f6e736168656369766461796d666f74736572656874736165726568777374    // raw_mem addr 000003fe;  byte addr 00007fc0
7265646e61656d6e776f796d6e616874656c6261696c657265726f6d73697361    // raw_mem addr 000003ff;  byte addr 00007fe0
64617369687465736e65707369646c6c69774965636e65697265707865676e69    // raw_mem addr 00000400;  byte addr 00008000
79666f797475616562646e617265776f70656874796f6a6e45776f6e65636976    // raw_mem addr 00000401;  byte addr 00008020
646e75746f6e6c6c6977756f59646e696d726576656e684f6874756f7972756f    // raw_mem addr 00000402;  byte addr 00008040
6f7972756f79666f797475616562646e617265776f70656874646e6174737265    // raw_mem addr 00000403;  byte addr 00008060
326e69656d747375727474754264656461666576796568746c69746e75687475    // raw_mem addr 00000404;  byte addr 00008080
756f79666f736f746f687074616b6361626b6f6f6c6c6c756f79737261657930    // raw_mem addr 00000405;  byte addr 000080a0
7073617267746e6163756f79796177616e696c6c61636572646e61666c657372    // raw_mem addr 00000406;  byte addr 000080c0
6f7965726f66656279616c7974696c69626973736f706863756d776f68776f6e    // raw_mem addr 00000407;  byte addr 000080e0
6f5964656b6f6f6c796c6c616572756f7973756f6c75626166776f68646e6175    // raw_mem addr 00000408;  byte addr 00008100
6441746e656d65636e656d6d6f4373747567656e6e6f567361746f6e65726175    // raw_mem addr 00000409;  byte addr 00008120
6874666f6e656d656c746e6567646e6173656964614c54494d74617373657264    // raw_mem addr 0000040a;  byte addr 00008140
6f646c756f634966496e65657263736e7573726165573739666f7373616c6365    // raw_mem addr 0000040b;  byte addr 00008160
6e7573657275747566656874726f66706974656e6f796c6e6f756f7972656666    // raw_mem addr 0000040c;  byte addr 00008180
6966656e65626d726574676e6f6c65685474696562646c756f776e6565726373    // raw_mem addr 0000040d;  byte addr 000081a0
69637379626465766f72706e656562657661686e65657263736e7573666f7374    // raw_mem addr 0000040e;  byte addr 000081c0
68656369766461796d666f747365726568747361657265687773747369746e65    // raw_mem addr 0000040f;  byte addr 000081e0
656d6e776f796d6e616874656c6261696c657265726f6d73697361626f6e7361    // raw_mem addr 00000410;  byte addr 00008200
7465736e65707369646c6c69774965636e65697265707865676e697265646e61    // raw_mem addr 00000411;  byte addr 00008220
75616562646e617265776f70656874796f6a6e45776f6e656369766461736968    // raw_mem addr 00000412;  byte addr 00008240
6e6c6c6977756f59646e696d726576656e684f6874756f7972756f79666f7974    // raw_mem addr 00000413;  byte addr 00008260
7567656e6e6f567472754b617265776f70656874646e6174737265646e75746f    // raw_mem addr 00000414;  byte addr 00008280
73656964614c54494d746173736572646441746e656d65636e656d6d6f437374    // raw_mem addr 00000415;  byte addr 000082a0
7573726165573739666f7373616c63656874666f6e656d656c746e6567646e61    // raw_mem addr 00000416;  byte addr 000082c0
6974656e6f796c6e6f756f79726566666f646c756f634966496e65657263736e    // raw_mem addr 00000417;  byte addr 000082e0
5474696562646c756f776e65657263736e7573657275747566656874726f6670    // raw_mem addr 00000418;  byte addr 00008300
7661686e65657263736e7573666f73746966656e65626d726574676e6f6c6568    // raw_mem addr 00000419;  byte addr 00008320
68747361657265687773747369746e6569637379626465766f72706e65656265    // raw_mem addr 0000041a;  byte addr 00008340
6c657265726f6d73697361626f6e736168656369766461796d666f7473657265    // raw_mem addr 0000041b;  byte addr 00008360
6e65697265707865676e697265646e61656d6e776f796d6e616874656c626169    // raw_mem addr 0000041c;  byte addr 00008380
6f6a6e45776f6e6563697664617369687465736e65707369646c6c6977496563    // raw_mem addr 0000041d;  byte addr 000083a0
6e684f6874756f7972756f79666f797475616562646e617265776f7065687479    // raw_mem addr 0000041e;  byte addr 000083c0
70656874646e6174737265646e75746f6e6c6c6977756f59646e696d72657665    // raw_mem addr 0000041f;  byte addr 000083e0
6568746c69746e756874756f7972756f79666f797475616562646e617265776f    // raw_mem addr 00000420;  byte addr 00008400
6c6c756f79737261657930326e69656d74737572747475426465646166657679    // raw_mem addr 00000421;  byte addr 00008420
636572646e61666c657372756f79666f736f746f687074616b6361626b6f6f6c    // raw_mem addr 00000422;  byte addr 00008440
706863756d776f68776f6e7073617267746e6163756f79796177616e696c6c61    // raw_mem addr 00000423;  byte addr 00008460
75626166776f68646e61756f7965726f66656279616c7974696c69626973736f    // raw_mem addr 00000424;  byte addr 00008480
61667361746f6e657261756f5964656b6f6f6c796c6c616572756f7973756f6c    // raw_mem addr 00000425;  byte addr 000084a0
756665687474756f62617972726f77746e6f44656e6967616d69756f79736174    // raw_mem addr 00000426;  byte addr 000084c0
67656e6e6f567472754b74616874776f6e6b7475627972726f77724f65727574    // raw_mem addr 00000427;  byte addr 000084e0
736572646441746e656d65636e656d6d6f4373747567656e6e6f567472754b75    // raw_mem addr 00000428;  byte addr 00008500
616c63656874666f6e656d656c746e6567646e6173656964614c54494d746173    // raw_mem addr 00000429;  byte addr 00008520
726566666f646c756f634966496e65657263736e7573726165573739666f7373    // raw_mem addr 0000042a;  byte addr 00008540
657263736e7573657275747566656874726f66706974656e6f796c6e6f756f79    // raw_mem addr 0000042b;  byte addr 00008560
666f73746966656e65626d726574676e6f6c65685474696562646c756f776e65    // raw_mem addr 0000042c;  byte addr 00008580
69746e6569637379626465766f72706e656562657661686e65657263736e7573    // raw_mem addr 0000042d;  byte addr 000085a0
6f6e736168656369766461796d666f7473657265687473616572656877737473    // raw_mem addr 0000042e;  byte addr 000085c0
65646e61656d6e776f796d6e616874656c6261696c657265726f6d7369736162    // raw_mem addr 0000042f;  byte addr 000085e0
617369687465736e65707369646c6c69774965636e65697265707865676e6972    // raw_mem addr 00000430;  byte addr 00008600
666f797475616562646e617265776f70656874796f6a6e45776f6e6563697664    // raw_mem addr 00000431;  byte addr 00008620
6e75746f6e6c6c6977756f59646e696d726576656e684f6874756f7972756f79    // raw_mem addr 00000432;  byte addr 00008640
7972756f79666f797475616562646e617265776f70656874646e617473726564    // raw_mem addr 00000433;  byte addr 00008660
6e69656d747375727474754264656461666576796568746c69746e756874756f    // raw_mem addr 00000434;  byte addr 00008680
6f79666f736f746f687074616b6361626b6f6f6c6c6c756f7973726165793032    // raw_mem addr 00000435;  byte addr 000086a0
73617267746e6163756f79796177616e696c6c61636572646e61666c65737275    // raw_mem addr 00000436;  byte addr 000086c0
7965726f66656279616c7974696c69626973736f706863756d776f68776f6e70    // raw_mem addr 00000437;  byte addr 000086e0
5964656b6f6f6c796c6c616572756f7973756f6c75626166776f68646e61756f    // raw_mem addr 00000438;  byte addr 00008700
41746e656d65636e656d6d6f4373747567656e6e6f567361746f6e657261756f    // raw_mem addr 00000439;  byte addr 00008720
74666f6e656d656c746e6567646e6173656964614c54494d7461737365726464    // raw_mem addr 0000043a;  byte addr 00008740
646c756f634966496e65657263736e7573726165573739666f7373616c636568    // raw_mem addr 0000043b;  byte addr 00008760
7573657275747566656874726f66706974656e6f796c6e6f756f79726566666f    // raw_mem addr 0000043c;  byte addr 00008780
66656e65626d726574676e6f6c65685474696562646c756f776e65657263736e    // raw_mem addr 0000043d;  byte addr 000087a0
637379626465766f72706e656562657661686e65657263736e7573666f737469    // raw_mem addr 0000043e;  byte addr 000087c0
656369766461796d666f747365726568747361657265687773747369746e6569    // raw_mem addr 0000043f;  byte addr 000087e0
6d6e776f796d6e616874656c6261696c657265726f6d73697361626f6e736168    // raw_mem addr 00000440;  byte addr 00008800
65736e65707369646c6c69774965636e65697265707865676e697265646e6165    // raw_mem addr 00000441;  byte addr 00008820
616562646e617265776f70656874796f6a6e45776f6e65636976646173696874    // raw_mem addr 00000442;  byte addr 00008840
6c6c6977756f59646e696d726576656e684f6874756f7972756f79666f797475    // raw_mem addr 00000443;  byte addr 00008860
67656e6e6f567472754b617265776f70656874646e6174737265646e75746f6e    // raw_mem addr 00000444;  byte addr 00008880
656964614c54494d746173736572646441746e656d65636e656d6d6f43737475    // raw_mem addr 00000445;  byte addr 000088a0
73726165573739666f7373616c63656874666f6e656d656c746e6567646e6173    // raw_mem addr 00000446;  byte addr 000088c0
74656e6f796c6e6f756f79726566666f646c756f634966496e65657263736e75    // raw_mem addr 00000447;  byte addr 000088e0
74696562646c756f776e65657263736e7573657275747566656874726f667069    // raw_mem addr 00000448;  byte addr 00008900
61686e65657263736e7573666f73746966656e65626d726574676e6f6c656854    // raw_mem addr 00000449;  byte addr 00008920
747361657265687773747369746e6569637379626465766f72706e6565626576    // raw_mem addr 0000044a;  byte addr 00008940
657265726f6d73697361626f6e736168656369766461796d666f747365726568    // raw_mem addr 0000044b;  byte addr 00008960
65697265707865676e697265646e61656d6e776f796d6e616874656c6261696c    // raw_mem addr 0000044c;  byte addr 00008980
6a6e45776f6e6563697664617369687465736e65707369646c6c69774965636e    // raw_mem addr 0000044d;  byte addr 000089a0
684f6874756f7972756f79666f797475616562646e617265776f70656874796f    // raw_mem addr 0000044e;  byte addr 000089c0
656874646e6174737265646e75746f6e6c6c6977756f59646e696d726576656e    // raw_mem addr 0000044f;  byte addr 000089e0
68746c69746e756874756f7972756f79666f797475616562646e617265776f70    // raw_mem addr 00000450;  byte addr 00008a00
6c756f79737261657930326e69656d7473757274747542646564616665767965    // raw_mem addr 00000451;  byte addr 00008a20
6572646e61666c657372756f79666f736f746f687074616b6361626b6f6f6c6c    // raw_mem addr 00000452;  byte addr 00008a40
6863756d776f68776f6e7073617267746e6163756f79796177616e696c6c6163    // raw_mem addr 00000453;  byte addr 00008a60
626166776f68646e61756f7965726f66656279616c7974696c69626973736f70    // raw_mem addr 00000454;  byte addr 00008a80
667361746f6e657261756f5964656b6f6f6c796c6c616572756f7973756f6c75    // raw_mem addr 00000455;  byte addr 00008aa0
6665687474756f62617972726f77746e6f44656e6967616d69756f7973617461    // raw_mem addr 00000456;  byte addr 00008ac0
656e6e6f567472754b74616874776f6e6b7475627972726f77724f6572757475    // raw_mem addr 00000457;  byte addr 00008ae0
6572646441746e656d65636e656d6d6f4373747567656e6e6f567472754b7567    // raw_mem addr 00000458;  byte addr 00008b00
6c63656874666f6e656d656c746e6567646e6173656964614c54494d74617373    // raw_mem addr 00000459;  byte addr 00008b20
6566666f646c756f634966496e65657263736e7573726165573739666f737361    // raw_mem addr 0000045a;  byte addr 00008b40
7263736e7573657275747566656874726f66706974656e6f796c6e6f756f7972    // raw_mem addr 0000045b;  byte addr 00008b60
6f73746966656e65626d726574676e6f6c65685474696562646c756f776e6565    // raw_mem addr 0000045c;  byte addr 00008b80
746e6569637379626465766f72706e656562657661686e65657263736e757366    // raw_mem addr 0000045d;  byte addr 00008ba0
6e736168656369766461796d666f747365726568747361657265687773747369    // raw_mem addr 0000045e;  byte addr 00008bc0
646e61656d6e776f796d6e616874656c6261696c657265726f6d73697361626f    // raw_mem addr 0000045f;  byte addr 00008be0
7369687465736e65707369646c6c69774965636e65697265707865676e697265    // raw_mem addr 00000460;  byte addr 00008c00
6f797475616562646e617265776f70656874796f6a6e45776f6e656369766461    // raw_mem addr 00000461;  byte addr 00008c20
75746f6e6c6c6977756f59646e696d726576656e684f6874756f7972756f7966    // raw_mem addr 00000462;  byte addr 00008c40
72756f79666f797475616562646e617265776f70656874646e6174737265646e    // raw_mem addr 00000463;  byte addr 00008c60
69656d747375727474754264656461666576796568746c69746e756874756f79    // raw_mem addr 00000464;  byte addr 00008c80
79666f736f746f687074616b6361626b6f6f6c6c6c756f79737261657930326e    // raw_mem addr 00000465;  byte addr 00008ca0
617267746e6163756f79796177616e696c6c61636572646e61666c657372756f    // raw_mem addr 00000466;  byte addr 00008cc0
65726f66656279616c7974696c69626973736f706863756d776f68776f6e7073    // raw_mem addr 00000467;  byte addr 00008ce0
64656b6f6f6c796c6c616572756f7973756f6c75626166776f68646e61756f79    // raw_mem addr 00000468;  byte addr 00008d00
746e656d65636e656d6d6f4373747567656e6e6f567361746f6e657261756f59    // raw_mem addr 00000469;  byte addr 00008d20
666f6e656d656c746e6567646e6173656964614c54494d746173736572646441    // raw_mem addr 0000046a;  byte addr 00008d40
6c756f634966496e65657263736e7573726165573739666f7373616c63656874    // raw_mem addr 0000046b;  byte addr 00008d60
73657275747566656874726f66706974656e6f796c6e6f756f79726566666f64    // raw_mem addr 0000046c;  byte addr 00008d80
656e65626d726574676e6f6c65685474696562646c756f776e65657263736e75    // raw_mem addr 0000046d;  byte addr 00008da0
7379626465766f72706e656562657661686e65657263736e7573666f73746966    // raw_mem addr 0000046e;  byte addr 00008dc0
6369766461796d666f747365726568747361657265687773747369746e656963    // raw_mem addr 0000046f;  byte addr 00008de0
6e776f796d6e616874656c6261696c657265726f6d73697361626f6e73616865    // raw_mem addr 00000470;  byte addr 00008e00
736e65707369646c6c69774965636e65697265707865676e697265646e61656d    // raw_mem addr 00000471;  byte addr 00008e20
6562646e617265776f70656874796f6a6e45776f6e6563697664617369687465    // raw_mem addr 00000472;  byte addr 00008e40
6c6977756f59646e696d726576656e684f6874756f7972756f79666f79747561    // raw_mem addr 00000473;  byte addr 00008e60
656e6e6f567472754b617265776f70656874646e6174737265646e75746f6e6c    // raw_mem addr 00000474;  byte addr 00008e80
6964614c54494d746173736572646441746e656d65636e656d6d6f4373747567    // raw_mem addr 00000475;  byte addr 00008ea0
726165573739666f7373616c63656874666f6e656d656c746e6567646e617365    // raw_mem addr 00000476;  byte addr 00008ec0
656e6f796c6e6f756f79726566666f646c756f634966496e65657263736e7573    // raw_mem addr 00000477;  byte addr 00008ee0
696562646c756f776e65657263736e7573657275747566656874726f66706974    // raw_mem addr 00000478;  byte addr 00008f00
686e65657263736e7573666f73746966656e65626d726574676e6f6c65685474    // raw_mem addr 00000479;  byte addr 00008f20
7361657265687773747369746e6569637379626465766f72706e656562657661    // raw_mem addr 0000047a;  byte addr 00008f40
7265726f6d73697361626f6e736168656369766461796d666f74736572656874    // raw_mem addr 0000047b;  byte addr 00008f60
697265707865676e697265646e61656d6e776f796d6e616874656c6261696c65    // raw_mem addr 0000047c;  byte addr 00008f80
6e45776f6e6563697664617369687465736e65707369646c6c69774965636e65    // raw_mem addr 0000047d;  byte addr 00008fa0
4f6874756f7972756f79666f797475616562646e617265776f70656874796f6a    // raw_mem addr 0000047e;  byte addr 00008fc0
6874646e6174737265646e75746f6e6c6c6977756f59646e696d726576656e68    // raw_mem addr 0000047f;  byte addr 00008fe0
746c69746e756874756f7972756f79666f797475616562646e617265776f7065    // raw_mem addr 00000480;  byte addr 00009000
756f79737261657930326e69656d747375727474754264656461666576796568    // raw_mem addr 00000481;  byte addr 00009020
72646e61666c657372756f79666f736f746f687074616b6361626b6f6f6c6c6c    // raw_mem addr 00000482;  byte addr 00009040
63756d776f68776f6e7073617267746e6163756f79796177616e696c6c616365    // raw_mem addr 00000483;  byte addr 00009060
6166776f68646e61756f7965726f66656279616c7974696c69626973736f7068    // raw_mem addr 00000484;  byte addr 00009080
7361746f6e657261756f5964656b6f6f6c796c6c616572756f7973756f6c7562    // raw_mem addr 00000485;  byte addr 000090a0
65687474756f62617972726f77746e6f44656e6967616d69756f797361746166    // raw_mem addr 00000486;  byte addr 000090c0
6e6e6f567472754b74616874776f6e6b7475627972726f77724f657275747566    // raw_mem addr 00000487;  byte addr 000090e0
72646441746e656d65636e656d6d6f4373747567656e6e6f567472754b756765    // raw_mem addr 00000488;  byte addr 00009100
63656874666f6e656d656c746e6567646e6173656964614c54494d7461737365    // raw_mem addr 00000489;  byte addr 00009120
66666f646c756f634966496e65657263736e7573726165573739666f7373616c    // raw_mem addr 0000048a;  byte addr 00009140
63736e7573657275747566656874726f66706974656e6f796c6e6f756f797265    // raw_mem addr 0000048b;  byte addr 00009160
73746966656e65626d726574676e6f6c65685474696562646c756f776e656572    // raw_mem addr 0000048c;  byte addr 00009180
6e6569637379626465766f72706e656562657661686e65657263736e7573666f    // raw_mem addr 0000048d;  byte addr 000091a0
736168656369766461796d666f74736572656874736165726568777374736974    // raw_mem addr 0000048e;  byte addr 000091c0
6e61656d6e776f796d6e616874656c6261696c657265726f6d73697361626f6e    // raw_mem addr 0000048f;  byte addr 000091e0
69687465736e65707369646c6c69774965636e65697265707865676e69726564    // raw_mem addr 00000490;  byte addr 00009200
797475616562646e617265776f70656874796f6a6e45776f6e65636976646173    // raw_mem addr 00000491;  byte addr 00009220
746f6e6c6c6977756f59646e696d726576656e684f6874756f7972756f79666f    // raw_mem addr 00000492;  byte addr 00009240
756f79666f797475616562646e617265776f70656874646e6174737265646e75    // raw_mem addr 00000493;  byte addr 00009260
656d747375727474754264656461666576796568746c69746e756874756f7972    // raw_mem addr 00000494;  byte addr 00009280
666f736f746f687074616b6361626b6f6f6c6c6c756f79737261657930326e69    // raw_mem addr 00000495;  byte addr 000092a0
7267746e6163756f79796177616e696c6c61636572646e61666c657372756f79    // raw_mem addr 00000496;  byte addr 000092c0
726f66656279616c7974696c69626973736f706863756d776f68776f6e707361    // raw_mem addr 00000497;  byte addr 000092e0
656b6f6f6c796c6c616572756f7973756f6c75626166776f68646e61756f7965    // raw_mem addr 00000498;  byte addr 00009300
6e656d65636e656d6d6f4373747567656e6e6f567361746f6e657261756f5964    // raw_mem addr 00000499;  byte addr 00009320
6f6e656d656c746e6567646e6173656964614c54494d74617373657264644174    // raw_mem addr 0000049a;  byte addr 00009340
756f634966496e65657263736e7573726165573739666f7373616c6365687466    // raw_mem addr 0000049b;  byte addr 00009360
657275747566656874726f66706974656e6f796c6e6f756f79726566666f646c    // raw_mem addr 0000049c;  byte addr 00009380
6e65626d726574676e6f6c65685474696562646c756f776e65657263736e7573    // raw_mem addr 0000049d;  byte addr 000093a0
79626465766f72706e656562657661686e65657263736e7573666f7374696665    // raw_mem addr 0000049e;  byte addr 000093c0
69766461796d666f747365726568747361657265687773747369746e65696373    // raw_mem addr 0000049f;  byte addr 000093e0
776f796d6e616874656c6261696c657265726f6d73697361626f6e7361686563    // raw_mem addr 000004a0;  byte addr 00009400
6e65707369646c6c69774965636e65697265707865676e697265646e61656d6e    // raw_mem addr 000004a1;  byte addr 00009420
62646e617265776f70656874796f6a6e45776f6e656369766461736968746573    // raw_mem addr 000004a2;  byte addr 00009440
6977756f59646e696d726576656e684f6874756f7972756f79666f7974756165    // raw_mem addr 000004a3;  byte addr 00009460
6e6e6f567472754b617265776f70656874646e6174737265646e75746f6e6c6c    // raw_mem addr 000004a4;  byte addr 00009480
64614c54494d746173736572646441746e656d65636e656d6d6f437374756765    // raw_mem addr 000004a5;  byte addr 000094a0
6165573739666f7373616c63656874666f6e656d656c746e6567646e61736569    // raw_mem addr 000004a6;  byte addr 000094c0
6e6f796c6e6f756f79726566666f646c756f634966496e65657263736e757372    // raw_mem addr 000004a7;  byte addr 000094e0
6562646c756f776e65657263736e7573657275747566656874726f6670697465    // raw_mem addr 000004a8;  byte addr 00009500
6e65657263736e7573666f73746966656e65626d726574676e6f6c6568547469    // raw_mem addr 000004a9;  byte addr 00009520
61657265687773747369746e6569637379626465766f72706e65656265766168    // raw_mem addr 000004aa;  byte addr 00009540
65726f6d73697361626f6e736168656369766461796d666f7473657265687473    // raw_mem addr 000004ab;  byte addr 00009560
7265707865676e697265646e61656d6e776f796d6e616874656c6261696c6572    // raw_mem addr 000004ac;  byte addr 00009580
45776f6e6563697664617369687465736e65707369646c6c69774965636e6569    // raw_mem addr 000004ad;  byte addr 000095a0
6874756f7972756f79666f797475616562646e617265776f70656874796f6a6e    // raw_mem addr 000004ae;  byte addr 000095c0
74646e6174737265646e75746f6e6c6c6977756f59646e696d726576656e684f    // raw_mem addr 000004af;  byte addr 000095e0
6c69746e756874756f7972756f79666f797475616562646e617265776f706568    // raw_mem addr 000004b0;  byte addr 00009600
6f79737261657930326e69656d74737572747475426465646166657679656874    // raw_mem addr 000004b1;  byte addr 00009620
646e61666c657372756f79666f736f746f687074616b6361626b6f6f6c6c6c75    // raw_mem addr 000004b2;  byte addr 00009640
756d776f68776f6e7073617267746e6163756f79796177616e696c6c61636572    // raw_mem addr 000004b3;  byte addr 00009660
66776f68646e61756f7965726f66656279616c7974696c69626973736f706863    // raw_mem addr 000004b4;  byte addr 00009680
61746f6e657261756f5964656b6f6f6c796c6c616572756f7973756f6c756261    // raw_mem addr 000004b5;  byte addr 000096a0
687474756f62617972726f77746e6f44656e6967616d69756f79736174616673    // raw_mem addr 000004b6;  byte addr 000096c0
6e6f567472754b74616874776f6e6b7475627972726f77724f65727574756665    // raw_mem addr 000004b7;  byte addr 000096e0
646441746e656d65636e656d6d6f4373747567656e6e6f567472754b7567656e    // raw_mem addr 000004b8;  byte addr 00009700
656874666f6e656d656c746e6567646e6173656964614c54494d746173736572    // raw_mem addr 000004b9;  byte addr 00009720
666f646c756f634966496e65657263736e7573726165573739666f7373616c63    // raw_mem addr 000004ba;  byte addr 00009740
736e7573657275747566656874726f66706974656e6f796c6e6f756f79726566    // raw_mem addr 000004bb;  byte addr 00009760
746966656e65626d726574676e6f6c65685474696562646c756f776e65657263    // raw_mem addr 000004bc;  byte addr 00009780
6569637379626465766f72706e656562657661686e65657263736e7573666f73    // raw_mem addr 000004bd;  byte addr 000097a0
6168656369766461796d666f747365726568747361657265687773747369746e    // raw_mem addr 000004be;  byte addr 000097c0
61656d6e776f796d6e616874656c6261696c657265726f6d73697361626f6e73    // raw_mem addr 000004bf;  byte addr 000097e0
687465736e65707369646c6c69774965636e65697265707865676e697265646e    // raw_mem addr 000004c0;  byte addr 00009800
7475616562646e617265776f70656874796f6a6e45776f6e6563697664617369    // raw_mem addr 000004c1;  byte addr 00009820
6f6e6c6c6977756f59646e696d726576656e684f6874756f7972756f79666f79    // raw_mem addr 000004c2;  byte addr 00009840
6f79666f797475616562646e617265776f70656874646e6174737265646e7574    // raw_mem addr 000004c3;  byte addr 00009860
6d747375727474754264656461666576796568746c69746e756874756f797275    // raw_mem addr 000004c4;  byte addr 00009880
6f736f746f687074616b6361626b6f6f6c6c6c756f79737261657930326e6965    // raw_mem addr 000004c5;  byte addr 000098a0
67746e6163756f79796177616e696c6c61636572646e61666c657372756f7966    // raw_mem addr 000004c6;  byte addr 000098c0
6f66656279616c7974696c69626973736f706863756d776f68776f6e70736172    // raw_mem addr 000004c7;  byte addr 000098e0
6b6f6f6c796c6c616572756f7973756f6c75626166776f68646e61756f796572    // raw_mem addr 000004c8;  byte addr 00009900
656d65636e656d6d6f4373747567656e6e6f567361746f6e657261756f596465    // raw_mem addr 000004c9;  byte addr 00009920
6e656d656c746e6567646e6173656964614c54494d746173736572646441746e    // raw_mem addr 000004ca;  byte addr 00009940
6f634966496e65657263736e7573726165573739666f7373616c63656874666f    // raw_mem addr 000004cb;  byte addr 00009960
7275747566656874726f66706974656e6f796c6e6f756f79726566666f646c75    // raw_mem addr 000004cc;  byte addr 00009980
65626d726574676e6f6c65685474696562646c756f776e65657263736e757365    // raw_mem addr 000004cd;  byte addr 000099a0
626465766f72706e656562657661686e65657263736e7573666f73746966656e    // raw_mem addr 000004ce;  byte addr 000099c0
766461796d666f747365726568747361657265687773747369746e6569637379    // raw_mem addr 000004cf;  byte addr 000099e0
6f796d6e616874656c6261696c657265726f6d73697361626f6e736168656369    // raw_mem addr 000004d0;  byte addr 00009a00
65707369646c6c69774965636e65697265707865676e697265646e61656d6e77    // raw_mem addr 000004d1;  byte addr 00009a20
646e617265776f70656874796f6a6e45776f6e6563697664617369687465736e    // raw_mem addr 000004d2;  byte addr 00009a40
77756f59646e696d726576656e684f6874756f7972756f79666f797475616562    // raw_mem addr 000004d3;  byte addr 00009a60
6e6f567472754b617265776f70656874646e6174737265646e75746f6e6c6c69    // raw_mem addr 000004d4;  byte addr 00009a80
614c54494d746173736572646441746e656d65636e656d6d6f4373747567656e    // raw_mem addr 000004d5;  byte addr 00009aa0
65573739666f7373616c63656874666f6e656d656c746e6567646e6173656964    // raw_mem addr 000004d6;  byte addr 00009ac0
6f796c6e6f756f79726566666f646c756f634966496e65657263736e75737261    // raw_mem addr 000004d7;  byte addr 00009ae0
62646c756f776e65657263736e7573657275747566656874726f66706974656e    // raw_mem addr 000004d8;  byte addr 00009b00
65657263736e7573666f73746966656e65626d726574676e6f6c656854746965    // raw_mem addr 000004d9;  byte addr 00009b20
657265687773747369746e6569637379626465766f72706e656562657661686e    // raw_mem addr 000004da;  byte addr 00009b40
726f6d73697361626f6e736168656369766461796d666f747365726568747361    // raw_mem addr 000004db;  byte addr 00009b60
65707865676e697265646e61656d6e776f796d6e616874656c6261696c657265    // raw_mem addr 000004dc;  byte addr 00009b80
776f6e6563697664617369687465736e65707369646c6c69774965636e656972    // raw_mem addr 000004dd;  byte addr 00009ba0
74756f7972756f79666f797475616562646e617265776f70656874796f6a6e45    // raw_mem addr 000004de;  byte addr 00009bc0
646e6174737265646e75746f6e6c6c6977756f59646e696d726576656e684f68    // raw_mem addr 000004df;  byte addr 00009be0
69746e756874756f7972756f79666f797475616562646e617265776f70656874    // raw_mem addr 000004e0;  byte addr 00009c00
79737261657930326e69656d747375727474754264656461666576796568746c    // raw_mem addr 000004e1;  byte addr 00009c20
6e61666c657372756f79666f736f746f687074616b6361626b6f6f6c6c6c756f    // raw_mem addr 000004e2;  byte addr 00009c40
6d776f68776f6e7073617267746e6163756f79796177616e696c6c6163657264    // raw_mem addr 000004e3;  byte addr 00009c60
776f68646e61756f7965726f66656279616c7974696c69626973736f70686375    // raw_mem addr 000004e4;  byte addr 00009c80
746f6e657261756f5964656b6f6f6c796c6c616572756f7973756f6c75626166    // raw_mem addr 000004e5;  byte addr 00009ca0
7474756f62617972726f77746e6f44656e6967616d69756f7973617461667361    // raw_mem addr 000004e6;  byte addr 00009cc0
6f567472754b74616874776f6e6b7475627972726f77724f6572757475666568    // raw_mem addr 000004e7;  byte addr 00009ce0
6441746e656d65636e656d6d6f4373747567656e6e6f567472754b7567656e6e    // raw_mem addr 000004e8;  byte addr 00009d00
6874666f6e656d656c746e6567646e6173656964614c54494d74617373657264    // raw_mem addr 000004e9;  byte addr 00009d20
6f646c756f634966496e65657263736e7573726165573739666f7373616c6365    // raw_mem addr 000004ea;  byte addr 00009d40
6e7573657275747566656874726f66706974656e6f796c6e6f756f7972656666    // raw_mem addr 000004eb;  byte addr 00009d60
6966656e65626d726574676e6f6c65685474696562646c756f776e6565726373    // raw_mem addr 000004ec;  byte addr 00009d80
69637379626465766f72706e656562657661686e65657263736e7573666f7374    // raw_mem addr 000004ed;  byte addr 00009da0
68656369766461796d666f747365726568747361657265687773747369746e65    // raw_mem addr 000004ee;  byte addr 00009dc0
656d6e776f796d6e616874656c6261696c657265726f6d73697361626f6e7361    // raw_mem addr 000004ef;  byte addr 00009de0
7465736e65707369646c6c69774965636e65697265707865676e697265646e61    // raw_mem addr 000004f0;  byte addr 00009e00
75616562646e617265776f70656874796f6a6e45776f6e656369766461736968    // raw_mem addr 000004f1;  byte addr 00009e20
6e6c6c6977756f59646e696d726576656e684f6874756f7972756f79666f7974    // raw_mem addr 000004f2;  byte addr 00009e40
79666f797475616562646e617265776f70656874646e6174737265646e75746f    // raw_mem addr 000004f3;  byte addr 00009e60
747375727474754264656461666576796568746c69746e756874756f7972756f    // raw_mem addr 000004f4;  byte addr 00009e80
736f746f687074616b6361626b6f6f6c6c6c756f79737261657930326e69656d    // raw_mem addr 000004f5;  byte addr 00009ea0
746e6163756f79796177616e696c6c61636572646e61666c657372756f79666f    // raw_mem addr 000004f6;  byte addr 00009ec0
66656279616c7974696c69626973736f706863756d776f68776f6e7073617267    // raw_mem addr 000004f7;  byte addr 00009ee0
6f6f6c796c6c616572756f7973756f6c75626166776f68646e61756f7965726f    // raw_mem addr 000004f8;  byte addr 00009f00
6d65636e656d6d6f4373747567656e6e6f567361746f6e657261756f5964656b    // raw_mem addr 000004f9;  byte addr 00009f20
656d656c746e6567646e6173656964614c54494d746173736572646441746e65    // raw_mem addr 000004fa;  byte addr 00009f40
634966496e65657263736e7573726165573739666f7373616c63656874666f6e    // raw_mem addr 000004fb;  byte addr 00009f60
75747566656874726f66706974656e6f796c6e6f756f79726566666f646c756f    // raw_mem addr 000004fc;  byte addr 00009f80
626d726574676e6f6c65685474696562646c756f776e65657263736e75736572    // raw_mem addr 000004fd;  byte addr 00009fa0
6465766f72706e656562657661686e65657263736e7573666f73746966656e65    // raw_mem addr 000004fe;  byte addr 00009fc0
6461796d666f747365726568747361657265687773747369746e656963737962    // raw_mem addr 000004ff;  byte addr 00009fe0
796d6e616874656c6261696c657265726f6d73697361626f6e73616865636976    // raw_mem addr 00000500;  byte addr 0000a000
707369646c6c69774965636e65697265707865676e697265646e61656d6e776f    // raw_mem addr 00000501;  byte addr 0000a020
6e617265776f70656874796f6a6e45776f6e6563697664617369687465736e65    // raw_mem addr 00000502;  byte addr 0000a040
756f59646e696d726576656e684f6874756f7972756f79666f79747561656264    // raw_mem addr 00000503;  byte addr 0000a060
6f567472754b617265776f70656874646e6174737265646e75746f6e6c6c6977    // raw_mem addr 00000504;  byte addr 0000a080
4c54494d746173736572646441746e656d65636e656d6d6f4373747567656e6e    // raw_mem addr 00000505;  byte addr 0000a0a0
573739666f7373616c63656874666f6e656d656c746e6567646e617365696461    // raw_mem addr 00000506;  byte addr 0000a0c0
796c6e6f756f79726566666f646c756f634966496e65657263736e7573726165    // raw_mem addr 00000507;  byte addr 0000a0e0
646c756f776e65657263736e7573657275747566656874726f66706974656e6f    // raw_mem addr 00000508;  byte addr 0000a100
657263736e7573666f73746966656e65626d726574676e6f6c65685474696562    // raw_mem addr 00000509;  byte addr 0000a120
7265687773747369746e6569637379626465766f72706e656562657661686e65    // raw_mem addr 0000050a;  byte addr 0000a140
6f6d73697361626f6e736168656369766461796d666f74736572656874736165    // raw_mem addr 0000050b;  byte addr 0000a160
707865676e697265646e61656d6e776f796d6e616874656c6261696c65726572    // raw_mem addr 0000050c;  byte addr 0000a180
6f6e6563697664617369687465736e65707369646c6c69774965636e65697265    // raw_mem addr 0000050d;  byte addr 0000a1a0
756f7972756f79666f797475616562646e617265776f70656874796f6a6e4577    // raw_mem addr 0000050e;  byte addr 0000a1c0
6e6174737265646e75746f6e6c6c6977756f59646e696d726576656e684f6874    // raw_mem addr 0000050f;  byte addr 0000a1e0
746e756874756f7972756f79666f797475616562646e617265776f7065687464    // raw_mem addr 00000510;  byte addr 0000a200
737261657930326e69656d747375727474754264656461666576796568746c69    // raw_mem addr 00000511;  byte addr 0000a220
61666c657372756f79666f736f746f687074616b6361626b6f6f6c6c6c756f79    // raw_mem addr 00000512;  byte addr 0000a240
776f68776f6e7073617267746e6163756f79796177616e696c6c61636572646e    // raw_mem addr 00000513;  byte addr 0000a260
6f68646e61756f7965726f66656279616c7974696c69626973736f706863756d    // raw_mem addr 00000514;  byte addr 0000a280
0000000000000000000000000000000000000000000000000000000000000077    // raw_mem addr 00000515;  byte addr 0000a2a0
0000000000000000000000000000000000000000000000000000000000000000    // raw_mem addr 00000516;  byte addr 0000a2c0
0000000000000000000000000000000000000000000000000000000000000000    // raw_mem addr 00000517;  byte addr 0000a2e0
0000000000000000000000000000000000000000000000000000000000000000    // raw_mem addr 00000518;  byte addr 0000a300
@1ffffff    // last raw_mem addr;  byte addr: 3fffffe0
0000000000000000000000000000000000000000000000000000000000000000    // raw_mem addr 01ffffff;  byte addr 3fffffe0
