@0000000    // raw_mem addr;  byte addr: 00000000
4801478147014681460145814501448144014381430142814201418141014081    // raw_mem addr 00000000;  byte addr 00000000
62f94f814f014e814e014d814d014c814c014b814b014a814a01498149014881    // raw_mem addr 00000001;  byte addr 00000020
f1402573fc0272138ef1821318c18193000241970002d26302fe42853002a073    // raw_mem addr 00000002;  byte addr 00000040
8201851346018b0185938281851301460015011392320115161300b570634585    // raw_mem addr 00000003;  byte addr 00000060
107330529073090282930000029780820511c11000b57463a031460182818593    // raw_mem addr 00000004;  byte addr 00000080
03d3f0000353f00002d3f0000253f00001d3f0000153f00000d3f00000530030    // raw_mem addr 00000005;  byte addr 000000a0
07d3f0000753f00006d3f0000653f00005d3f0000553f00004d3f0000453f000    // raw_mem addr 00000006;  byte addr 000000c0
0bd3f0000b53f0000ad3f0000a53f00009d3f0000953f00008d3f0000853f000    // raw_mem addr 00000007;  byte addr 000000e0
0fd3f0000f53f0000ed3f0000e53f0000dd3f0000d53f0000cd3f0000c53f000    // raw_mem addr 00000008;  byte addr 00000100
f416f012ec0ee80ae406716d0ce0006f9112305290730122829300000297f000    // raw_mem addr 00000009;  byte addr 00000120
f556f152ed4ee94ae546e142fcbef8baf4b6f0b2ecaee8aae4a6e0a2fc1ef81a    // raw_mem addr 0000000a;  byte addr 00000140
00ef860a341025f334202573fdfef9faf5f6f1f2edeee9eae5e6e1e2fd5ef95a    // raw_mem addr 0000000b;  byte addr 00000160
640673e2734272a2720261e2614260a23002a0738002829b6289341510730740    // raw_mem addr 0000000c;  byte addr 00000180
6c0e7bea7b4a7aaa7a0a69ea694a68aa680a77e6774676a6760665e6654664a6    // raw_mem addr 0000000d;  byte addr 000001a0
27810017e7930015179b00003020007361517fee7f4e7eae7e0e6dee6d4e6cae    // raw_mem addr 0000000e;  byte addr 000001c0
1141bff5e31ce31c57fd82018713fe9ff0efe4061141bff5e31ce31c82018713    // raw_mem addr 0000000f;  byte addr 000001e0
bc22e4d6f8a2fc86e8d2eccef0caf4a67119fcdff0ef538000efe40645014581    // raw_mem addr 00000010;  byte addr 00000200
8cfd97fdfff4c7930005049b00a7c86304e004938a3a893689ae04e00793b826    // raw_mem addr 00000011;  byte addr 00000220
22a50453f20007d3270250c000ef850ac21c47811a079d63a2f517d3f20007d3    // raw_mem addr 00000012;  byte addr 00000240
000237974a81845ab04eb44a05090b13e0da22f78a53ac5216079163a2f727d3    // raw_mem addr 00000013;  byte addr 00000260
00ef2a85147d850a1327755375c7b4870002379775c7b9870002379775c7b907    // raw_mem addr 00000014;  byte addr 00000280
db7900f400230307879bc20797d31297f7d3a3472753a42a2702033577d34c00    // raw_mem addr 00000015;  byte addr 000002a0
39226b0640890433fefb1ae3fed70fa3070507850007c683874a87a215647e63    // raw_mem addr 00000016;  byte addr 000002c0
ec6305090a931124ea630159a02394d6000a136394ca944a050404132a623982    // raw_mem addr 00000017;  byte addr 000002e0
442000ef0405002812947553108a8063a0196e27b4870002379703547a630284    // raw_mem addr 00000018;  byte addr 00000300
07130004c7830d54fd63fc84ffe3fef40fa30307879bc20797d322a5045327a2    // raw_mem addr 00000019;  byte addr 00000320
802303900613031005930300069387a602f7776300f480230ff7f79327950390    // raw_mem addr 0000001a;  byte addr 00000340
70e600048023fee664e300e780230ff77713270517fdfff7c70302f97a6300d7    // raw_mem addr 0000001b;  byte addr 00000360
27050009a70300b78023808261097906854a34c234626aa66a4669e674a67446    // raw_mem addr 0000001c;  byte addr 00000380
04850007c70300d4802300997463b7e9fae669e30007c703000a076300e9a023    // raw_mem addr 0000001d;  byte addr 000003a0
348700023717a32517d360a7b90700023797b44ac7b1a2a797d3bf5df8e66fe3    // raw_mem addr 0000001e;  byte addr 000003c0
844aa43e3922fbed1297f7d33afd22f78453a32797d3cb894a81129577d360e7    // raw_mem addr 0000001f;  byte addr 000003e0
39226b06bdc14a81844ab7ad040907a3bf8500090023b599478522a51553b5ed    // raw_mem addr 00000020;  byte addr 00000400
bbc14701bbd1828186934701bbf14705b3c5828186934705b5d1844a2a623982    // raw_mem addr 00000021;  byte addr 00000420
f052000234b75ee989930000099700023937f44ef84afc26715d8082b0002573    // raw_mem addr 00000022;  byte addr 00000440
cf85a82987818a93f984849bed090913854e00098a1bc402e85ae0a2e486ec56    // raw_mem addr 00000023;  byte addr 00000460
561b4084873b4145043b00f98533016407b3042000ef85d600348b3e4016561b    // raw_mem addr 00000024;  byte addr 00000480
79a2794274e2640660a6bfc90c800b1306400613fc894be39e390007079b01f7    // raw_mem addr 00000025;  byte addr 000004a0
00271793000693033c8e8e9300000e970026c7038082616145016b426ae27a02    // raw_mem addr 00000026;  byte addr 000004c0
0007091b4f81e452e84eec4af42264a19201f0261602717912c05d63439c97f6    // raw_mem addr 00000027;  byte addr 000004e0
f89341c6589b4067063b0505000547030580029334fd63a174614e0500c50f33    // raw_mem addr 00000028;  byte addr 00000500
471100f9883b9e1d00f6466347014037d8134037d99b40e3063b000884630088    // raw_mem addr 00000029;  byte addr 00000520
4027d79b4027d993010a083b4146063b00276713013648634017da1b4017d993    // raw_mem addr 0000002a;  byte addr 00000540
0007881b77e10088536387c24103083b0a0886630107883b0017671301364663    // raw_mem addr 0000002b;  byte addr 00000560
071302e2d4630127073b83421687a70397f60026179301176633882600784363    // raw_mem addr 0000002c;  byte addr 00000580
8e3203e509632601001e461300461f9b020e0663893a439c97f6002717930580    // raw_mem addr 0000002d;  byte addr 000005a0
00c5802301f66633fc0e1ee3893a439c97f6002717938f7d97fdfff74793bf81    // raw_mem addr 0000002e;  byte addr 000005c0
4108581b0108181b742201f5802300fe14634785fde51be326010585001e4613    // raw_mem addr 0000002f;  byte addr 000005e0
9023bfa10068083b808261456a2269c26962748200e68123010690230ff77713    // raw_mem addr 00000030;  byte addr 00000600
2883977a002797130006980326cf0f1300000f170026c783808200e681230066    // raw_mem addr 00000031;  byte addr 00000620
e452e84ef42264a101f7d613f026020617930007891bec4a71790ec059630007    // raw_mem addr 00000032;  byte addr 00000640
050500054e83000e176300fef71334fd62a173e1058004134e0100c58fb34e81    // raw_mem addr 00000033;  byte addr 00000660
73130580079308f45763012787bb001e4e131687a78397fa00271793404ed71b    // raw_mem addr 00000034;  byte addr 00000680
0003066300277313011a063b000304634038d6134038da1b00877993893e0047    // raw_mem addr 00000035;  byte addr 000006a0
0006071b40c8063b04098d6300c8863b4028d89bc7098b0500c3063b4018d31b    // raw_mem addr 00000036;  byte addr 000006c0
fe659f23967a4103531b0589002796130107131b872600574363776100765363    // raw_mem addr 00000037;  byte addr 000006e0
6a2269c26962748200f68123006690230ff7f7937422f6bf96e3883a00062883    // raw_mem addr 00000038;  byte addr 00000700
1141808200f6812301069023b76d0106063bbf8d8ff1967dfff7c61380826145    // raw_mem addr 00000039;  byte addr 00000720
1101a7dff0ef9d01b0002573a87ff0ef4505c501cffff0efb0002473e022e406    // raw_mem addr 0000003a;  byte addr 00000740
4204591384aac017069b464dec067ff7771343445713e04ae426e2050453e822    // raw_mem addr 0000003b;  byte addr 00000760
e7a527818fd500e976b340d7573b377d001007370a06cf6302d64d630004079b    // raw_mem addr 0000003c;  byte addr 00000780
061380826105690264a2644260e2f204055302079413e08000f977b307fe4785    // raw_mem addr 0000003d;  byte addr 000007a0
17828ff9fff74713d6e9268100e7f6b300e6d73bbed7071b56fd06d646630330    // raw_mem addr 0000003e;  byte addr 000007c0
f2040553e2078453690264a20ae577d3e11c60e2f20787530127e7b393811902    // raw_mem addr 0000003f;  byte addr 000007e0
690264a20ae577d3e11860e2f2070753170200e97733fff74713808261056442    // raw_mem addr 00000040;  byte addr 00000800
845302f7f7d3f20407d3e51d03e000efa088808261056442f2040553e2078453    // raw_mem addr 00000041;  byte addr 00000820
6105690264a2e11c178200f977b3644260e2f204055307fe4785b7ada09ce207    // raw_mem addr 00000042;  byte addr 00000840
45110427f713ef0945090187f713e20517d3b789140200897433047e44058082    // raw_mem addr 00000043;  byte addr 00000860
000000080000000700000000808200f035330817f793e709450d0247f713eb09    // raw_mem addr 00000044;  byte addr 00000880
00000011000000100000000e0000000d0000000c0000000b0000000a00000009    // raw_mem addr 00000045;  byte addr 000008a0
00000025000000220000001f0000001c00000019000000170000001500000013    // raw_mem addr 00000046;  byte addr 000008c0
0000005000000049000000420000003c00000037000000320000002d00000029    // raw_mem addr 00000047;  byte addr 000008e0
000000ad0000009d0000008f00000082000000760000006b0000006100000058    // raw_mem addr 00000048;  byte addr 00000900
00000173000001510000013300000117000000fd000000e6000000d1000000be    // raw_mem addr 00000049;  byte addr 00000920
0000031c000002d4000002920000025600000220000001ee000001c100000198    // raw_mem addr 0000004a;  byte addr 00000940
000006ab0000061000000583000005020000048e00000424000003c30000036c    // raw_mem addr 0000004b;  byte addr 00000960
00000e4c00000cff00000bd000000abd000009c3000008e00000081200000756    // raw_mem addr 0000004c;  byte addr 00000980
00001ea500001bdc0000195400001706000014ee000013070000114c00000fba    // raw_mem addr 0000004d;  byte addr 000009a0
000041b200003bb90000364b0000315b00002cdf000028ca00002515000021b6    // raw_mem addr 0000004e;  byte addr 000009c0
0000000000007fff00007462000069ce0000602f0000577100004f7e00004844    // raw_mem addr 0000004f;  byte addr 000009e0
00000008000000060000000400000002ffffffffffffffffffffffffffffffff    // raw_mem addr 00000050;  byte addr 00000a00
00000008000000060000000400000002ffffffffffffffffffffffffffffffff    // raw_mem addr 00000051;  byte addr 00000a20
feffff00000000ffff00000000ffff0000000000ff00ffff0000ff0000000000    // raw_mem addr 00000052;  byte addr 00000a40
ff0000000000000000000000fe000000ff00000000ff00ff0000ffff00000000    // raw_mem addr 00000053;  byte addr 00000a60
00ff00000000ffff00000000feff00000000ff000000ff0000000000000000ff    // raw_mem addr 00000054;  byte addr 00000a80
ff000000ffff0000ffff00000000ff00000000000000000000000000feff0000    // raw_mem addr 00000055;  byte addr 00000aa0
0000ff0000ff00000000ff00000000ffffff00000000000000ff0000000000ff    // raw_mem addr 00000056;  byte addr 00000ac0
000000ffff0000ffff00000000ffff000100ff00000000ffff000000ffff00ff    // raw_mem addr 00000057;  byte addr 00000ae0
00ff00000000ffff00000000ff000000ffff00000000ffff0000000000ff0000    // raw_mem addr 00000058;  byte addr 00000b00
00000000000000ff0000000000ffff00ff0000ff0000ff0000000000fe000000    // raw_mem addr 00000059;  byte addr 00000b20
00ff0000ff00000000ffff00000100ff0000ff0000ff0000000000ffff000000    // raw_mem addr 0000005a;  byte addr 00000b40
000000000000000100ff0000ffff00ff0000ffff01ff00000000000000000000    // raw_mem addr 0000005b;  byte addr 00000b60
00000000000000ff00ff00000000000000ff00ff0000000000ffff00000000ff    // raw_mem addr 0000005c;  byte addr 00000b80
000000fe0000000100fdff00fe0000ff0001ffff0000000100ff0000000000ff    // raw_mem addr 0000005d;  byte addr 00000ba0
00ff0000ffffff00000000ffff00000000ff00000000000000ff0000ff0000ff    // raw_mem addr 0000005e;  byte addr 00000bc0
00ff0000ffff00ff0000000000ff00000000000000000000000000000000ffff    // raw_mem addr 0000005f;  byte addr 00000be0
0000ff010000ff0000000000ff00000000ff00ff000000ff0000000000000000    // raw_mem addr 00000060;  byte addr 00000c00
fe0000000000000000ffff000000000000000000ff000000000000ffff000000    // raw_mem addr 00000061;  byte addr 00000c20
0000ffff000000ffff00000000ff00000000ffff0000ff0000000000000000ff    // raw_mem addr 00000062;  byte addr 00000c40
ff00000000ff000000ff0100ff000000000000fe0000000000000000ff000100    // raw_mem addr 00000063;  byte addr 00000c60
000000ff00ffff0000ffffffff010000ff00000000fffe0000ff00000000fffe    // raw_mem addr 00000064;  byte addr 00000c80
0000fe0000000100000000ff000000000000ff000000ff000000000000ff00ff    // raw_mem addr 00000065;  byte addr 00000ca0
000000000000ffff0000000000fe0000000000ff0000000000000000ffffff00    // raw_mem addr 00000066;  byte addr 00000cc0
000000ff00000000000000000000ff0000000000ff00000000ff0000ffff00ff    // raw_mem addr 00000067;  byte addr 00000ce0
00000000ffff00000000ff000000000000000000ffff00000000000000000000    // raw_mem addr 00000068;  byte addr 00000d00
0000ffffff00000000ff000000ffff0000000000ff0000ff0000ff0000fe0000    // raw_mem addr 00000069;  byte addr 00000d20
0000ffff00000000ffff010000000000010000ff0000000000ff000000000000    // raw_mem addr 0000006a;  byte addr 00000d40
000000ffffff00000000ff000000ffff00000000ff0000000000ff0000000000    // raw_mem addr 0000006b;  byte addr 00000d60
00ff0000ff00000000000000ffff00000101ff0000ff000000ff00000000ff00    // raw_mem addr 0000006c;  byte addr 00000d80
fffe0000000000ff0000000000ff00000000000000000000000000ff00000000    // raw_mem addr 0000006d;  byte addr 00000da0
000000ff00000000000000000000ff000000000100ff00ff000100feff000001    // raw_mem addr 0000006e;  byte addr 00000dc0
feff000000000000ffff00000000000001000000ff0001ffff00ff0000fd0000    // raw_mem addr 0000006f;  byte addr 00000de0
00feff00000000fe0000000000ff000000000000feff00000000feff00000000    // raw_mem addr 00000070;  byte addr 00000e00
ff0000ff000000000000000000ff000000ffff00000000ff00000000ffff0000    // raw_mem addr 00000071;  byte addr 00000e20
000000ffff0000000000ff000000ffffffff0000ff00ff00000000ff0000ff00    // raw_mem addr 00000072;  byte addr 00000e40
00000000ff0000ff0000ff0000ff0000fe000000ff00ff000100ff0000000000    // raw_mem addr 00000073;  byte addr 00000e60
000000ff000100000000ff0000ff0000000000000000000000ff0000000000ff    // raw_mem addr 00000074;  byte addr 00000e80
0000ff0000000000ff0000ffff00000000000000000000ff0000000000ff0000    // raw_mem addr 00000075;  byte addr 00000ea0
00fe0000ffff00ff0000000000ffff00000000ffff0000000000000000ff0000    // raw_mem addr 00000076;  byte addr 00000ec0
ff0000ffff000000000000ff0000ff0000ff000000000000ff0000ff00010000    // raw_mem addr 00000077;  byte addr 00000ee0
00000000000000ff0000000000ff0000000000ff000000000000ff0000ffff00    // raw_mem addr 00000078;  byte addr 00000f00
00ff0000fe0000000000fe0000fe0000ff0000ff0000ffff0000ff00ff000000    // raw_mem addr 00000079;  byte addr 00000f20
000000fe00000000ffff00000000ffffff00000000ff000000ffff00000000ff    // raw_mem addr 0000007a;  byte addr 00000f40
00000000ff000000000000ffff00ff0001ff0000000100ff0000000000ff0000    // raw_mem addr 0000007b;  byte addr 00000f60
000000ffff01000000feff00ffff0000000000ff0000000000ff0000000000ff    // raw_mem addr 0000007c;  byte addr 00000f80
00000000ff0000000000ff000000000000ff0000ff0000fe0000000001fe0000    // raw_mem addr 0000007d;  byte addr 00000fa0
00ff00000000ffff0000000000000000ff0000ff00ffff01000000000000ff00    // raw_mem addr 0000007e;  byte addr 00000fc0
000000ff000000000000000000ffff0000ff0000ff0000ff0000000000000000    // raw_mem addr 0000007f;  byte addr 00000fe0
00ffff0000ff00ff00000000000000000000fefe000000ffff000001fffe0000    // raw_mem addr 00000080;  byte addr 00001000
ff000000fe00000001ffffff0000000000ff0000000100ffff000000ffff0000    // raw_mem addr 00000081;  byte addr 00001020
ff0000000000ff000000000000ff0000000000ffff0000000000ff0000ff00ff    // raw_mem addr 00000082;  byte addr 00001040
00ffff0000000000ff0001000000ffff0000ffff00ff0000ff00000000ff0001    // raw_mem addr 00000083;  byte addr 00001060
0000ff0000ff0000ff0000000100ff00ffff0000000000000000000000000000    // raw_mem addr 00000084;  byte addr 00001080
0000ffff00000000fe0000000000fe0000000000ff000000000000000000fffe    // raw_mem addr 00000085;  byte addr 000010a0
000000ff00000000ff00000000fffeff000000000000000000ff0000ff0000ff    // raw_mem addr 00000086;  byte addr 000010c0
ff00000000ff00000000ff00fe00000000ffff0000000000ff00000000ff0000    // raw_mem addr 00000087;  byte addr 000010e0
ff0000000000000100000000ff0000ff000000000000ff0100ffff0000010000    // raw_mem addr 00000088;  byte addr 00001100
0000000000ff0000ff0000ff0000000000ff0000000000ff00ffff0000ff00fe    // raw_mem addr 00000089;  byte addr 00001120
000000000000000000fe0000ffff000000000000000000ff0000000000fe00ff    // raw_mem addr 0000008a;  byte addr 00001140
000000ff0000ff0000fe0000ff0000ff0000ffff000000000000000000ffff00    // raw_mem addr 0000008b;  byte addr 00001160
ffff010000ffff00010000fffe0000000000ff0000000000fffe000000000000    // raw_mem addr 0000008c;  byte addr 00001180
00000000ff0001ffff00000000ffff0000000000000000000000ff0000ff0000    // raw_mem addr 0000008d;  byte addr 000011a0
ffff010000ffff00000000ff0001ffff00000000ffff000000ff00000000feff    // raw_mem addr 0000008e;  byte addr 000011c0
ff0000ff0000000000ff000000ff0000000000ffff0000000000ff0000000000    // raw_mem addr 0000008f;  byte addr 000011e0
0000000000000000000000ff00ff0000fe0000ff0000000000feff0000000000    // raw_mem addr 00000090;  byte addr 00001200
ffffff000100ffff0000ff00fe0000ff000000000000000000ff000000000000    // raw_mem addr 00000091;  byte addr 00001220
00000000ff00000000ff0000ff0000ff0001ff000000000000000000ff000100    // raw_mem addr 00000092;  byte addr 00001240
0000ff000000000000000000ff00ff0000000000000000ffff0000000000ff00    // raw_mem addr 00000093;  byte addr 00001260
00000000ff0000ff00feff000000feff00000000ff000000fe00000000000000    // raw_mem addr 00000094;  byte addr 00001280
00ff00ffff00ff0000ff0000000000000000ff0000000000feff000000000000    // raw_mem addr 00000095;  byte addr 000012a0
ffff0000ff00ff00000000000000ff0000000000fe000100ff00ffff0100fe00    // raw_mem addr 00000096;  byte addr 000012c0
000000ffff00000000ff00000000ff000000000000000000000000000000ff00    // raw_mem addr 00000097;  byte addr 000012e0
0000ff00000000ffff0000000000000000ffff0000000000ffffff000000ffff    // raw_mem addr 00000098;  byte addr 00001300
00000000ffff00ff0000ff0000000000000000ff0000000000000000fffe0000    // raw_mem addr 00000099;  byte addr 00001320
00000000fe00000100fffe0000000000ff000100ff00ff0000feff01000000ff    // raw_mem addr 0000009a;  byte addr 00001340
000000ff000000ffffff000000ff0000000000fe000000000000ffff00ff0000    // raw_mem addr 0000009b;  byte addr 00001360
ff000000ff0000000100ff00000000ff000000ff0000ff000000ff0000000000    // raw_mem addr 0000009c;  byte addr 00001380
000000ffff0000000000ff0000000000ff0001000000ff0000ffffff000000fe    // raw_mem addr 0000009d;  byte addr 000013a0
000000000000ff00000000ff0000000000ff0000ff000000ffff00000000ff00    // raw_mem addr 0000009e;  byte addr 000013c0
00ffff00000000ff00000000ff00000000ffff00000000000000ff0000000000    // raw_mem addr 0000009f;  byte addr 000013e0
00fffe0000000000ff0000ff0000ff0000ff0000000000ff000000000000ff00    // raw_mem addr 000000a0;  byte addr 00001400
ff00000000ff0001ff0000000001000000000000ff000000ff000000000000ff    // raw_mem addr 000000a1;  byte addr 00001420
00ff00000000ffffff00ffff0000ff00ffff0000000000ff00000001000000ff    // raw_mem addr 000000a2;  byte addr 00001440
00ffff000000000000ff0000000100ff00000000ffff00000000ffff00000000    // raw_mem addr 000000a3;  byte addr 00001460
000000000000ff000000000000000000ff000000000000000000000000000000    // raw_mem addr 000000a4;  byte addr 00001480
ff00ffff00ff00000000ffff00000000ff000000ff00000000fffe0000ff0000    // raw_mem addr 000000a5;  byte addr 000014a0
0000ff0000ff00000000000000010000ffff000100ffffffff00000000000000    // raw_mem addr 000000a6;  byte addr 000014c0
0000ff00ffff0100ffffffff0000000000fe00000000fffe00000000fefe0000    // raw_mem addr 000000a7;  byte addr 000014e0
0000000000000000fe000000000000ff0000000000000000ffffff000000ffff    // raw_mem addr 000000a8;  byte addr 00001500
00ff0000ff0000ff0000ffff00ffff00ffff00ff00000000000000ff00ff0000    // raw_mem addr 000000a9;  byte addr 00001520
00ff0000ff0000ff0000000000feff0000ffffffff0100ffff00ff000000ff00    // raw_mem addr 000000aa;  byte addr 00001540
0000ff00000000fffe0000000000ff000100000000000000ff0000000000fe00    // raw_mem addr 000000ab;  byte addr 00001560
0000ff0000ff000000ff0000ff00000000000000000000000000ff00ff000000    // raw_mem addr 000000ac;  byte addr 00001580
00ff0000ff000000000000ff0000ff0000ff0100fe00ff000000ff00000000ff    // raw_mem addr 000000ad;  byte addr 000015a0
00ff0000ff000100ff00ffff0100ff000000000000ff0100ff0000000000ff00    // raw_mem addr 000000ae;  byte addr 000015c0
fe000000ff00ff000000ff00000000ff00000000000000000000ffff0000ff00    // raw_mem addr 000000af;  byte addr 000015e0
00fe00000000fffe0000000000ff0000ff0001ff000000ff00fffe0000000000    // raw_mem addr 000000b0;  byte addr 00001600
00000000ffff0000000000ff00ff000000000000000000ff0000000000000000    // raw_mem addr 000000b1;  byte addr 00001620
ffff000000000000ffff00ff0001000000000000ff000000ff00ff000100ff00    // raw_mem addr 000000b2;  byte addr 00001640
00ffff00ff0000ff00ff00000000ff00000000ff0000ff000000ff00ff000000    // raw_mem addr 000000b3;  byte addr 00001660
feff0000000000ff000000000000ff0000ff000000000000fe0100000100ff00    // raw_mem addr 000000b4;  byte addr 00001680
000000ff0000ff00ff00000000ff00000000ffff00000000ff0000ff00000100    // raw_mem addr 000000b5;  byte addr 000016a0
ff0000000000ff00000000ff0000000000ff0000000000000000ff0000000000    // raw_mem addr 000000b6;  byte addr 000016c0
0000ff000000000000000000ff0000fe0000ff0000ffff0000ff000000000100    // raw_mem addr 000000b7;  byte addr 000016e0
fefe00000001ffff00000000ff000000ff00ff0000ff0000ffff00000000ffff    // raw_mem addr 000000b8;  byte addr 00001700
ff0000ff0000ff0000000000ff000000ffff0000ff0000ff0000ff0000ff0000    // raw_mem addr 000000b9;  byte addr 00001720
00000000fffeff01000000ff0000ffffff000000ffff0000ff00ff0000ff0000    // raw_mem addr 000000ba;  byte addr 00001740
ff00000000ff0000000100fe00ffff0000000000ff000000000000000000ffff    // raw_mem addr 000000bb;  byte addr 00001760
0000ff0000fe00000100fffe00000000ffff000000000000ff00ffff000000ff    // raw_mem addr 000000bc;  byte addr 00001780
0000fe0000ff0000ff0000fe0000ff0000000000ff00000000ff0000ff0000ff    // raw_mem addr 000000bd;  byte addr 000017a0
ff000000010000fffffe00000000ffff0000000000ffff0000000000ff000100    // raw_mem addr 000000be;  byte addr 000017c0
000000000000000000ff0000ff000000000000ff0000ffff0000ff0000ff0000    // raw_mem addr 000000bf;  byte addr 000017e0
0000ff0000ff0100ff00ff00000000000000ff00000000ff00000000ffff0000    // raw_mem addr 000000c0;  byte addr 00001800
00000000ff00ff0000fffe00ff000100fe0000000000ff000100ff0000000000    // raw_mem addr 000000c1;  byte addr 00001820
0000ffffff000000ffffff00000000ffff00ff0000000000000000ff00000000    // raw_mem addr 000000c2;  byte addr 00001840
000000000000ff0000ffff00ff0000ffff000000feff00000100000000000000    // raw_mem addr 000000c3;  byte addr 00001860
00ff0001ffffff00000000ffff0000000000ff00000000ff0000000000000000    // raw_mem addr 000000c4;  byte addr 00001880
00ff0000ff0000000000fefe0000ff000000000000ff0000fe0000feff000000    // raw_mem addr 000000c5;  byte addr 000018a0
ff00ff00000000000000ff000000000000ffff00ff0000ffff01fe0000fe0001    // raw_mem addr 000000c6;  byte addr 000018c0
0000ff000000ffff00000001fffe01000000ff000000ffffff00000000ff0000    // raw_mem addr 000000c7;  byte addr 000018e0
000100ff00ff0000ffff0000000000ff00010000ff0000000000000000000000    // raw_mem addr 000000c8;  byte addr 00001900
00ff0000ff00000000ff00000000ffff0000000000000000ffff000100ff00ff    // raw_mem addr 000000c9;  byte addr 00001920
000000000000fe00ffff00ffff0000000000000000ff00000000ffff0000ff00    // raw_mem addr 000000ca;  byte addr 00001940
feff00000000fffe000000feff00000000ffff0000fe0000ff000000000000ff    // raw_mem addr 000000cb;  byte addr 00001960
00feff0000ffffffff00ffffff0000ff0000fe0000ff00000000000000000000    // raw_mem addr 000000cc;  byte addr 00001980
0100ffff00000000ff0001fe0000fe0000fdff00ffff00feff01fffdfe000000    // raw_mem addr 000000cd;  byte addr 000019a0
00ff00000000ff00000000ffff000000000000010000000000000000feff0000    // raw_mem addr 000000ce;  byte addr 000019c0
0100000000ff000000000000000000ff0000000000ff0000ff0000ffff000000    // raw_mem addr 000000cf;  byte addr 000019e0
ffff0000000000ff0000000000000000000000000000000000ff0000000000ff    // raw_mem addr 000000d0;  byte addr 00001a00
00ffffff000000feff00000000ff00010000ffff00000000ff00000000000000    // raw_mem addr 000000d1;  byte addr 00001a20
000000ffff00000000000000ff00ff0000ffff00ff0000ffff0000000000ff00    // raw_mem addr 000000d2;  byte addr 00001a40
fffefd000000fefeff00ff00fdfe0000ff00fffe0000ffff0000ff01ffff0000    // raw_mem addr 000000d3;  byte addr 00001a60
00000100000001000000ff0000ffff0000ff00ffff0000ffff0000fffeffff00    // raw_mem addr 000000d4;  byte addr 00001a80
00000000000000000000000000000000000000ff00000000000000ff00000000    // raw_mem addr 000000d5;  byte addr 00001aa0
010000000000000001ff0000ff0000ffffff0000000000ffff0000ff0000ff00    // raw_mem addr 000000d6;  byte addr 00001ac0
0000ff0100ff0001000000ff0000ff0000000000000000000000010000000000    // raw_mem addr 000000d7;  byte addr 00001ae0
0000fffffdfe0000fffffeff0000feffffffff00ffff00000000ff00ff0000fe    // raw_mem addr 000000d8;  byte addr 00001b00
ff0000ffffff00ff0100ff0000ff0101ff00ff00000000000000000000ffff00    // raw_mem addr 000000d9;  byte addr 00001b20
00000000fefffe0000fffffffefffefffffefe00ff000000ffffff00000000ff    // raw_mem addr 000000da;  byte addr 00001b40
010000ff0000020000ff00000100000000000000000000000000ff00000000ff    // raw_mem addr 000000db;  byte addr 00001b60
000000ff01000000000000000000000000ff0000000101fe0000000101ff0000    // raw_mem addr 000000dc;  byte addr 00001b80
ff0000000000ff000000000000ff0000ff0000ff00ff00000000ff00ffff00ff    // raw_mem addr 000000dd;  byte addr 00001ba0
ff00000000ffffff00000000ffff0000ff0000ff0000fe0000fe0000ff0000ff    // raw_mem addr 000000de;  byte addr 00001bc0
fe00ffff00feff00ff00ff000000ff0000000000ff0000ff00000000000000ff    // raw_mem addr 000000df;  byte addr 00001be0
00ffff000000ffffff00fffeffffff00fefefdfffd00fdfffefffffffe00ffff    // raw_mem addr 000000e0;  byte addr 00001c00
00ff000000000000000000000001010001000001010001000100000000000100    // raw_mem addr 000000e1;  byte addr 00001c20
0000ff0000ff0000000000ff000100000000ff0000fe0000ff0000fe00000000    // raw_mem addr 000000e2;  byte addr 00001c40
feffffff00ffffff0000ffffff000000000000000000000000ff000000000000    // raw_mem addr 000000e3;  byte addr 00001c60
01000001000000ff00000000ff00000000fefffffe00fffefeffff00ff00feff    // raw_mem addr 000000e4;  byte addr 00001c80
fe00000100ff0000000100ff010101000000030201ff01000201010001000100    // raw_mem addr 000000e5;  byte addr 00001ca0
fefffffffffefefffefffefefdfefffffcfffdfffffffefefeffffff00ff0000    // raw_mem addr 000000e6;  byte addr 00001cc0
0100010001000001000000000000000100000000ff0000fe00000000ffffff00    // raw_mem addr 000000e7;  byte addr 00001ce0
ff00000001ffff00ff0001000000ff0001000000000003000000010102000000    // raw_mem addr 000000e8;  byte addr 00001d00
00000000ffffff000000000000000000feff0000ffffffff0001ffff00000100    // raw_mem addr 000000e9;  byte addr 00001d20
fffffc00fefffe00fcfffefefdfffdfffefffefefdfffefefffefefffefeff00    // raw_mem addr 000000ea;  byte addr 00001d40
030102000101020002000100020002000001010000ff0000000100ffff00fefe    // raw_mem addr 000000eb;  byte addr 00001d60
ffff00fffffffe0000fffefffe00000000000000000000000101010200ff0100    // raw_mem addr 000000ec;  byte addr 00001d80
ff00fdfe00000000ffff0000fe00ff00ffffff000000feff0000ffff00ff0000    // raw_mem addr 000000ed;  byte addr 00001da0
000002000000010000000001010000ff01000000ff0001ffff00ff00fffeff00    // raw_mem addr 000000ee;  byte addr 00001dc0
0000ffff0000000000ff0000000000ff00000000000000000200000002010300    // raw_mem addr 000000ef;  byte addr 00001de0
fffffffeff00000000fffefffefefefffefefdfefdfffffdff00fe00fefe0000    // raw_mem addr 000000f0;  byte addr 00001e00
00fffefefe00ff00ffff00fffe00000000ff0000ff00fffe0000ff00fffeffff    // raw_mem addr 000000f1;  byte addr 00001e20
0100020001000200000000000100000000ff0000ff000000fe0000000000fdff    // raw_mem addr 000000f2;  byte addr 00001e40
00000000000000ff0000010000fe000000000000000000000000000002000100    // raw_mem addr 000000f3;  byte addr 00001e60
ffffffffffffff0000ff00fe0000000000ff00000000000000ffff00ff0000ff    // raw_mem addr 000000f4;  byte addr 00001e80
010000000200000000000000ff000000fe00ffffff00ff0000ff0000ff00ffff    // raw_mem addr 000000f5;  byte addr 00001ea0
fd0000000000fe00fffffffffefffe00ffffffffff00ffff0000000000000201    // raw_mem addr 000000f6;  byte addr 00001ec0
ff00000000ffffff0000000000000000000001000000000000ffff00ff000000    // raw_mem addr 000000f7;  byte addr 00001ee0
010000ffff00fffefffffe00fffcfe00fefffdfdfd00fffefdffff00ffffffff    // raw_mem addr 000000f8;  byte addr 00001f00
03ff000000000200000100000200000000000201000001000100010000000000    // raw_mem addr 000000f9;  byte addr 00001f20
000000ff000000ff00ff00000000000000fe0000000000fffe000000ff00ff00    // raw_mem addr 000000fa;  byte addr 00001f40
fdfffdfefdfefdfffdfffefefe00fffefffeff000000ffff0000000000ff0000    // raw_mem addr 000000fb;  byte addr 00001f60
01000202030001000101010000000000000000fffefffe00fefdfdfffdfffcfd    // raw_mem addr 000000fc;  byte addr 00001f80
fdffff000000ff0000ff01ffff0101ff0100000202ff02000201020102010300    // raw_mem addr 000000fd;  byte addr 00001fa0
ff00ffffff00fe00fffeff00fdfffefffe00fdfefefffefefdfffdfffffeffff    // raw_mem addr 000000fe;  byte addr 00001fc0
00000000000002000100010001010101010000000000000000ff0000ff0000fe    // raw_mem addr 000000ff;  byte addr 00001fe0
01ff000100000100000000ff00000000ff00ff0000ffffffff00000000000000    // raw_mem addr 00000100;  byte addr 00002000
fcfffcfdfefe000000ff00000000000000010000000001000100020002000000    // raw_mem addr 00000101;  byte addr 00002020
000100000000fe00fffefefffcfefdfefcfffbfefcfdfafefafefbfdfafdfbfd    // raw_mem addr 00000102;  byte addr 00002040
0001000002000100030004010401040004030502030305020501020303000300    // raw_mem addr 00000103;  byte addr 00002060
ff0000ffff0000000000fdff0000fffffefffefffeff00fffdfeff0000000000    // raw_mem addr 00000104;  byte addr 00002080
fffffffefe00fefffefeffffffffff00fffffeffff00fffffffe00000000ffff    // raw_mem addr 00000105;  byte addr 000020a0
01000100020001000100010001000001000000000000000000ffff0000ffff00    // raw_mem addr 00000106;  byte addr 000020c0
fefffefefdffffff000000000000000000000000000000010000010000010100    // raw_mem addr 00000107;  byte addr 000020e0
ffffff00fefffdfffefffefffefffefefd00fffffffefeff00fffefffdfefeff    // raw_mem addr 00000108;  byte addr 00002100
030003010101010102000100010100000000000100ff0100010000ff000000ff    // raw_mem addr 00000109;  byte addr 00002120
0000000000000101010002010200010002000100000101000000000002000201    // raw_mem addr 0000010a;  byte addr 00002140
fefefe00fd00fefeff00fdfefdffffffffffff0000ffff00ffff0000fffffffe    // raw_mem addr 0000010b;  byte addr 00002160
0000fefffffffefffefefdfffcfffefefd00fdfffffefefffefffdfffe00ff00    // raw_mem addr 0000010c;  byte addr 00002180
ff0000000001000000ff000001000000ff00010000fefe0000000000fe00fffe    // raw_mem addr 0000010d;  byte addr 000021a0
0000000000000100000000ff0100ff0000000100000000000000000000000000    // raw_mem addr 0000010e;  byte addr 000021c0
fefefffffeff00ff0000ffff0000000000ff0000000001ff0000ff0101000000    // raw_mem addr 0000010f;  byte addr 000021e0
03010501030204010401020201000200010100000000ffff0000fffffe00ffff    // raw_mem addr 00000110;  byte addr 00002200
fdfdfdfdfdfffefefdfefdff0000000000000201020103010502040205010402    // raw_mem addr 00000111;  byte addr 00002220
fdfeff00fffeffffff00fefffefffe00fe00fefffdfefefefcfefcfffdfffcff    // raw_mem addr 00000112;  byte addr 00002240
fc00fcfefbfdfbfdfcfdf9fefcfefcfdfafdfdfff9fefbfefefffafdfdffffff    // raw_mem addr 00000113;  byte addr 00002260
0501040003020402030105020401020104010202010100000000ff00fdfffdfe    // raw_mem addr 00000114;  byte addr 00002280
00000000ff0001000000ff0000ff0000000000ff020101000100030001000201    // raw_mem addr 00000115;  byte addr 000022a0
000000000000000001000100020101000100010000000000ff00000000ffff00    // raw_mem addr 00000116;  byte addr 000022c0
0100000000000100000000000000010000000000020001010201010100000200    // raw_mem addr 00000117;  byte addr 000022e0
fefffdffff00fffffdff0000ff00feff0000fdff000000fffe00010000ff0000    // raw_mem addr 00000118;  byte addr 00002300
fcfdfbfefafdfbfdfcfdfafefbfdfafcf9fefbfcf9fcfafefbfefcfffdfefdff    // raw_mem addr 00000119;  byte addr 00002320
00000000000000ff01000102ffff010001000000020000ff000000fefcfffdfe    // raw_mem addr 0000011a;  byte addr 00002340
0301010000000000fffefe00fe00fefeffffff00ffff0000000000ff00ff0000    // raw_mem addr 0000011b;  byte addr 00002360
0101030102000401050305010703050405020503050306020402050105020301    // raw_mem addr 0000011c;  byte addr 00002380
ff0000ffff00ff000000fd0000ff0000ff0000000000ffff0000000001ff0200    // raw_mem addr 0000011d;  byte addr 000023a0
fbfefefffdfffeffff00fe000000ff00ffff000000000000ff00000000ff0000    // raw_mem addr 0000011e;  byte addr 000023c0
0101ff00fffeff00fffffefdfbfffcfdfcfdfbfffbfdfcfefcfefafdfbfefcfe    // raw_mem addr 0000011f;  byte addr 000023e0
fefefffeff00feff0100ff0000ff010000000100000101ff0201000100ff0000    // raw_mem addr 00000120;  byte addr 00002400
0000ff00fffefd00fcfdfdfefbfefbfefafdfcfdfcfffbfdfdfdfcfffdfefe00    // raw_mem addr 00000121;  byte addr 00002420
05030502040307020401050306010302060305010502050303010300010201ff    // raw_mem addr 00000122;  byte addr 00002440
0000010000010000020000000100010000000000000003000100010104010302    // raw_mem addr 00000123;  byte addr 00002460
fcfefdfffcfefefffdfefdfefffffefefe000000000000000201000101000101    // raw_mem addr 00000124;  byte addr 00002480
fefffdfffffffdfffefffdfeff00fffefcfefe00fcfdfbfefdfffcfdfbfdfafd    // raw_mem addr 00000125;  byte addr 000024a0
00000000000000000100ff000100010000ff0100000100ff01000000ffff0000    // raw_mem addr 00000126;  byte addr 000024c0
fffffd00ff00fefefdfffefefcfefcfefdfefcfefefffdfefdfdfe00feff00ff    // raw_mem addr 00000127;  byte addr 000024e0
03010300030102020300030201020201040001000001010000000000ff00ff00    // raw_mem addr 00000128;  byte addr 00002500
feffff0002000000000202000000010103000001020002000201030003020300    // raw_mem addr 00000129;  byte addr 00002520
0000ff0000fffd00fdfefffffb00ffffff00fcfffffffefefe00ff00feffff00    // raw_mem addr 0000012a;  byte addr 00002540
ffffffff00000000000002000300020102010200010101000200010100010100    // raw_mem addr 0000012b;  byte addr 00002560
fe00fffefdfffdfefdfdfcfefcfdfcfefdfdfcfdfdfffdfefdfefefffdffff00    // raw_mem addr 0000012c;  byte addr 00002580
fdfefbfefcfefdfefdfffffeffff0000000000000000ffff00ff000000fffeff    // raw_mem addr 0000012d;  byte addr 000025a0
050205020400040103010201020001000100ffffff00fffffdfefefffcfdfbff    // raw_mem addr 0000012e;  byte addr 000025c0
fcfdfffffffefffe000100000100010103000302040105020503070206020402    // raw_mem addr 0000012f;  byte addr 000025e0
00000000ffff00fffe00fdfefefdfcfffbfdfbfdf9fefbfdfbfdfafcfcfefcfe    // raw_mem addr 00000130;  byte addr 00002600
0001000001010000010002000202030001010301020002020200000002030000    // raw_mem addr 00000131;  byte addr 00002620
0200020000000200020001010100010001010100020001000000000100000000    // raw_mem addr 00000132;  byte addr 00002640
f9fdf7fcf8fbf9fdf9fcfbfdfafefbfdfdfefcfefefeffffff00ffff00000100    // raw_mem addr 00000133;  byte addr 00002660
0503040204020503020001000000fdfe0000fdfffafdfcfef8fcf9fdf9fbf7fb    // raw_mem addr 00000134;  byte addr 00002680
ffffffff02000000000003000001030005020303050205010603060305010502    // raw_mem addr 00000135;  byte addr 000026a0
fefefdfffd00fefeffffff00000000ff0000fffffe00feff00fefefffe000100    // raw_mem addr 00000136;  byte addr 000026c0
fffffe0000fffefffd00fefffefefdfdfdfffbfefdfdfefffcfffefefdfefd00    // raw_mem addr 00000137;  byte addr 000026e0
0703080406030703060204010503040104010302030102010000010000000000    // raw_mem addr 00000138;  byte addr 00002700
f9fcfafcfafefdfefdfefeff0000000000000100030104010502050306020703    // raw_mem addr 00000139;  byte addr 00002720
ff00fdfefdfffbfffbfdf8fef7fbf8fcf6faf6faf5fcf6f9f7fbf6fcf7faf8fd    // raw_mem addr 0000013a;  byte addr 00002740
04000201020104000201030105020301030204030200020101000000000000ff    // raw_mem addr 0000013b;  byte addr 00002760
ff00000001000101000002000101000002000101010003010202040004010202    // raw_mem addr 0000013c;  byte addr 00002780
fcfffcfffbfdfcfefdfefcfdfbfdfdfffdfefcfffefffffefe00fefffeffff00    // raw_mem addr 0000013d;  byte addr 000027a0
05020502050204020101030001000100000000fffffffd00fdfdfcfefbfffbfd    // raw_mem addr 0000013e;  byte addr 000027c0
000001ff04010101040105020201060306030602060406030602060408030602    // raw_mem addr 0000013f;  byte addr 000027e0
f7fbf8fbf7fcf9fbf9fcf6fcf8faf8fcf8fcfafefafffcfdfdfefe00ffff0100    // raw_mem addr 00000140;  byte addr 00002800
050204010100010001000000fefffefefcfefbfdfafdf8fcf8fdf8fdf8fbf7fd    // raw_mem addr 00000141;  byte addr 00002820
ff00010002010100020004020401040105030401060207030603060305020502    // raw_mem addr 00000142;  byte addr 00002840
ff00fefffffffffffefdfd00fefffefeff00feffff00fffffeff0000ffffff00    // raw_mem addr 00000143;  byte addr 00002860
0201010000000000ff00ff00fffdfdfffe00fefdfcfffefffefdfe00fdffffff    // raw_mem addr 00000144;  byte addr 00002880
0100050205010301050306010502060405020401040203000401030203000201    // raw_mem addr 00000145;  byte addr 000028a0
fbfdfafffbfefcfdfcfffffefffffe0000ff0100000101000200020003000101    // raw_mem addr 00000146;  byte addr 000028c0
fffefcfefafffafcf9fcf7fcf8fbf6fbf6fbf7faf6fbf7fbf7fbf8fcf8fcf8fd    // raw_mem addr 00000147;  byte addr 000028e0
0302040207020502080307030402080205020501050203010402020001000000    // raw_mem addr 00000148;  byte addr 00002900
fd000000fffffefffffffcfefeff00fffdffff00ffff00000000000001010301    // raw_mem addr 00000149;  byte addr 00002920
fefe00fffefffffd0000ff0000ff000000fe0000ff00fdfe00fffe00fffeffff    // raw_mem addr 0000014a;  byte addr 00002940
050103020501050303020400020301010200010000000200000000000000fe00    // raw_mem addr 0000014b;  byte addr 00002960
0000ff0000ff00ffff0000000000020001020301020001020400050104030402    // raw_mem addr 0000014c;  byte addr 00002980
fafcf8fbf8fbf8fdf7fcf9fbf7fdf8fcf8fbf9fcfafcfbfefdfffeff00000000    // raw_mem addr 0000014d;  byte addr 000029a0
0602030304010501020202010300ff000000fffffcfffefefbfdf9fdf9fdf8fb    // raw_mem addr 0000014e;  byte addr 000029c0
ff00fffffffeff0000ff00ff0102010002010303040004030401040003030401    // raw_mem addr 0000014f;  byte addr 000029e0
00000100000000ff0000fe00fefffefffffefefffd00fffffefeff0000fffefe    // raw_mem addr 00000150;  byte addr 00002a00
00ff00000000020001000000000000ff0001ff00ff00000000ff000000000000    // raw_mem addr 00000151;  byte addr 00002a20
0000030000000300040103010401040204020302030101000100010000ff0000    // raw_mem addr 00000152;  byte addr 00002a40
fbfdfbfefbfefbfcfbfffbfdfbfdfbfefdfefe00000001000001010004000000    // raw_mem addr 00000153;  byte addr 00002a60
fefffffffe00fcfdfdfefbfef9fcfbfffafefafcfbfdfbfdfafdfafffafdfcfe    // raw_mem addr 00000154;  byte addr 00002a80
0100020102010400040303010302040103010101020001000000000000000000    // raw_mem addr 00000155;  byte addr 00002aa0
ff00fbfffe00ff00fdfeff00fe00000000000000000100000000000000000001    // raw_mem addr 00000156;  byte addr 00002ac0
02000000ff0002ffff00000103ff0101020002000201020000000000ff0000ff    // raw_mem addr 00000157;  byte addr 00002ae0
03010301010001000100000000ff0000ff000000ff0000000000000000000000    // raw_mem addr 00000158;  byte addr 00002b00
fdfefe00ffff0000000100ff0201030001000102020101000000020002000000    // raw_mem addr 00000159;  byte addr 00002b20
fafdfbfcfafefafdfafdfcfefcfffefffefefe00fdfefdfeff00fdfefdfffdff    // raw_mem addr 0000015a;  byte addr 00002b40
020102010100000000000000fefffdfffdfefcfefcfffdfdfdfffbfefbfcfcfd    // raw_mem addr 0000015b;  byte addr 00002b60
0000000000000100020102020000020000000200020100010500030003010502    // raw_mem addr 0000015c;  byte addr 00002b80
00000100000101000101000102000001ff0000ff0000fe00fffeff00fefe00fd    // raw_mem addr 0000015d;  byte addr 00002ba0
0000fe00fffffffffefffffeff00ff0000000000000000000000000001000100    // raw_mem addr 0000015e;  byte addr 00002bc0
02000200030102010200010002010100000001000000010001000000000001ff    // raw_mem addr 0000015f;  byte addr 00002be0
fd00fefefffeff0000ff0000000000ff000000ff00ff00000000000002000300    // raw_mem addr 00000160;  byte addr 00002c00
fe00fcfcfdfffcfffafbfdfffafefafbfafef8fcf9fcf9fdf9fcfafdfbfcfbfd    // raw_mem addr 00000161;  byte addr 00002c20
03020101010003010000030101000000030101000101020101ff0001fffffefe    // raw_mem addr 00000162;  byte addr 00002c40
0000010000000100000000000101000001000000010001020100020103010200    // raw_mem addr 00000163;  byte addr 00002c60
feff0000ff00ff0000fffeff0000ff00fdff0000ff000000ff00ff0000000000    // raw_mem addr 00000164;  byte addr 00002c80
01010300010001000100ff00010000ff00000100feffff0000fffdffff00fffe    // raw_mem addr 00000165;  byte addr 00002ca0
0000010002010100020102000202030002000102030003010302030002010202    // raw_mem addr 00000166;  byte addr 00002cc0
fafcf9fef9fdf7fbf9fdf8fdf9fbfafdfafcfdfefd00fefdff00fe0000fe0001    // raw_mem addr 00000167;  byte addr 00002ce0
02000000010100ff0000ff00fdfdfe00fdfffdfefe00fbfdfcfffcfef9fdfbfe    // raw_mem addr 00000168;  byte addr 00002d00
0400020103020401030104030401040103030200030103010200020101000202    // raw_mem addr 00000169;  byte addr 00002d20
fefffd00fdfdfe00feff00ffff00ffffff00fe00000000fe0000030001010101    // raw_mem addr 0000016a;  byte addr 00002d40
ff000000feffff00fffffefd0001000000ff0000fefefefffefffefefe00fcfd    // raw_mem addr 0000016b;  byte addr 00002d60
04030601060206030400030205030300020204010300020102000100010000ff    // raw_mem addr 0000016c;  byte addr 00002d80
f9fbf8fcfafcfbfcfafefafefefffe0000ff0000000202000501040405010501    // raw_mem addr 0000016d;  byte addr 00002da0
fefffdfefefdfdfefbfffcfefdfefafdfafdfbfef9fcf7fcf6fbf9fbf6fbf7fb    // raw_mem addr 0000016e;  byte addr 00002dc0
06020503050104010201030002020201020101010200010101000100ff0000fe    // raw_mem addr 0000016f;  byte addr 00002de0
fdfefdff00ffffffff000000000001ff00010000030001000401070204010503    // raw_mem addr 00000170;  byte addr 00002e00
0000fe00ff00fffffffe0000fdfffefffefffcfefefefbfdfbfefcfdfbfefdff    // raw_mem addr 00000171;  byte addr 00002e20
0502050304010301030202000000010101000000000000000000ff00ff00fe00    // raw_mem addr 00000172;  byte addr 00002e40
fcff0000ffff0001010001000403040106010603060307040703060206040602    // raw_mem addr 00000173;  byte addr 00002e60
fbfcf8fdf9fdf8fbf7faf8fbf5fbf6faf7fbf4fbf6faf6fbf6fbf7fcfbfefcfd    // raw_mem addr 00000174;  byte addr 00002e80
040205020300030204010101010102000200010001000000fffffffffbfefafe    // raw_mem addr 00000175;  byte addr 00002ea0
000100feff00ff0000fe01010201030003020402040103010403050204010401    // raw_mem addr 00000176;  byte addr 00002ec0
fffffe00ff00fdfdfdfffdfffcfdfbfefbfdfcfefdfefdfefdffff0000ff00ff    // raw_mem addr 00000177;  byte addr 00002ee0
020001000102010000ff0001000000000000fffeffff0000fefffffffdffff00    // raw_mem addr 00000178;  byte addr 00002f00
0201030005020603070308030804090308030604070205020502050205020302    // raw_mem addr 00000179;  byte addr 00002f20
f6fbf5fbf5fbf4f9f5fbf5fbf7fcf9fdf9fdfcfefdfefeff000000ff00ff0101    // raw_mem addr 0000017a;  byte addr 00002f40
0302040104020201020100000000ff00fdfefdfef8fef8fcf9fcf6fcf7fbf7fc    // raw_mem addr 0000017b;  byte addr 00002f60
000000fe00000101030003020402060204020401060206020502050204020502    // raw_mem addr 0000017c;  byte addr 00002f80
00fefefffdfefefffcfefcfdfdfffdfffdfefefffdfefeffff00fdfefffffe00    // raw_mem addr 0000017d;  byte addr 00002fa0
ffff0000fdfffefefe00fefefdfefe00fefefd00fe00ffffff0000ffffffffff    // raw_mem addr 0000017e;  byte addr 00002fc0
060408020804090507010805080305020503040101010301010000000100ff00    // raw_mem addr 0000017f;  byte addr 00002fe0
f6fcf5faf8fdf8fcfafcfd00fefe00ff00000201020104000501040207020602    // raw_mem addr 00000180;  byte addr 00003000
010000000000fefffc00fcfefafdf8fefafbf5faf6fcf7fbf5fbf6faf4faf5fb    // raw_mem addr 00000181;  byte addr 00003020
0201030103000402040104010503050205010504040204010403030003010302    // raw_mem addr 00000182;  byte addr 00003040
fffffcfffffdfefefdfffffffefefe0000fffffefeffff0000ffff00000000ff    // raw_mem addr 00000183;  byte addr 00003060
fcfffcfefcfefcfffdfefdfffefffe00ffff00ffff0000000000ff00fe0000ff    // raw_mem addr 00000184;  byte addr 00003080
0a0408040703070305030401020101010000ff00ff00fe00fefefcfefc00fdfe    // raw_mem addr 00000185;  byte addr 000030a0
fcfffdfefd000100010001000301030104020502040106030602080408050803    // raw_mem addr 00000186;  byte addr 000030c0
fefefefffdfefcfdfbfdf9fdf9fdf8faf6faf7fcf5faf7fbf7fbf6fcfafdf9fd    // raw_mem addr 00000187;  byte addr 000030e0
01000403040102010501050102030500030003020200000002000000ffffff00    // raw_mem addr 00000188;  byte addr 00003100
fefeff00fefffefefefffcfefefffdfffe000100000001010200010004020400    // raw_mem addr 00000189;  byte addr 00003120
fffefe00fdff0000fefffffeff00fffefffffd00fffefefffd00fefdfefffe00    // raw_mem addr 0000018a;  byte addr 00003140
050103000101010000ffffffff00fefffefffe00fdfefefefdfffeffff00fdff    // raw_mem addr 0000018b;  byte addr 00003160
00ff010103000200050204020402070307030704090507030804090405010603    // raw_mem addr 0000018c;  byte addr 00003180
fafefbfef7fcf6fcf8faf4faf7fbf7fbf4faf9faf8fbf8fcfcfefdfefe000000    // raw_mem addr 0000018d;  byte addr 000031a0
02000403030104010603040103010402030101010100010000ffff00ff00fcfc    // raw_mem addr 0000018e;  byte addr 000031c0
fdfffdfffefffeff00ff00000000000103000400010000000400010001020300    // raw_mem addr 0000018f;  byte addr 000031e0
fdfefefefdfffdfefdfffd00fdfefdfefe00fdfefefefe00fdfefffefefffdfe    // raw_mem addr 00000190;  byte addr 00003200
0000000000ff0000ff00000000000000ff00fffe0000fdfffdfefdfffdfefcfe    // raw_mem addr 00000191;  byte addr 00003220
0401040206030703060306030703070303010703050201000502010101000201    // raw_mem addr 00000192;  byte addr 00003240
f5fbf3f9f7fcf4f9f5faf7fdf8fafbfefdfffefd010202000000030202000200    // raw_mem addr 00000193;  byte addr 00003260
06030402070304010403040201ff02020000fefffefffafefbfdf8fdf6fbf9fc    // raw_mem addr 00000194;  byte addr 00003280
fe00ff000000ff0000ff0100ffff000000000000030103010403060305010703    // raw_mem addr 00000195;  byte addr 000032a0
fcfffcfdfdfffcffff0000000000010000ff0000ff00fdfffdfffdfffcfefffe    // raw_mem addr 00000196;  byte addr 000032c0
000000000000ff00fffffdfefcfffdfefafdfbfdfcfdfafefcfefdfffbfdfdfd    // raw_mem addr 00000197;  byte addr 000032e0
0502060204020503050204020402050104010502050203010301030102010100    // raw_mem addr 00000198;  byte addr 00003300
fafcf9fefafcfdffff00fffeff00010000ff0000020002000202030105010401    // raw_mem addr 00000199;  byte addr 00003320
0301030101000000fefffdfefcfdfbfdfafcf9fcfafcf6fbf6fbf8fbf5fbf6fb    // raw_mem addr 0000019a;  byte addr 00003340
fffffe0000000000010103010400050206030403060106030503070307030503    // raw_mem addr 0000019b;  byte addr 00003360
00000000010100ffff00ff0000feff00fdfefdfefdfffcfdfdfffefffdfeffff    // raw_mem addr 0000019c;  byte addr 00003380
fcfefafdfbfcf9fcf9fdfbfef9fefbfcfcfdf9fefbfdfbfefdfdfffffd000000    // raw_mem addr 0000019d;  byte addr 000033a0
060306020503070307030502050308040501030304020200000100fffffffdff    // raw_mem addr 0000019e;  byte addr 000033c0
0000feff00000000fe0002000000000001000200040002020301040204020502    // raw_mem addr 0000019f;  byte addr 000033e0
fdfefcfdfbfffafefafdf9fcf9fcf9fdf9fcf9fdfbfcfbfdfafefdfffcfefeff    // raw_mem addr 000001a0;  byte addr 00003400
040206020503060306020704060206010703040204000302020000ffffff00ff    // raw_mem addr 000001a1;  byte addr 00003420
000000fffefffefefcfffe00fcfefdfffefffdfffeffff000000ff0003010301    // raw_mem addr 000001a2;  byte addr 00003440
f9fdfafdf9fcfafcfcfefbfdfdfdfe00fd00ff0000000000000000000100ff00    // raw_mem addr 000001a3;  byte addr 00003460
0502050305010301050303010000000000fffefefcfffcfefafdf9fdfafcf9fe    // raw_mem addr 000001a4;  byte addr 00003480
fe00fe0000ffff00030102000101050204020402070206050703070207040803    // raw_mem addr 000001a5;  byte addr 000034a0
fcfffbfefdfffcfffcfefdfefdfffefeff00fdfffffe0000fefefefffdfffffe    // raw_mem addr 000001a6;  byte addr 000034c0
03020301020001010200010101000000ff0000fefefffd00fefefcfefbfefdff    // raw_mem addr 000001a7;  byte addr 000034e0
fffffe000000000000ff00000000000001020300010003020401030204020400    // raw_mem addr 000001a8;  byte addr 00003500
fcfefbfefafefcfefefefeffff00ff0000ffff000001fffffdfe00fefdfffeff    // raw_mem addr 000001a9;  byte addr 00003520
03000100010000fffe00fdfffdfdfbfdfbfdfbfdfafcfcfefbfefbfdfafefbfe    // raw_mem addr 000001aa;  byte addr 00003540
0000010003000202030004020403050104030402040005010302030103000302    // raw_mem addr 000001ab;  byte addr 00003560
ffff00ff0000ffff00ff000000000000ff00fdfffffeff00feff00ff000000ff    // raw_mem addr 000001ac;  byte addr 00003580
00fffffffefffdfffcfffcfffdfefdfffffffefefe00ff00fffffffffe00ff00    // raw_mem addr 000001ad;  byte addr 000035a0
0000010001000303030103010401020102010100010002000101010101010000    // raw_mem addr 000001ae;  byte addr 000035c0
fdfefe00fffffefeff0000fffdfffeffff00fd0000feff00fdfeff00ff0000ff    // raw_mem addr 000001af;  byte addr 000035e0
fdfffbfffefefdfffbfefdffff00fdfefdfffffefdfefcfffefffdfefdfefeff    // raw_mem addr 000001b0;  byte addr 00003600
02020301020002000301000102000200010102000201020101000000ff0000ff    // raw_mem addr 000001b1;  byte addr 00003620
00000000010000000000ff00ff00fe00fefdfdfefcfffffeff00000001000100    // raw_mem addr 000001b2;  byte addr 00003640
fcfdfdffffff0000000000010200000001010200010100000200020100000300    // raw_mem addr 000001b3;  byte addr 00003660
0301020100000000000000ffffffff0000fefdfffdfffefefdfffcfdfbfefcff    // raw_mem addr 000001b4;  byte addr 00003680
fffffdfeff000000fefeff00ff00ffff00ffff00000003000101030105020101    // raw_mem addr 000001b5;  byte addr 000036a0
00000000ff0000000000fdfffefffefffefefdfffcfffdfdfcfffdfefcfefcff    // raw_mem addr 000001b6;  byte addr 000036c0
000000ffff000000010000000100000102000100ff0000ff0000fe0000ffff00    // raw_mem addr 000001b7;  byte addr 000036e0
0000ff00ff00fefffdfffdfefefffefefeffff00000000000000000002000100    // raw_mem addr 000001b8;  byte addr 00003700
0401030003020400030105010200010102000000020000000000020000000000    // raw_mem addr 000001b9;  byte addr 00003720
fdfffdfffefefd00fdfffffefcfffcfefcfefbfffefefefeff00000000000202    // raw_mem addr 000001ba;  byte addr 00003740
fefefeffff00feff0000010000000301020004020502020000000000fd00fdfd    // raw_mem addr 000001bb;  byte addr 00003760
0000000000000000fffffefffefefcfefdfffdfffcfefefe00fffdffffffff00    // raw_mem addr 000001bc;  byte addr 00003780
ffff0000000000000000fe00ff00010000000000000002010200000002010100    // raw_mem addr 000001bd;  byte addr 000037a0
ff00ffffffffff00ff00ff000000ff0000ff0000fffffefffe00ffffff00ffff    // raw_mem addr 000001be;  byte addr 000037c0
0201030002010101000000010200ff0000000100010101000000020001000000    // raw_mem addr 000001bf;  byte addr 000037e0
fbfefdfffcfefdfefe00ffff0000010000000201020102000401020102000301    // raw_mem addr 000001c0;  byte addr 00003800
fefefd000000000000000100000000feff00fdfffefefefffbfefdfefefefcfe    // raw_mem addr 000001c1;  byte addr 00003820
000001010000feffff00fffefeffff00ffffff00fffefefffefffefdfc00fffe    // raw_mem addr 000001c2;  byte addr 00003840
fefffeffff00000000ff00000200020000010100010000010200030102010200    // raw_mem addr 000001c3;  byte addr 00003860
01000200000000ff0000ff00fefefb00fdfefcfdfbfefefefcfefdfffefefefe    // raw_mem addr 000001c4;  byte addr 00003880
0000ffffff01000001ff00010000010001000300000000000000000002000002    // raw_mem addr 000001c5;  byte addr 000038a0
0000010002010201020004000102010203ff0100030303000000020100ff0000    // raw_mem addr 000001c6;  byte addr 000038c0
fbfefefefdfefdfffdfffcfefcfffcfdfcfdfdfffdfefcfefefefefefeff00ff    // raw_mem addr 000001c7;  byte addr 000038e0
0201ff0000000100fe00010100000000ff00fdfdfdfffdfefdfdfcfefcfefcfe    // raw_mem addr 000001c8;  byte addr 00003900
00000100000001000000010101ff020203020300030304010201030202000000    // raw_mem addr 000001c9;  byte addr 00003920
000100fffdfefefffdfefbfefffffdfdfdfefdfffdfdfcfffdfffffeff0000ff    // raw_mem addr 000001ca;  byte addr 00003940
00000000000001010100010001000200010100000101010001000302020000ff    // raw_mem addr 000001cb;  byte addr 00003960
030203000000020200000101020100000101000000ff0000fffffe00fd00fffe    // raw_mem addr 000001cc;  byte addr 00003980
fbfdfafdfefefdfffcfe00fffcfffdfe0000fdff00ff000000ff030102000200    // raw_mem addr 000001cd;  byte addr 000039a0
01000000fe00fffffefffdfffdfdfbfdfcfffafdfcfdfdfff9fdfdfdfbfefbfc    // raw_mem addr 000001ce;  byte addr 000039c0
01ff01010100030003020302050203020402030102000201000001000000ff00    // raw_mem addr 000001cf;  byte addr 000039e0
fffffefffffffdfffcfdfdfffcfefcfdfe00feffffff00000001010001000000    // raw_mem addr 000001d0;  byte addr 00003a00
01000000010001000000010001000200010101000100000200ff00ffff0100fe    // raw_mem addr 000001d1;  byte addr 00003a20
010104010200010103000000000000fefefffefffefdfefffd00fffe0000ff00    // raw_mem addr 000001d2;  byte addr 00003a40
fdfefd00fdfefefefd00fdff0000000002000400020004020200020003010000    // raw_mem addr 000001d3;  byte addr 00003a60
ff00fefffefefc00fffdfcfefc00fbfcf9fefcfdf8fcfafdfbfbfafefdfffcfe    // raw_mem addr 000001d4;  byte addr 00003a80
01000301000101000400000202000200000101000200000000000000fe0000ff    // raw_mem addr 000001d5;  byte addr 00003aa0
fe00fffffefefe000000ff000000010000010200010000000000010001010201    // raw_mem addr 000001d6;  byte addr 00003ac0
010000000100010001000000000000000000000000ffff00000000fffe0000ff    // raw_mem addr 000001d7;  byte addr 00003ae0
010001000000ff00ff000000fe0000feff00fe000000ff00ffff000000000000    // raw_mem addr 000001d8;  byte addr 00003b00
fbfefcfefdfefe0000ff00000101020003010302030202000203030102000001    // raw_mem addr 000001d9;  byte addr 00003b20
00fe00000000fdfdfefffdfefbfdfcfefafdfcfffcfdfafdfcfffbfcfafdfcfe    // raw_mem addr 000001da;  byte addr 00003b40
000000ff0000000000ffffff0000000000000001010000ff00010200ff000000    // raw_mem addr 000001db;  byte addr 00003b60
010000ff0202020000000302010001000200ffff01000000fe00000000000000    // raw_mem addr 000001dc;  byte addr 00003b80
0200000000000100fdff00fffd00fdff0100fe0000ff0000fdff01000000ff00    // raw_mem addr 000001dd;  byte addr 00003ba0
000000ff000000000000000002000001000001ffff00000001ff000000000000    // raw_mem addr 000001de;  byte addr 00003bc0
ffff000000000201040102000401040203000200030102000101020102000000    // raw_mem addr 000001df;  byte addr 00003be0
fefefffefafef8fdfafdf8fcf8fdf9fdf8fdf9fdf9fbf8fef9fdfafcfcfefdfd    // raw_mem addr 000001e0;  byte addr 00003c00
ff00ffff000000000101010002000201010102010100020002000100010000ff    // raw_mem addr 000001e1;  byte addr 00003c20
01010200010000000000fe0000fefefffeffff00feffffff00fffe00feff01ff    // raw_mem addr 000001e2;  byte addr 00003c40
fefffefefefffefdff00000000ff000000000000030001020301010101010500    // raw_mem addr 000001e3;  byte addr 00003c60
010100000200000000000100fe0000ff00fffe000000ff00feff0000fefffdff    // raw_mem addr 000001e4;  byte addr 00003c80
0301030105010302020105010101020002000100020101000200020200000300    // raw_mem addr 000001e5;  byte addr 00003ca0
fafdf9fdf9fdfafef8fcfafcfafdf9fbfbfefbfefcfdfdfefdfeff0000000000    // raw_mem addr 000001e6;  byte addr 00003cc0
0000010000ff0201010101000400000102000100ff000100fe00fcfefdfefafd    // raw_mem addr 000001e7;  byte addr 00003ce0
01000100ff00fffdfefffbfffdfdfdfefeff00fffeffffff00ffff00000000fe    // raw_mem addr 000001e8;  byte addr 00003d00
fe00fefe00ffff00010003000202040203000302030104010402030003000203    // raw_mem addr 000001e9;  byte addr 00003d20
0100000003000000000000fffdfefe00fdfdfefdfd00fefffdfefe00fefffefe    // raw_mem addr 000001ea;  byte addr 00003d40
0501000002000001000001000000030002000000020100000000010100ff0200    // raw_mem addr 000001eb;  byte addr 00003d60
fcfdfc00fcfe00fefcffff00fffffeff00ffff0001ff02000102060004020300    // raw_mem addr 000001ec;  byte addr 00003d80
00ff0201000001000100fdfe0000fefffeff0000fbfdfdfffcfefbfcfcfffafd    // raw_mem addr 000001ed;  byte addr 00003da0
fcfefbfdfcfefcfcfdfefefefe00fe00fffefe00fdfffefdff00fdfe00000000    // raw_mem addr 000001ee;  byte addr 00003dc0
0000010003010400030203020201050203010301050202010301010100ff0000    // raw_mem addr 000001ef;  byte addr 00003de0
0100000000fffe00fcfefefdfcfffdfdfe00fcfefcfefdfffefdfdfffefeffff    // raw_mem addr 000001f0;  byte addr 00003e00
0000ff00ffff0101000001010201010002020301010001000300030103010200    // raw_mem addr 000001f1;  byte addr 00003e20
00000100ff00000000ffff0000000000010200000100020000ff00000000fdfe    // raw_mem addr 000001f2;  byte addr 00003e40
00ff000000ffffffff0000ff00000000ffff0000fe00fefeffffffff00ffff00    // raw_mem addr 000001f3;  byte addr 00003e60
fcfefcfefd00fdfdfffffd00fdfdff00fcfeff00000000ff0001000002000000    // raw_mem addr 000001f4;  byte addr 00003e80
02010200030102010302040203010202020101000000fffffbfefcfefafdfbfe    // raw_mem addr 000001f5;  byte addr 00003ea0
fdfefcfffcfcfdfefd00fcfdfcfefcfefefffefefffeff000000010100000100    // raw_mem addr 000001f6;  byte addr 00003ec0
03010401020204010201010102000200030200000100010100000000fdfffefe    // raw_mem addr 000001f7;  byte addr 00003ee0
fe00feff00ff000000000000010000ff00000000fffe01000000000002000000    // raw_mem addr 000001f8;  byte addr 00003f00
00000000000000000000ffffff0000fffffffffffffffd00fefdfffffdfffefd    // raw_mem addr 000001f9;  byte addr 00003f20
fefefeffff00feff000001000000020003010200040103010301020102000201    // raw_mem addr 000001fa;  byte addr 00003f40
0100000002000102000000feff00fbfdfcfdfafff9fcfafefafdfcfdfbfefcfd    // raw_mem addr 000001fb;  byte addr 00003f60
fcfdfdfffcfffdfefdfefefe00ff000000000000010000000001000001000100    // raw_mem addr 000001fc;  byte addr 00003f80
010103000301000102000000ff0001000000ff0000fe0000ff00fefeff00fcfe    // raw_mem addr 000001fd;  byte addr 00003fa0
000001000000000000ff000000ffff0000000000010000000301030003010602    // raw_mem addr 000001fe;  byte addr 00003fc0
0001010100ff010000ff00000000fdfefffffdfffdfffefffdfefeff00ff0000    // raw_mem addr 000001ff;  byte addr 00003fe0
01000201000003010301020104010201030104020300020101010000000100fe    // raw_mem addr 00000200;  byte addr 00004000
fefefd00fcfffbfbfcfffbfefafcfbfefbfdfbfcfcfefcfeffffff0000000000    // raw_mem addr 00000201;  byte addr 00004020
fefffefe0000ff0002000001ff0000fffe000000000000000000ff0000ffff00    // raw_mem addr 00000202;  byte addr 00004040
0000000001000000ff0000ff000001000000ff000000fefefdfefcfefcfdffff    // raw_mem addr 00000203;  byte addr 00004060
fe01fffffefeff02fffe00ff010200ff01000000010004010100010002010101    // raw_mem addr 00000204;  byte addr 00004080
0100030101000000fffffffffefffdfdfe00000000fe000101000000000000fe    // raw_mem addr 00000205;  byte addr 000040a0
0200040205020300040202020402050000010101000000000100000003010200    // raw_mem addr 00000206;  byte addr 000040c0
f9fef8fcfafdfcfefafdfdfffcfefcfefffffeff000002000200030003010402    // raw_mem addr 00000207;  byte addr 000040e0
01010100ff00fdfffefeff00fefdfefefd00fefcfdfffafefbfbf9fef8fbf8fb    // raw_mem addr 00000208;  byte addr 00004100
010001000001010001ff010200000000ff00fffefefffd00000001ff01000100    // raw_mem addr 00000209;  byte addr 00004120
fcfefe00ffffff00ff0000000000000001000101000000000100000000000000    // raw_mem addr 0000020a;  byte addr 00004140
030001000000000001000100ff00000100fffefffefffcfdfdfffafefbfffdfe    // raw_mem addr 0000020b;  byte addr 00004160
0600040205020300030203000000000002010201020102020500030202020300    // raw_mem addr 0000020c;  byte addr 00004180
fbfdfbfdfeffffffff0001000100030103010202060105020503060204020603    // raw_mem addr 0000020d;  byte addr 000041a0
ff000000ff00fefffefdfbfefafef9fcf8fcf7faf6fbf6fbf7faf8fcf8fcf8fd    // raw_mem addr 0000020e;  byte addr 000041c0
000000ffffffff00fffefd00ff00fefeff0001ff0000010101000000000000ff    // raw_mem addr 0000020f;  byte addr 000041e0
fefd0000feff00ff000000000200000000000200020000000000020000000100    // raw_mem addr 00000210;  byte addr 00004200
0200020100000000fe00fcfefdfdf9fdfafdfcfdf9fdfbfdfcfefcfdfe00fcfe    // raw_mem addr 00000211;  byte addr 00004220
02000201020101ff010101000200010102010402030002020501020002020201    // raw_mem addr 00000212;  byte addr 00004240
0000000001000001040006020302060105040502060203020602040202000402    // raw_mem addr 00000213;  byte addr 00004260
fffffc00fcfdfc00fcfdfafcf8fef8fbf8fdf8fcf9fbfbfefdfefefffeff0000    // raw_mem addr 00000214;  byte addr 00004280
ff00fefefefefd00fefffeff00ff0000000001000201000001000000ff0000ff    // raw_mem addr 00000215;  byte addr 000042a0
fffefd00ffffff0000000000000001ffff00fffffffefe00fdfefe00fd00feff    // raw_mem addr 00000216;  byte addr 000042c0
00fffffefefffffefcfdfbfefbfcfafdfcfffcfdfefe0000ff0000000000ffff    // raw_mem addr 00000217;  byte addr 000042e0
020102010200020001010301040101010501050201000401000000ff0000fe00    // raw_mem addr 00000218;  byte addr 00004300
0000000002010300040305020501030204000201010103000201020204020300    // raw_mem addr 00000219;  byte addr 00004320
fffffdfffdfffbfffafefbfdfbfdfdfefeff00ff010100ff00000100ffffff00    // raw_mem addr 0000021a;  byte addr 00004340
000000ffff00000000feff0001000100000100fffffeff00fdfe00fefdfffcff    // raw_mem addr 0000021b;  byte addr 00004360
fcfdff00fdfe000000fffffeff00fdfefefdfdfffe0001ff0000010103000000    // raw_mem addr 0000021c;  byte addr 00004380
feff0000fcfdfcfefcfefbfdfd00fdfefffffe00fcfdfcfefafef9fcfbfef9fc    // raw_mem addr 0000021d;  byte addr 000043a0
0200030103000301020303000301000101000201ff0000ff0000feff010000ff    // raw_mem addr 0000021e;  byte addr 000043c0
0200040204020100040201000100010101000401040104020602040103020202    // raw_mem addr 0000021f;  byte addr 000043e0
0000fdfefffffe00fe00010000000100010000000000ff00fffffefffe000201    // raw_mem addr 00000220;  byte addr 00004400
00000000ff0000000000000000fffe00fefffdfffeff00ffff0000ff0000ffff    // raw_mem addr 00000221;  byte addr 00004420
fdfefe00fffffdfffd00fd00ffff010000010300040002020200010101000000    // raw_mem addr 00000222;  byte addr 00004440
fcfffd00fcfcfdfefcfefafdfcfefafcf9fdf8fdf8faf8fdfafdfafcfa00fefe    // raw_mem addr 00000223;  byte addr 00004460
01ff0201000101ff0000ff0000000000fefe0000000000000200fe00ff0100fe    // raw_mem addr 00000224;  byte addr 00004480
0202030102000101040004000402060206010503040104010302010002010001    // raw_mem addr 00000225;  byte addr 000044a0
0000ff000000ff00feff0000fefefbfefefffcfdfdfffffeffff010103000100    // raw_mem addr 00000226;  byte addr 000044c0
0000fe0001ff0000fe000100fe00ff0000ff0000030100000101030001000100    // raw_mem addr 00000227;  byte addr 000044e0
00ff000001000100000205010301040405000100030100fffe000000fdffff00    // raw_mem addr 00000228;  byte addr 00004500
fafbf8fdf8fcfafcf9fcf9fcf8fdf7faf9fcf9fdfafcfcfefcffffff0000ffff    // raw_mem addr 00000229;  byte addr 00004520
0101020100ff010000000000010000000200030100000200fe00fdfdfdfff9fd    // raw_mem addr 0000022a;  byte addr 00004540
0201030102030400070304030500040101000101feffffff0000fefe00000000    // raw_mem addr 0000022b;  byte addr 00004560
fcfefdfefdfffcfefdfffcfefcfeff00fffe0000020002000503040204010302    // raw_mem addr 0000022c;  byte addr 00004580
010001000200000000000200010003030301020103010000000000fefdfefd00    // raw_mem addr 0000022d;  byte addr 000045a0
020001000300030102010202000000ffff00fdfefefffefffffe020001000201    // raw_mem addr 0000022e;  byte addr 000045c0
fafdf8fdf9fcf8fbf8fcfafdfafcfbfdfeffff0000000100000002000000ff00    // raw_mem addr 0000022f;  byte addr 000045e0
010000000000020002010403030100000000fefefbfdfbfef9fbf9fcf8fdf9fb    // raw_mem addr 00000230;  byte addr 00004600
0201010001010100fffffe00fefffcfdfcfffeffffff00ff0101030101000000    // raw_mem addr 00000231;  byte addr 00004620
fe00fe00feffff00010001000301040205020602040202020200030101010001    // raw_mem addr 00000232;  byte addr 00004640
00000100020001010401030200000000fe00fdfdfcfefdfefdfefcfffefefefe    // raw_mem addr 00000233;  byte addr 00004660
0201020000010000fffefe000000ffff01000202010003010302010000000100    // raw_mem addr 00000234;  byte addr 00004680
f7fcfbfdf9fdfbfefffffefe02000000000001ff000001000000000202000100    // raw_mem addr 00000235;  byte addr 000046a0
02010201020002000000fefefcfffafcf9fcf9fef9fcf8fcfafcf9fcf9fdfafc    // raw_mem addr 00000236;  byte addr 000046c0
fdfefdfffefefcfefcfffffffeff000003020201030003000402020103000402    // raw_mem addr 00000237;  byte addr 000046e0
00000300040103010501050302000000010100fffe00fffffe00ff0000fffeff    // raw_mem addr 00000238;  byte addr 00004700
0000000003010000ff000000fdfefe00fdfffe0000fffeff0000ffffff000100    // raw_mem addr 00000239;  byte addr 00004720
0000ff0000ffff00000001000101020001000100030000000001020100ff0200    // raw_mem addr 0000023a;  byte addr 00004740
ffffffff00000000000000000201010000000201010001000100010000000100    // raw_mem addr 0000023b;  byte addr 00004760
0000fcfdfcfffcfffafcf9fdf9fbf8fbf8fef8fcf8fdfafdfafdfafefbfdfdfe    // raw_mem addr 0000023c;  byte addr 00004780
0001000001000201040104030500050106030601040304010101030000000000    // raw_mem addr 0000023d;  byte addr 000047a0
0100000100ffff00fffffefefc00fbfcfbfefbfefbfcfcfefdfffeffffff00ff    // raw_mem addr 0000023e;  byte addr 000047c0
010000ff000101000000000000ffff00000000fe010001000100020001000100    // raw_mem addr 0000023f;  byte addr 000047e0
00ff0001010000000001010001000102010001ff0000ff000000000000000000    // raw_mem addr 00000240;  byte addr 00004800
0000010002000100020103000200010101000200010100010200020000010100    // raw_mem addr 00000241;  byte addr 00004820
fafcf7fcf7fcf7fcf5f9f6fbf8fdf9fcfbfdfcfefdfefefdfeff000000ff0000    // raw_mem addr 00000242;  byte addr 00004840
06030702060306040803080205040402030000000000fefffdfffdfdfbfffafe    // raw_mem addr 00000243;  byte addr 00004860
fcfffcfffafefbfefafdfafdfcfdfcfdfe00ff00010002020200040204030402    // raw_mem addr 00000244;  byte addr 00004880
0200fe00000000ffff000000000000010200000000000000fe00ffffff00fcff    // raw_mem addr 00000245;  byte addr 000048a0
ff00ffff0200000000000100fffe000000fffdff000000ff0000020100000301    // raw_mem addr 00000246;  byte addr 000048c0
04010301020104000101020201000001040201000100010000ff000100ff0000    // raw_mem addr 00000247;  byte addr 000048e0
f6faf7fbf6faf9fcfcfefcfdfdffff0000ffffff00000000ff00000001000001    // raw_mem addr 00000248;  byte addr 00004900
0504070303010402000000000000fafffcfefbfdf8fefbfdf8fbf8fcf9fdf5fb    // raw_mem addr 00000249;  byte addr 00004920
fcfefcfdfeffff00000001000200040105020502060208040602060308040602    // raw_mem addr 0000024a;  byte addr 00004940
00fefe00fe00fe00000000fffffffefffdfdfc00fdfffafdfcfefbfdfbfefefe    // raw_mem addr 0000024b;  byte addr 00004960
010000ff010001000000010001000201020102010401030103020200000000ff    // raw_mem addr 0000024c;  byte addr 00004980
0401ff0001000301fe00000000ffffff0000fcfeffffff00fefe0000fe000000    // raw_mem addr 0000024d;  byte addr 000049a0
fafefcffffffffffff0001000000000002000000030003010001060102020100    // raw_mem addr 0000024e;  byte addr 000049c0
000100fffffefcfffdfefbfcfafefafdfafcf7fcf7f9f8fcf7fbf8fbf9fdf9fc    // raw_mem addr 0000024f;  byte addr 000049e0
0200040102020502070205020604060306030703060305010502040304010300    // raw_mem addr 00000250;  byte addr 00004a00
fcfdfdfff9fefefdfcfffafefdfdfbfffdfefefdfdffff00ffff00ff00000001    // raw_mem addr 00000251;  byte addr 00004a20
0400050203020400050204020400020102000000fdffff00fdfffbfdfefefbfe    // raw_mem addr 00000252;  byte addr 00004a40
fdfefe00fefefcfffdfefdfdfd00fffdfdfe000201ff00000303040004010402    // raw_mem addr 00000253;  byte addr 00004a60
0000010001000100020000000202020000000202010002000000ffff0000fdff    // raw_mem addr 00000254;  byte addr 00004a80
fcfffbfdfbfcfafdf9fdf9fbf9fdf8fdf8faf8fcf9fdfafcf9fefefffffffe00    // raw_mem addr 00000255;  byte addr 00004aa0
07020501060407020402060205010403040204010401020001000000fefffdff    // raw_mem addr 00000256;  byte addr 00004ac0
fcfffdfefdfdfd00fcfffeffff00feff02000000000103000000040204000402    // raw_mem addr 00000257;  byte addr 00004ae0
040003010201020001000000ff00fefffefffbfefbfdfbfefbfefbfefdfefcfd    // raw_mem addr 00000258;  byte addr 00004b00
fd00fffefefeff00000002010100020004020301050205020502050205020402    // raw_mem addr 00000259;  byte addr 00004b20
00000001feff00ffff00fe000000fefe00000000fdfffe00fffdfdfffdfefcfd    // raw_mem addr 0000025a;  byte addr 00004b40
fcfdfdfffcfdfbfcfbfefbfefdfefbfefdfefefefdfffffeffffff000000ffff    // raw_mem addr 0000025b;  byte addr 00004b60
04020601040206030201010101010000ff00fdfffefefefefefefefefcfffcff    // raw_mem addr 0000025c;  byte addr 00004b80
fefefcfffdffff00ff0000ff0301020105020602030105030302020005010302    // raw_mem addr 0000025d;  byte addr 00004ba0
0100000000ffff00fffffdfffefefefffdfffbfdfbfefefefcfffdfffefefcfe    // raw_mem addr 0000025e;  byte addr 00004bc0
0201010104000302030102000001020004010201040004020401050102020200    // raw_mem addr 0000025f;  byte addr 00004be0
fcfefe00fcfefcfffefffefefe00ff00fd00ff00fffffdff0000fffffe000200    // raw_mem addr 00000260;  byte addr 00004c00
feffff00feff00fffe00fefeff00ff00fffeff00fffefdfffdfffefdfe00fcfd    // raw_mem addr 00000261;  byte addr 00004c20
0401010001010000fdfefd00fdfefcfdfcfefcfefdfffe00fefffeff0000feff    // raw_mem addr 00000262;  byte addr 00004c40
fefefeffffff0000010003010202020004030401040105020401050204010200    // raw_mem addr 00000263;  byte addr 00004c60
020101000100020200000000010000ff0000fffefdfffc00fcfdfcfefbfefbfd    // raw_mem addr 00000264;  byte addr 00004c80
0100000000ff01ff000000000000010002000200010002020200020003000101    // raw_mem addr 00000265;  byte addr 00004ca0
fafefafefdfefcff00fffefffe00020000000101030001010401040001010100    // raw_mem addr 00000266;  byte addr 00004cc0
0000010001000000fe00fefe0000fe00fdffff00fcfefbfefafcf9fdf8fcfafb    // raw_mem addr 00000267;  byte addr 00004ce0
fffffdfffefdfffffbfffdfffefefcfffefffffeffff00010100000002010400    // raw_mem addr 00000268;  byte addr 00004d00
fcfe00fffe00010002000000030000000201050103010603030103000202feff    // raw_mem addr 00000269;  byte addr 00004d20
06030502050304020100010001000000fefffbfefafdf9fbf8fbf7fcf9fdfafd    // raw_mem addr 0000026a;  byte addr 00004d40
00ff00fffe000100010100000201020001000201030105030502060208040703    // raw_mem addr 0000026b;  byte addr 00004d60
fafdfcfdfc00fdfdfe00fdff000001010101030103020401020000000000fe00    // raw_mem addr 0000026c;  byte addr 00004d80
0101010101000000010000fffe00fefefcfffbfbf8fcf6fbf6faf7fef8faf9fd    // raw_mem addr 0000026d;  byte addr 00004da0
fcfffefffcfdfdfffffffeff00000000ff000000010103000402040205000301    // raw_mem addr 0000026e;  byte addr 00004dc0
fcfdfefefdfefeffff0000fe020002010300050303000301030300ff00ffffff    // raw_mem addr 0000026f;  byte addr 00004de0
05030503030102010100fdfefdfefafcf6fbf7fbf4fbf5faf7fbf6fcfafdfcff    // raw_mem addr 00000270;  byte addr 00004e00
0001030003000203060204020502070206040902080308040a04080408030803    // raw_mem addr 00000271;  byte addr 00004e20
f9fcfbfdfbfef9fbfbfefcfffffe0000000002000001000001ffff0000000000    // raw_mem addr 00000272;  byte addr 00004e40
020000010100000000000000fefffdfffcfdfbfdfbfef8fbf9fcfafdf9fdfbfd    // raw_mem addr 00000273;  byte addr 00004e60
000000000000ff00ff0000000000feff00ff0100010002020201040003020300    // raw_mem addr 00000274;  byte addr 00004e80
fafdfbfdfafeff00fffe000003020302050206020302020101000000000000ff    // raw_mem addr 00000275;  byte addr 00004ea0
040202020000ff00fdfffefefcfef9fcf7fbf7fbf4faf5fbf4faf4fbf9fcf8fb    // raw_mem addr 00000276;  byte addr 00004ec0
020205020501040205020602060305030603080307030a040904070409050502    // raw_mem addr 00000277;  byte addr 00004ee0
f9fdfbfcf8fcf9fefbfefafcfefefd0000ff02ff000001020300020202020400    // raw_mem addr 00000278;  byte addr 00004f00
020002020500010101000100ff000000fffffcfefcfdfbfefbfdf9fcf9fdfafd    // raw_mem addr 00000279;  byte addr 00004f20
fdfdfffe0000fd00ff00fffffeff0000ffff0000000000000401030004020702    // raw_mem addr 0000027a;  byte addr 00004f40
fafbfafdfcfefffe0001000000000401020102000301000002010000ffff0000    // raw_mem addr 0000027b;  byte addr 00004f60
0503020003010000fefffdfefcfefbfdf9fcf7fbf6faf4faf3fbf6f9f5faf6fd    // raw_mem addr 0000027c;  byte addr 00004f80
02020100010001010400060204020602090406030a040a0408030a0608030803    // raw_mem addr 0000027d;  byte addr 00004fa0
fefffbfefdfefe00fbfefffffd00fcfd00fffd00000002000000030203000200    // raw_mem addr 0000027e;  byte addr 00004fc0
0502050202020401010001000000fdff0000fcfefbfdfdfff9fcfbfdfafefafc    // raw_mem addr 0000027f;  byte addr 00004fe0
fbfcfdfefdfffcfdfe00fffe0000010002000101030005010202030105010302    // raw_mem addr 00000280;  byte addr 00005000
f8fcf9fcfbfefcfefe00ff00fffe000000ff000000fffefe0000fefffdfdfd00    // raw_mem addr 00000281;  byte addr 00005020
05020501020102020100fffffffffefefbfefcfdfbfef9fcf9fcf7fdf7faf8fc    // raw_mem addr 00000282;  byte addr 00005040
0000000000ff0000010002000202040206030503060306040802060408050803    // raw_mem addr 00000283;  byte addr 00005060
fcfefd00fdfdfefeff00fe00ff00fffffd0000000000000000ff000000000000    // raw_mem addr 00000284;  byte addr 00005080
0603060207030402020103000000fffeff00fdfffdfdfc00fcfefcfdfcfffcfd    // raw_mem addr 00000285;  byte addr 000050a0
f9fdfbfdfdfefcff00ff00000001040103020402060306020604060407000804    // raw_mem addr 00000286;  byte addr 000050c0
fcfdfbfef9fef9fbf9fcf9fdfafcf8fdf9fdfbfcf9fcf8fdf9fcf7fcf8fcf9fc    // raw_mem addr 00000287;  byte addr 000050e0
0400060307020602040304000602020100000201000001000100ffffff00fcff    // raw_mem addr 00000288;  byte addr 00005100
0100ff0000000100fefffeff0000ffff00ff0000000002000102020005010602    // raw_mem addr 00000289;  byte addr 00005120
fafdfafcf9fdfefffdfeff000000ff00020100ffff000100ff00000000000000    // raw_mem addr 0000028a;  byte addr 00005140
0b05090506030602050203010200000000000000fefffdfefcfffafcfafdf8fd    // raw_mem addr 0000028b;  byte addr 00005160
f4faf6faf7fbf9fdfafdfdfeff00000001000303080107040a060c030a070b05    // raw_mem addr 0000028c;  byte addr 00005180
00000100ff00ff00fe00fcfffbfdfcfffbfdf8fcf8fcf6fbf6fbf5faf5faf5fa    // raw_mem addr 0000028d;  byte addr 000051a0
0302040001000200030003010302030103010201010002000101000002000000    // raw_mem addr 0000028e;  byte addr 000051c0
feffffff01000000000002010001020000000100030102010301030203000201    // raw_mem addr 0000028f;  byte addr 000051e0
fdfffefefdfffcfffbfdfbfefbfdfbfdfbfefbfcfdfefdfffdfefdfefdfe00ff    // raw_mem addr 00000290;  byte addr 00005200
0300030204010301050306010604070405010401030302000000fe00fffeff00    // raw_mem addr 00000291;  byte addr 00005220
fbfef8fcfbfcfbfffbfffefdfbfefcfffefffc0000ff0000000003ff02010302    // raw_mem addr 00000292;  byte addr 00005240
0200020100000000ffff0000fd00fdfe0000feffff000000fcfefdfffbfffafd    // raw_mem addr 00000293;  byte addr 00005260
0000000000000101010002000301010102000100000000000000000001000100    // raw_mem addr 00000294;  byte addr 00005280
ffff0000ff000000010100000200010001000101010001000000000001000000    // raw_mem addr 00000295;  byte addr 000052a0
000000000000fffffffffcfefd00fcfffcfeff00fdfffdfffffffefeff00fe00    // raw_mem addr 00000296;  byte addr 000052c0
ffff0000010000000101010000000001000000000001ff0000ff0101ff000200    // raw_mem addr 00000297;  byte addr 000052e0
fffffd00fdfefffeff00000000000000000000000000ffffff0000fffefffe00    // raw_mem addr 00000298;  byte addr 00005300
030202010200ffff0000ff00fdfefefefcfefefffdfffdfefefffefffefffeff    // raw_mem addr 00000299;  byte addr 00005320
fcfdfbfefe00fefefeffff0000ff000001000100020202000301040203010402    // raw_mem addr 0000029a;  byte addr 00005340
040103020601040204030502020103020000ffff0000fdfffdfefefffcfefcff    // raw_mem addr 0000029b;  byte addr 00005360
fcfefbfffafef8fcf9fcfafdf9fcf9fefcfdfcfefeff00fe0000030001010201    // raw_mem addr 0000029c;  byte addr 00005380
03020400050405020501060504000402040402000201ff0100ff00fffd00fefe    // raw_mem addr 0000029d;  byte addr 000053a0
fcfffafdfafcfbfcf9fefbfcfbfcf9fefcfdfdfefdffffff00ff000102000200    // raw_mem addr 0000029e;  byte addr 000053c0
0202010103000201010002000000ff0000000000ff0000ffff00fd00fefefdfe    // raw_mem addr 0000029f;  byte addr 000053e0
0000020002010100010001000300020103010501030102010100010001000100    // raw_mem addr 000002a0;  byte addr 00005400
fdfffcfdfafdfbfdfcfdfafffafefcfdfbfffcfffdffffff00ff000000000101    // raw_mem addr 000002a1;  byte addr 00005420
060207040603090307040303050203020201020000000000fe00fe00fefefbfd    // raw_mem addr 000002a2;  byte addr 00005440
fcfefefffdfffdfdfdfefbfffcfefcfefeff010000ff01010301020005030402    // raw_mem addr 000002a3;  byte addr 00005460
fafdf9fcf8fcf9fcfbfcfafefbfefdfefdfffbfdfbfdfbfdf9fcfafdfcfefcff    // raw_mem addr 000002a4;  byte addr 00005480
08030a040c050b050a070904090306030300020100000000ff00fdfefdfefafe    // raw_mem addr 000002a5;  byte addr 000054a0
fbfdfafdf9fcf9fcf8fdf8fcf9fdfbfefdfdfeff000000000303050205010805    // raw_mem addr 000002a6;  byte addr 000054c0
0100020103020200030202010200020101000100ff0000ff0000fdfffdfffcfe    // raw_mem addr 000002a7;  byte addr 000054e0
0000ff00010201ff010003010300020203010300020102010000020001000100    // raw_mem addr 000002a8;  byte addr 00005500
fbfdfbfdfbfcf9fcf9fdf9fbf8fcfafefbfcfbfffe00fefdff000000ffff0000    // raw_mem addr 000002a9;  byte addr 00005520
0301020205000100000102000000ff00fefffd00fdfdfbfdfbfffcfcfbfdfafe    // raw_mem addr 000002aa;  byte addr 00005540
fcfefcfdfcfefefefe00ffff0000fe00ff000000ffff01010401020103020601    // raw_mem addr 000002ab;  byte addr 00005560
08020705080408030503060205030402040103010401010000000000fefffcff    // raw_mem addr 000002ac;  byte addr 00005580
fcfdf9fcf9fcfbfefafefcfcfcfefbfffffefe0000ff00fffe01040005030402    // raw_mem addr 000002ad;  byte addr 000055a0
020202ff0200020202000100000000fffffffe00fffeffffff00fefefdfffdfd    // raw_mem addr 000002ae;  byte addr 000055c0
ffff00ff00000000000000ff010002000200000001000000ffff000000ff0000    // raw_mem addr 000002af;  byte addr 000055e0
fe00fdfefcfefcfefbfcfcfefcfefafcfbfef9fdfafefafefcfdfcfffcfe0000    // raw_mem addr 000002b0;  byte addr 00005600
02010100000003020100040104020201050203010402030202010302000000ff    // raw_mem addr 000002b1;  byte addr 00005620
fffefe0000ffffffffff0000fdff00ff0000fcfeffffffff00ff0000ff000000    // raw_mem addr 000002b2;  byte addr 00005640
030200010300030000010200000000000100fe0001ff0101fe0000ff0000ffff    // raw_mem addr 000002b3;  byte addr 00005660
00fffefeff00ff00fffd000000000000000100000000ff00feffff0000ff0100    // raw_mem addr 000002b4;  byte addr 00005680
020102000201020202000302010000000000fffffd00feffff000000ff00feff    // raw_mem addr 000002b5;  byte addr 000056a0
fbfbfafdf9fcfafdfbfcf9fcfafffdfdfcfeff0000ff00010300030001010200    // raw_mem addr 000002b6;  byte addr 000056c0
0000ffff0000feffff0001ffff0000000000fe00fefffbfdfbfef9fcf9fcfafd    // raw_mem addr 000002b7;  byte addr 000056e0
0401040203020501030200010201030201000302050202010302040101000201    // raw_mem addr 000002b8;  byte addr 00005700
fafbf9fefbfefdfdfe0000000000000102000000000000000001010002010301    // raw_mem addr 000002b9;  byte addr 00005720
040302000300020201000100000000fffffffefefcfffbfcfcfffafef9fcfafd    // raw_mem addr 000002ba;  byte addr 00005740
00fffe00010001ff0000010001ff010003000502060305020804080405010601    // raw_mem addr 000002bb;  byte addr 00005760
fbfffbfdfcfdf8fdf9fcf8fcf7fcf6faf7fcf6fcf7faf8fdf9fdfdfdfbfefdff    // raw_mem addr 000002bc;  byte addr 00005780
0904070306030804070206030603050106020401020101000000ff00fefffeff    // raw_mem addr 000002bd;  byte addr 000057a0
f8fcf7fcf7fbf7fdf9fcfafcfbfefdffffff0000020004020502080308040703    // raw_mem addr 000002be;  byte addr 000057c0
04030501050204020302010000ffff00fcfdfcfefafef7fcf8fcf7faf5fbf7fb    // raw_mem addr 000002bf;  byte addr 000057e0
fcfefe00fefe00ff020103010502050206020603050105020503050306010602    // raw_mem addr 000002c0;  byte addr 00005800
03000102010102000100fefffdfffdfefafcf9fdfafcfafdf8fdfbfdfdfefbfd    // raw_mem addr 000002c1;  byte addr 00005820
0200020103020100010001000100020103010402040304010402040103010402    // raw_mem addr 000002c2;  byte addr 00005840
f7fbf7fbf5fbf6faf6fbf5fcf8fbf8fbf8fefbfcfcfefd00fffe000001000301    // raw_mem addr 000002c3;  byte addr 00005860
02010502050203010501020202010300000000000000ff00fffffbfdfbfdfafe    // raw_mem addr 000002c4;  byte addr 00005880
fcfdfcfefbfefbfefbfdfdfefe00ffff00000201020003000202020003010302    // raw_mem addr 000002c5;  byte addr 000058a0
050304010401030304000301010004010202020001000100ff00fdfffe00fc00    // raw_mem addr 000002c6;  byte addr 000058c0
ff00020004010301080404020401040101000100000000000000020202010200    // raw_mem addr 000002c7;  byte addr 000058e0
fcfefbfdfafdf8fdf9fdf9fcf9fcf9fcf8fcfcfefafdf9fcfcfefbfefdfeff00    // raw_mem addr 000002c8;  byte addr 00005900
02010000010000000000010001000100020204020300020201000000ff00fdfe    // raw_mem addr 000002c9;  byte addr 00005920
fd00fefefdfffb00fcfdfcfefdfffbfdfcfffefffbfefeffffffff0000000200    // raw_mem addr 000002ca;  byte addr 00005940
0001030101010301040003010502040102010300020001010200000000000000    // raw_mem addr 000002cb;  byte addr 00005960
fcfdfcfdfdfffffffefffe000000010002010301040104030401030202000000    // raw_mem addr 000002cc;  byte addr 00005980
0400040101010200020000000100fe00fcfefefef9fdf9fdf8fdf9fcfbfdfafd    // raw_mem addr 000002cd;  byte addr 000059a0
fbfdfbfffdfe0000000000000100000002010301030105030702060306030501    // raw_mem addr 000002ce;  byte addr 000059c0
0301040201010100fffffbfefdfefafcf9fcfbfdf9fcf8fefafcfafbf9fdfafc    // raw_mem addr 000002cf;  byte addr 000059e0
000001ff00000400030205030803060508020502040203010302030104020301    // raw_mem addr 000002d0;  byte addr 00005a00
f7fcf6fcf4faf6faf6fcf4faf8fcf8fcf9fbfbfdfbfefdfefefeff0000fffeff    // raw_mem addr 000002d1;  byte addr 00005a20
0603080408030804070306030401020002010000fe00ff00fefefcfefafdf8fb    // raw_mem addr 000002d2;  byte addr 00005a40
fcfefcfdfbfefe00ff0000000100020004010303040106030502040007030703    // raw_mem addr 000002d3;  byte addr 00005a60
02010101020001000000000000fffefffefffcfefcfefcfefafdfafefafcfafd    // raw_mem addr 000002d4;  byte addr 00005a80
0000020101000302030101000100000001000200030102010402050205010301    // raw_mem addr 000002d5;  byte addr 00005aa0
fbfdfbfcfbfdfafdfafcfbfcf9fcf9fcfbfefcfefcfefcfefdffffff000000ff    // raw_mem addr 000002d6;  byte addr 00005ac0
0301000000000100ff00010002000000000000000000fffffefffcfffcfefcfd    // raw_mem addr 000002d7;  byte addr 00005ae0
fdfe00fffd00ff0001000000ff00000000ff0000000101000301030303000302    // raw_mem addr 000002d8;  byte addr 00005b00
00000301010000ff0201000001ff01010000010000000000fefffdfefefffbff    // raw_mem addr 000002d9;  byte addr 00005b20
0000020102000100000002000300020203000200000103000200ff0003000200    // raw_mem addr 000002da;  byte addr 00005b40
fdfffefffffffdfefefefbfffcfdfbfcfafefdfdfbfefdfe0000ffff00000102    // raw_mem addr 000002db;  byte addr 00005b60
0202010102000200010102000200000000ff0000fffffdfffcfffdfdfcfefdfe    // raw_mem addr 000002dc;  byte addr 00005b80
fefefcfffcfefdfdfcfdfdfefdff000000000000030100010200040100000100    // raw_mem addr 000002dd;  byte addr 00005ba0
0000010001010000ff00fefffffefdfffdfdfefeffff00ffff00000000fffe00    // raw_mem addr 000002de;  byte addr 00005bc0
ff00ff0002000201040206010302040204010201010000010200000001000301    // raw_mem addr 000002df;  byte addr 00005be0
fe00fefefdfffcfffcfdfdffff00fefdfe000000ffff00000000fefffdfffffe    // raw_mem addr 000002e0;  byte addr 00005c00
030304010200010202000100010002000101010001000000ff000000fefffe00    // raw_mem addr 000002e1;  byte addr 00005c20
fcfefdfffefefeff00fffefefefffe00fcfffeffff0000ff01ff0102020003ff    // raw_mem addr 000002e2;  byte addr 00005c40
0000000001ffff000000ff00fffffffefc00fefffdfefb00fcfefcfdfcfefdfe    // raw_mem addr 000002e3;  byte addr 00005c60
ffff000000000000030102000303040105020604050006030502030002010200    // raw_mem addr 000002e4;  byte addr 00005c80
fd00fcfdfbfefafdf9fcf9fcf8fdf9fcf9fbf9fdfcfefdfcfcfefd00ffff00ff    // raw_mem addr 000002e5;  byte addr 00005ca0
04020403070306030703070307040703050304020300010100000000fe00feff    // raw_mem addr 000002e6;  byte addr 00005cc0
f9fdf9fdfcfcfbfffdfefbfdfbfefffefdfffdfe010000000100040203020601    // raw_mem addr 000002e7;  byte addr 00005ce0
0401060303010200020000000000fefefd00fefdfbfdf9fffbfcfafcf8fdfcfc    // raw_mem addr 000002e8;  byte addr 00005d00
fe00ffff0000ff0000ff02010201020003020401050306040703070308040604    // raw_mem addr 000002e9;  byte addr 00005d20
fffffdfffcfefdfef9fdf9fdf8fdf7faf7fdf5fbf8f9f7fcf9fdfbfdfafdfefe    // raw_mem addr 000002ea;  byte addr 00005d40
00010100010103020400050206020502040204020401030002000001000000fe    // raw_mem addr 000002eb;  byte addr 00005d60
fefffefffdfdfdfffdfefcfefcfffefefdfefcfeff00fd00fffe00fffe0000ff    // raw_mem addr 000002ec;  byte addr 00005d80
0602060306040903080408050602060207030400020203020300000000010000    // raw_mem addr 000002ed;  byte addr 00005da0
f6fdf7faf8fcf9fef9fbfdfffdfffcfeff00fdfe000000ff0100030103020502    // raw_mem addr 000002ee;  byte addr 00005dc0
050104020301030000ff0000fffffdfefd00fafdf9fcf8fdf7fbf6fcf6faf5fa    // raw_mem addr 000002ef;  byte addr 00005de0
fdffff0000ffff01fffffffffe0000ff00000201030105030804080208030504    // raw_mem addr 000002f0;  byte addr 00005e00
0000fffefcfffdfffdfefcfffdfffdfffbfdfafdfafef8fcf9fcfafdfbfefdfd    // raw_mem addr 000002f1;  byte addr 00005e20
0402060305020704090407030704070507030702050305030501030202000100    // raw_mem addr 000002f2;  byte addr 00005e40
f9fefafcfbfdf8fcf9fdfafdf9fdfdfefdff0000020001020300040004030200    // raw_mem addr 000002f3;  byte addr 00005e60
ffff00000000000000000200010101000000fffffbfef9fdfafdf8fdf8fbfbfc    // raw_mem addr 000002f4;  byte addr 00005e80
0000ffff000001000100000000000000fe00fefffffffeffffff00ff0000ff00    // raw_mem addr 000002f5;  byte addr 00005ea0
00020200ff00fffffffffcfefdfefcffffff00fffe0001000000ff0000ffff00    // raw_mem addr 000002f6;  byte addr 00005ec0
0000000002010503040307030603070306020301040101000200010202000200    // raw_mem addr 000002f7;  byte addr 00005ee0
fefefcfef9fefafbf9fcf7fcf6fbf6fbf9fcf8fdfbfcfefefb00fdfefeffff00    // raw_mem addr 000002f8;  byte addr 00005f00
020101000301010000000100010000000501040204020502040304020000fe00    // raw_mem addr 000002f9;  byte addr 00005f20
fdfdfdff0000000002000200010001000000ff00fffffd00feff000000000200    // raw_mem addr 000002fa;  byte addr 00005f40
01010401000000ff0000ff0000fffe00fdfefcfefdfffcfef9fdfbfdfafefdfe    // raw_mem addr 000002fb;  byte addr 00005f60
fefdfd00ffff0000000102000603060308030a0509040a050805060207020403    // raw_mem addr 000002fc;  byte addr 00005f80
00fffffffefffcfdfbfdf9fdf4faf4faf2f9f2f8f1f8f1f8f4fbf6faf8fcfafe    // raw_mem addr 000002fd;  byte addr 00005fa0
ff0000ff00010000010002010200020101000201030001000000010000000000    // raw_mem addr 000002fe;  byte addr 00005fc0
010000ff0201ff00000000010000020103000402040204000402010000000000    // raw_mem addr 000002ff;  byte addr 00005fe0
0503040105020404040203010301040201010100040100000100030000000201    // raw_mem addr 00000300;  byte addr 00006000
f4fbf4f9f6fbf7fcf9fefbfefd00ff0000fe0000000001000200020103020600    // raw_mem addr 00000301;  byte addr 00006020
03000401030100000000fe00fcfefafdfbfdf9fcf9fdfbfcf9fcf7fcf5f9f5fb    // raw_mem addr 00000302;  byte addr 00006040
0000fe00ff00fffffffffeffffffffffff0000ffff00ff00ff00000000000201    // raw_mem addr 00000303;  byte addr 00006060
0000ff000000ffff000000ff0000ff000000fe00ffff00fefe000000ff000000    // raw_mem addr 00000304;  byte addr 00006080
0703070406020704060305010703040305020602070407040702060303020100    // raw_mem addr 00000305;  byte addr 000060a0
f8fbf5fcf9fcf9faf6fcf8fdf8fdf8fdfbfffdfdfefe00000100040104020400    // raw_mem addr 00000306;  byte addr 000060c0
fefefd0000ff02000201020003020100fefffefffdfef9fdf9fcf7fcf7fbf9fd    // raw_mem addr 00000307;  byte addr 000060e0
ffff0000000000feff00ff000000ff0000feff00ff000000ff00fefffe00ffff    // raw_mem addr 00000308;  byte addr 00006100
0602040102000201020000000000ff00ffff0200000000000100feff00000000    // raw_mem addr 00000309;  byte addr 00006120
0000010000000200030101000502040103010303040203010302050204010501    // raw_mem addr 0000030a;  byte addr 00006140
fafffafdfafcf6fcf8faf6fbf6fcf6f9f4faf5fcf7faf7fbf8fcfbfefcfffeff    // raw_mem addr 0000030b;  byte addr 00006160
010002010302020105010402040205020403050106010402030101000000ffff    // raw_mem addr 0000030c;  byte addr 00006180
fefefdfffbfffefefdfffcfeffffff00ffff0000000000000001ffff00000201    // raw_mem addr 0000030d;  byte addr 000061a0
07020904070208040805060207030503020102000000ffffff00fefffdfefdff    // raw_mem addr 0000030e;  byte addr 000061c0
f3f8f8fbf9fdfafcfefdfdfefe0000ff00000200040004010702060207030803    // raw_mem addr 0000030f;  byte addr 000061e0
030100000000fcfffbfefafcf6fbf5fcf7faf4faf0f9f2f8f2faeff8f2f8f2fb    // raw_mem addr 00000310;  byte addr 00006200
0000000000ff0101010102010503060206010605060306010704060204010603    // raw_mem addr 00000311;  byte addr 00006220
0100ff000000fefdfc00fbfdfafcfafff9fdf9fdfafefcfefeff00ffff00ffff    // raw_mem addr 00000312;  byte addr 00006240
08030a050c060f070f0810081008100710080e0810050b0609050a0305030402    // raw_mem addr 00000313;  byte addr 00006260
ecf7eef7edf6eef7eff7f3f9f6faf6fbfbfefcfdfcff0000fefe000004010302    // raw_mem addr 00000314;  byte addr 00006280
05030502020104000201fdfffefffcfefafdf7fcf5faf6faf5faf1f8f1f8eff6    // raw_mem addr 00000315;  byte addr 000062a0
fafffbfeffff0000000001000000020001010302060306020703080409020603    // raw_mem addr 00000316;  byte addr 000062c0
070408030402010002010100fffffbfefbfcf8fbf4faf5fbf3f9f3fbf5fbf8fb    // raw_mem addr 00000317;  byte addr 000062e0
0100010001010401050207030a050d060f080f08100710070f070e070e060a05    // raw_mem addr 00000318;  byte addr 00006300
f8fcf7fcf7fcf5faf5fbf5f9f2f9f3faf4f9f6fcfafdfafcffff000000000100    // raw_mem addr 00000319;  byte addr 00006320
060407020504050304020303030000000000fdfdfdfefbfdf7fdf9fdf7fbf7fb    // raw_mem addr 0000031a;  byte addr 00006340
f4faf3faf7fcf7fbf8fcfdfe0000ff0002010402010003010300040105010401    // raw_mem addr 0000031b;  byte addr 00006360
0a050a030804080406020301020200fffdfffdfffcfdfafefafdf7fdf6fbf8fb    // raw_mem addr 0000031c;  byte addr 00006380
000105000202060205010402070105020804080309050b060a040a050b050a05    // raw_mem addr 0000031d;  byte addr 000063a0
f9fdf5f9f1faf2f8f0f7f2faf2f8f1f8f2faf1f7f3faf4faf4f8f7fdfcfcfefe    // raw_mem addr 0000031e;  byte addr 000063c0
080309050b060a040c070b060802070506030500030202000000ff01fefdf9fc    // raw_mem addr 0000031f;  byte addr 000063e0
f8fcf8fbf5fbf4fbf5faf5fbf7fafafcfcfefffe000002020503040206020904    // raw_mem addr 00000320;  byte addr 00006400
0c060b060c050a0509030a04090509020603040202010000fffefcfefafefafc    // raw_mem addr 00000321;  byte addr 00006420
f0f8f2f8f6fcf9fcfdff000001ff0000030203010503090307030a060b060c05    // raw_mem addr 00000322;  byte addr 00006440
010100fffe00fcfef9fbf5fcf3f9f2f9f1faf0f7f1f8eff7eef5eff7edf6eff7    // raw_mem addr 00000323;  byte addr 00006460
04010403050308030804070408040a0409030904080507020602040303010200    // raw_mem addr 00000324;  byte addr 00006480
0000fefffcfdfbfef9fcf9fcf9fcf8faf7fcf7fcf8fcfafdfbfdfeffff000100    // raw_mem addr 00000325;  byte addr 000064a0
0a050c050b060d070e060c060e070d060c060c060a050a050904070504020100    // raw_mem addr 00000326;  byte addr 000064c0
f1f9f2f9f2faf2faf4faf6fbf7fcfafdfdfd0000020103020603070208040804    // raw_mem addr 00000327;  byte addr 000064e0
00fffefffcfffdfdfcfffcfefcfdfafcf8fcf7faf5faf4fbf2f7f0f8f3f8f2f7    // raw_mem addr 00000328;  byte addr 00006500
fafcfdfeffff0000010104000402050405010502050203010401030000000000    // raw_mem addr 00000329;  byte addr 00006520
09050902060303020100fe00fbfdfafdfafdfafdf8fdfafdf9fdf9fcfbfdfbfd    // raw_mem addr 0000032a;  byte addr 00006540
0403050206020604090408040b060c0508030a030a050a050a0307050a040a05    // raw_mem addr 0000032b;  byte addr 00006560
f5faf5faf5faf5fbf7faf8fcf6fbf6fcfafdfbfcfafdfd000000010002000401    // raw_mem addr 0000032c;  byte addr 00006580
0802050203020300010000fffffffe00fdfcfdfffdfffbfcf8fdf9fcf7fcf5fa    // raw_mem addr 0000032d;  byte addr 000065a0
f4f9f3faf6faf8fcf8fcfbfe0000020002020602080407030804080507020704    // raw_mem addr 0000032e;  byte addr 000065c0
0903040407040502030105000000fffffbfef7fdf7faf2f9f1f8f5faf1f9f2f8    // raw_mem addr 0000032f;  byte addr 000065e0
02000301040207020904080408040c050b060b060c050e070d060c050d060a05    // raw_mem addr 00000330;  byte addr 00006600
f8fdfafcf7fbf7fdf7faf7fbf6fbf4f9f7fdf7faf5faf6fcf8fbfcfefbfefefe    // raw_mem addr 00000331;  byte addr 00006620
090507030502050203030200020101000000fdfffdfdfbfef9fcf8fefbfef9fb    // raw_mem addr 00000332;  byte addr 00006640
fcfdfcfefdfdfcfefcfefcfefcfffefffefe0100020002000703070308020805    // raw_mem addr 00000333;  byte addr 00006660
020103020601020104010401030104020301010000000000fefffdfefd00fdfe    // raw_mem addr 00000334;  byte addr 00006680
f9fdf9fdfbfdfcfefe0000000000020104010301050104020401040002020500    // raw_mem addr 00000335;  byte addr 000066a0
fefffffefd00fdfefdfefdfefefffcfefbfdf9fdfafdf8fcf9fcf9fdf6fcf9fd    // raw_mem addr 00000336;  byte addr 000066c0
ff00fefe00000200020001010100020001020400020101020500010100000000    // raw_mem addr 00000337;  byte addr 000066e0
040303010100fffffefffcfefdfdf9fefbfdfbfdf9fdfafbf9fcfafefbfcfcfe    // raw_mem addr 00000338;  byte addr 00006700
0803060208030703070308030704090407020604090307020603060308020803    // raw_mem addr 00000339;  byte addr 00006720
f5f9f3fbf4fbf7faf7fdf8fcfdfdfe00ffff0300020004010801060306040803    // raw_mem addr 0000033a;  byte addr 00006740
00000000fd00fdfdfbfdf8fcf9fdf8fbf8fdfafff9fbfafdf8fbf7fbf7fcf4fa    // raw_mem addr 0000033b;  byte addr 00006760
fcfcfdfdfefefefeff0000000100010001000300020000000200010001ff0201    // raw_mem addr 0000033c;  byte addr 00006780
03010202040105020201020102000000ff00fefefcfefcfefbfefafcfdfefcff    // raw_mem addr 0000033d;  byte addr 000067a0
0503050305010602040203020401050405030601060403010300030202000100    // raw_mem addr 0000033e;  byte addr 000067c0
fffffcfffdfefcfdfafefbfdfafdfafefefefeffff0001000301050205020501    // raw_mem addr 0000033f;  byte addr 000067e0
000001000000ffff0000fefffcfdfcfffbfefbfefbfefbfcfdfffe00fefe00ff    // raw_mem addr 00000340;  byte addr 00006800
fbfcfcfefafdfcfdfcfffdfffdfefcfeff00fefefefe00000000ff0000000000    // raw_mem addr 00000341;  byte addr 00006820
010001ff00000100010001010300010102010100000000fffdfffdfefefdfafe    // raw_mem addr 00000342;  byte addr 00006840
0201020003010502050105030602070207040503070207030502050304010301    // raw_mem addr 00000343;  byte addr 00006860
fffffd00fffffdfefbfdfcfdf8fcf8fdf9fcf8fcf8fdf9fcfbfdfbfefeff0000    // raw_mem addr 00000344;  byte addr 00006880
fdfefdfefdff00ff00000000010001010000fffffdfffdfefcfefcfdfdffffff    // raw_mem addr 00000345;  byte addr 000068a0
020100000101000000fefd00fffffefffe0000ffff0000000000ff00fefefd00    // raw_mem addr 00000346;  byte addr 000068c0
0804080204020402020000000000000001ff0200020101000402030102010302    // raw_mem addr 00000347;  byte addr 000068e0
f9fdfdfefeffff00030104020302040104020502040205020401050308030502    // raw_mem addr 00000348;  byte addr 00006900
fafdf7fdfafcfcfffbfdfcfefdfefefefbfdfbfdfdfff9fef9fdfbfdf9fdf8fc    // raw_mem addr 00000349;  byte addr 00006920
0400010200ff0100ff00fefffcfffdfdfefffbfefdfdfdfff9fdf9fdf8fdfafa    // raw_mem addr 0000034a;  byte addr 00006940
00ff010000000000020101000201030001000202010002010403030004020401    // raw_mem addr 0000034b;  byte addr 00006960
0400060306040500060305020300000000fffffffe00fdfdfe000000ffff0000    // raw_mem addr 0000034c;  byte addr 00006980
fefffdfdfdfefdfefdfefeff00ff010002010602050205020403050005000302    // raw_mem addr 0000034d;  byte addr 000069a0
fcfef9fbfafdf8fcf8fcf8fbfafdfefffdfdfefffefffefefdfffdfffcfefdfe    // raw_mem addr 0000034e;  byte addr 000069c0
00000100ff0001000200ff00fefeffff0000fdfffdfe000000000000fffefdff    // raw_mem addr 0000034f;  byte addr 000069e0
000000000101010101ff0201ff00fefffe00fefdfefffcfefdfdfefffeffffff    // raw_mem addr 00000350;  byte addr 00006a00
0401030104010502050205020a040a0409050a0507030503030002000000feff    // raw_mem addr 00000351;  byte addr 00006a20
fc00f9fdfafbfafdf9fdf9faf9fbf8fdfbfcfcfefcff00000200030103020602    // raw_mem addr 00000352;  byte addr 00006a40
0100050205010100010000fffafdf8fdf7fdf6faf7fcf7fbfafcfb00fafcfdfd    // raw_mem addr 00000353;  byte addr 00006a60
fcfdfffffefffeff01010201040105020301030203010000ff00000001010100    // raw_mem addr 00000354;  byte addr 00006a80
0300fffffffefe00fefffefeff0001000001000003000000ff01000000fffdff    // raw_mem addr 00000355;  byte addr 00006aa0
0101040006020303050104010200020002010201020104010402070103030302    // raw_mem addr 00000356;  byte addr 00006ac0
f7fbf7fafbfdfbfdfcfefe00fdfefefffdfefcfefcfefcfdfcfefcfffeff0100    // raw_mem addr 00000357;  byte addr 00006ae0
0101000000ff0000fe00fe0000000100fffffeffff00fafcf7fbf9fdf4faf5fb    // raw_mem addr 00000358;  byte addr 00006b00
0000020002020100020100fffe000000fe000102040102020703060204030501    // raw_mem addr 00000359;  byte addr 00006b20
04020602020203010201000000fffe00fe00fefefdfffdfffffeff0000000100    // raw_mem addr 0000035a;  byte addr 00006b40
fbfdfe00feffffff030105020605080409030804070305020703040204010402    // raw_mem addr 0000035b;  byte addr 00006b60
fafcf7fcf4faf4faf3faf1f9f2f8f4f9f5fbf8fcfcfdfbfefefefefffd00fefe    // raw_mem addr 0000035c;  byte addr 00006b80
050104010302060003020201020000000000ff0000fffefffcfefefefcfffafc    // raw_mem addr 0000035d;  byte addr 00006ba0
fefdfdff0000000001000503030102010302010000000000000000ff00000201    // raw_mem addr 0000035e;  byte addr 00006bc0
07020502050202020201030001000301010002010301020100000000fe00fcfe    // raw_mem addr 0000035f;  byte addr 00006be0
fe00fffefefffe00fffffbfefeff010000000200040305030603060306030703    // raw_mem addr 00000360;  byte addr 00006c00
00ff0000feff00fffe00fafffcfef7fcf4faf5faf0f8f1f8f5fbf7fbfafcfdfe    // raw_mem addr 00000361;  byte addr 00006c20
fbfefcfcfafffeff0000000103ff03020302040104030400020103000000fe00    // raw_mem addr 00000362;  byte addr 00006c40
040102010000fe00fcfdfdfcfdfffcfefefe00000100000001000000fffefeff    // raw_mem addr 00000363;  byte addr 00006c60
0301060206030602050306020603040205020301040004020301050105030502    // raw_mem addr 00000364;  byte addr 00006c80
f4fbf6fbf7fbfafdfffffcffffff0000fefffffffffffe00ffffff0001010302    // raw_mem addr 00000365;  byte addr 00006ca0
0101010000fffe0100fffffffdfffffdfc00fdfdfdfbfa00fafbf4faf3faf6f9    // raw_mem addr 00000366;  byte addr 00006cc0
0300040100010100fffffd00fdfefdfefffe0000000000000202020001000200    // raw_mem addr 00000367;  byte addr 00006ce0
060104020703070506030801020205020100ffff0100ff000000030002020201    // raw_mem addr 00000368;  byte addr 00006d00
fcfefdffffff0000000001000301030003010402060103010302040102010302    // raw_mem addr 00000369;  byte addr 00006d20
f9fefbfbf6fdf5fbf6faf4fbf6fbf6fbf7faf7fbf8fcf8fbf8fcfbfdfbfdfbfd    // raw_mem addr 0000036a;  byte addr 00006d40
0001fffe00000201020002030401020003010300010001000200fe00fefefeff    // raw_mem addr 0000036b;  byte addr 00006d60
020102000100000102000000000000ffff00fefffe00fe00fefd0000fdfeffff    // raw_mem addr 0000036c;  byte addr 00006d80
0702050305010502020203000301030103010501050202020400040202000300    // raw_mem addr 0000036d;  byte addr 00006da0
f6fbf9fdfcfdfcfeffff00000100020100000400030203010301040206030502    // raw_mem addr 0000036e;  byte addr 00006dc0
00fe0000fefffefefdfffffffbfefafefdfffafdfafcfbfdf9fdf6fbf8fbf8fb    // raw_mem addr 0000036f;  byte addr 00006de0
fffffffffbfdfafdf9fbf9fdf8fbf8faf9fffbfefdfdfdffff0000000000fe00    // raw_mem addr 00000370;  byte addr 00006e00
06010704090307030805070307030603050105010303020001000001000000fe    // raw_mem addr 00000371;  byte addr 00006e20
0000000102010500020204010502020103000101010002000201040003020602    // raw_mem addr 00000372;  byte addr 00006e40
fafef9fcf8fbf6fbf4fbf7faf6faf7fcfcfefcfdfeff01000200000001000200    // raw_mem addr 00000373;  byte addr 00006e60
ff000000fefffeff0000fcfffcfdfffffbfffdfefffffffffffffe00ff00fdfe    // raw_mem addr 00000374;  byte addr 00006e80
01000302030103010401020103020301ff00fffefdfefbfefcfdfcfefcfffeff    // raw_mem addr 00000375;  byte addr 00006ea0
ff00fdfffefefe00fffe01000201030007020602050205020302040102000201    // raw_mem addr 00000376;  byte addr 00006ec0
000001000402000001000500000002000301030105020302020002020000ffff    // raw_mem addr 00000377;  byte addr 00006ee0
00ff0000010003010100fefefdfefafcf8fcf8fcf8fbfafdfafdfdfdfeff0000    // raw_mem addr 00000378;  byte addr 00006f00
fbfef9fdf7fcfdfefafefbfcfe00fbfefcfdfbfefbfcfafdf7fdfafbfafdfdff    // raw_mem addr 00000379;  byte addr 00006f20
0602050203010100030103020202040004020602010001010200fe00fefffafd    // raw_mem addr 0000037a;  byte addr 00006f40
0603090407040402030101000100000000000402060307020b050a050a030903    // raw_mem addr 0000037b;  byte addr 00006f60
f3faf5fbf5faf8fcfafcfafcfbfefcfffffefeffff0000000200040207020602    // raw_mem addr 0000037c;  byte addr 00006f80
fcfdfbfdfafeffffff0000000100000000fefe00fafef8faf6fbf4f9f4f9f1f9    // raw_mem addr 0000037d;  byte addr 00006fa0
02000101000000000000ff0000ff0000fe0002ff0100ff0001000000fdfefbfe    // raw_mem addr 0000037e;  byte addr 00006fc0
0402060107040401020001000200ff00fcfe0000000000ff000101ff00000101    // raw_mem addr 0000037f;  byte addr 00006fe0
020003010201060107040603070306030502020000000100ff00000003000402    // raw_mem addr 00000380;  byte addr 00007000
fcfffbfffafcfbfefbfefbfdfbfefbfdfdfffefffdff00000000000102020100    // raw_mem addr 00000381;  byte addr 00007020
fdfdfafdfafef7faf5faf7fbf5faf9fdfbfcfe0000000000010000fffd00fdfe    // raw_mem addr 00000382;  byte addr 00007040
020001000100030104020201030102010000fffffdfffffefbfefcfefffefdff    // raw_mem addr 00000383;  byte addr 00007060
0100030202010502070505020602040305010402030105020201030102020202    // raw_mem addr 00000384;  byte addr 00007080
ff01fe00fbfffcfffcfdfe00fcff000003010201050103010200030000000000    // raw_mem addr 00000385;  byte addr 000070a0
00fefd00fefffefdfcfffdfffcfffcfefdfdfbfefafdfbfefbfefeff00fffdfe    // raw_mem addr 00000386;  byte addr 000070c0
feff0100010100000100fffffcfefafdf7fdf7faf7fbf8fcfcfdfefefe00ff00    // raw_mem addr 00000387;  byte addr 000070e0
0100030000000200020201000400050405010701060303010200000000000000    // raw_mem addr 00000388;  byte addr 00007100
02010100fdff0100fdff00ff0402000003000201020204000100000004000202    // raw_mem addr 00000389;  byte addr 00007120
000000ff0202010000ff0000fdfefdfffefefcfdff0003000200030206020200    // raw_mem addr 0000038a;  byte addr 00007140
f8faf5fcf8fcfdfefcfffcfefffffefefcfffefffdfdfafefdfefefffcfdfe00    // raw_mem addr 0000038b;  byte addr 00007160
010100000000fdff00ff000100ff0000ff0100fefafdfbfef6fbf5f9f6fbf4fb    // raw_mem addr 0000038c;  byte addr 00007180
060403010402040202000201010103000503050208020a060703080206030300    // raw_mem addr 0000038d;  byte addr 000071a0
000003010501030103020401000000000000fe00000000000000040203020402    // raw_mem addr 0000038e;  byte addr 000071c0
fcfefdfffdfe00ff0000ff00030000fffc0000fffcfdfbfefdfefafefdfe00ff    // raw_mem addr 0000038f;  byte addr 000071e0
fbfdf7fbf6fcf5fbf6f9f7fcf8fcfdfdff00fffe00000001fffefefffcfefafe    // raw_mem addr 00000390;  byte addr 00007200
06010502040202000001fffffefefdfffbfdfcfdfefffeffff0000fffcfefcfe    // raw_mem addr 00000391;  byte addr 00007220
0200030104020402040005030603040103030401020103010301030104010502    // raw_mem addr 00000392;  byte addr 00007240
fbfdfbfdfbfefc0000ff00000100050202020301030100000200010001010200    // raw_mem addr 00000393;  byte addr 00007260
010002020100000000ffff00fefffdfefefffeffffffff00fd00fefefefffbfe    // raw_mem addr 00000394;  byte addr 00007280
fdfe0000fbfdff00fffefbfdfdfffbfcfbfdfcfffcfdfcfefefffffe00000200    // raw_mem addr 00000395;  byte addr 000072a0
010101ff0000010100000101030001000000fefffffffdfffdfefdfdfd00fbfe    // raw_mem addr 00000396;  byte addr 000072c0
0301030105020100000103010100000003010401060207030601060304030200    // raw_mem addr 00000397;  byte addr 000072e0
fcfdfd00fafdfbfcfefffafcfcfdfdfffcfdfdfeff0000000000020002010402    // raw_mem addr 00000398;  byte addr 00007300
fefdfdff0000030001010300030000000000ff00fbfdfcfefcfdfafcfcfffdfe    // raw_mem addr 00000399;  byte addr 00007320
ff00fbfefcfefbfef9fdfdfefbfefaffff0000fffdfefefffd00fbfdfbfefcfe    // raw_mem addr 0000039a;  byte addr 00007340
09030704090308020503050103010301040101000200020101000101000000ff    // raw_mem addr 0000039b;  byte addr 00007360
fffe0100020301ff040201000300000200ff0200000102000502060307030905    // raw_mem addr 0000039c;  byte addr 00007380
fbfefafcf7fcfbfef9fcfafffdfcfbfdfe00fafbf9fdfbfcf8fdfafefbfcfe00    // raw_mem addr 0000039d;  byte addr 000073a0
fcfdfcfffcfefbfdfdff0000000002000501030104010301010000ff00fffbff    // raw_mem addr 0000039e;  byte addr 000073c0
030204010100fe00fefcfbfef9fef8faf7fdf9fcfafcfafffdfefdfdfcfffcff    // raw_mem addr 0000039f;  byte addr 000073e0
0301050206020903090509050b04080406050402040103020100040103030200    // raw_mem addr 000003a0;  byte addr 00007400
fefefbfdfdff0000000002000202020102010201010002010100010002010200    // raw_mem addr 000003a1;  byte addr 00007420
0100ff00fcfefafcf9fcfafcf6fbf9fdfcfffdfeff00fffffdfffe00fdfdfb00    // raw_mem addr 000003a2;  byte addr 00007440
fcfdfbfdfe00fdfefcffff00feff00fffe00fdff000000000000000002010200    // raw_mem addr 000003a3;  byte addr 00007460
01010401010003020200ffff0000fdfefafefcfbfafdfafdfbfcfafffbfdfbfe    // raw_mem addr 000003a4;  byte addr 00007480
030203010100040202020402070207040a050a040a0409040703040204020200    // raw_mem addr 000003a5;  byte addr 000074a0
fafcf9fdf9fdfbfdfafefcfefffefeff0000ff00ffff00ff0001000001000202    // raw_mem addr 000003a6;  byte addr 000074c0
040205020601040203010100ff00fbfefdfefafdfafefbfdfbfdfcfefbfefbff    // raw_mem addr 000003a7;  byte addr 000074e0
fcfdfefffefffcfdfdfffdfdfbfefdfffffffe00000000ff0101020101000602    // raw_mem addr 000003a8;  byte addr 00007500
04020302030002000502030003010401fffffefffcfef8fdf8fcf9fcfafdfafe    // raw_mem addr 000003a9;  byte addr 00007520
fefffeffffff0200010002010403040106020704070309040804070308030701    // raw_mem addr 000003aa;  byte addr 00007540
fffffcfefafefafbf6fbf5fbf6faf6fcf9fefcfefcff0100fffffeff00fffcfe    // raw_mem addr 000003ab;  byte addr 00007560
010000000201020102000603040103010201ff00fe00fefefbfdfcfffefefdff    // raw_mem addr 000003ac;  byte addr 00007580
fbfefbfefc00ffffffff0100000000000000fdfffdfefcfffdfefefffeff00ff    // raw_mem addr 000003ad;  byte addr 000075a0
0705080205020203010000000100040005030503050204020100ff00fdfffbfd    // raw_mem addr 000003ae;  byte addr 000075c0
01000001000000ffff00fdfefefeff00fe000000010001020601060207030803    // raw_mem addr 000003af;  byte addr 000075e0
fafdfefffeff00000000fdfffefefafcf7fcf9fcf8fcf9fdffffff0000000401    // raw_mem addr 000003b0;  byte addr 00007600
f9fefbfcfafdfbfefdfeff0000000101010000000000ff00fffffafdfcfefdfe    // raw_mem addr 000003b1;  byte addr 00007620
0200000000fffdfefdfffcfe00ff00000000020000000000ff00fcfffcfef9fd    // raw_mem addr 000003b2;  byte addr 00007640
0300050305020503060203000402010000ff0201030206020604070209040805    // raw_mem addr 000003b3;  byte addr 00007660
feff000000000302040101000000ff00fcfefbfdfbfdfbfefdfffffe00ff0200    // raw_mem addr 000003b4;  byte addr 00007680
fffffffffdfffcfd0000000201000202020101fffd00fefffafdf7fbfbfdfbfe    // raw_mem addr 000003b5;  byte addr 000076a0
fffffdfffafcf5faf5fdf5faf8fbfcfdfdfe00000300050204000400020100ff    // raw_mem addr 000003b6;  byte addr 000076c0
040106040803040302010000fdfffbfdf8fcfafefcfdfcfdff01020002000000    // raw_mem addr 000003b7;  byte addr 000076e0
fafefcff00000200050308030702090506020400020100000000ffff02000501    // raw_mem addr 000003b8;  byte addr 00007700
fbfef9fef7fbf9fcfbfefefefffe0200030202000100fefffefefafef8fcfafc    // raw_mem addr 000003b9;  byte addr 00007720
050309040604010004010100feff0000ffff010202000100050401010000fdfe    // raw_mem addr 000003ba;  byte addr 00007740
fefe0000020102000100fdfefcfffafcf7fcfafdf8fafafd0000ff0004020703    // raw_mem addr 000003bb;  byte addr 00007760
00ff0000ff00000002ff010304010300020100fffefffd00f9fdfafcfdfefe00    // raw_mem addr 000003bc;  byte addr 00007780
fffffafff9fcf9fcf9fcfcfdfd0001000401050409030a040905060104010200    // raw_mem addr 000003bd;  byte addr 000077a0
000002010301fffefdfffcfef9fcf9fef9fdfafdfdfefefffeff01000000fdfe    // raw_mem addr 000003be;  byte addr 000077c0
fcfd00000000030106030603060306030400000101010100ff00000001000201    // raw_mem addr 000003bf;  byte addr 000077e0
fbfdfcfffefcfeffff0000ff00000000ff00fc00fcfdf9fcf8fdf7faf7fcfbfd    // raw_mem addr 000003c0;  byte addr 00007800
0b050b0409040704070306020402030104010403020003000403ffffff00ffff    // raw_mem addr 000003c1;  byte addr 00007820
fffefd00fffefcfef9fefafdf7fcf8fcf9fdf9fcffff00000200050207030a05    // raw_mem addr 000003c2;  byte addr 00007840
010000ff000002000100000001000000fdfdfcfffcfdf8fcfafefcfdfafffefd    // raw_mem addr 000003c3;  byte addr 00007860
fafcfafdfbfefafdfcfefefefeff000004020403060208040503060204010200    // raw_mem addr 000003c4;  byte addr 00007880
ff0000fefefffcfefdfefafdfafdfefefcfefefffffffdfffdfefbfdfafdfbfc    // raw_mem addr 000003c5;  byte addr 000078a0
01010402040207030b0609050c030b0506030702010200000000ff000000ff00    // raw_mem addr 000003c6;  byte addr 000078c0
fdff00000000ff000000ff00fd00fffffcfefdfefdfefdff00ff00ff00000000    // raw_mem addr 000003c7;  byte addr 000078e0
060307030503040203020000ffffff00000000fffe00000000fffdffff00feff    // raw_mem addr 000003c8;  byte addr 00007900
fbfefafdfbfdfafcf8fdfdfefdfefafdfbfefbfefbfdfdfeffff000003020403    // raw_mem addr 000003c9;  byte addr 00007920
ff00fefeff00fe00fdfeff00fcfefefeff00fbfdfe00fe00ff000000fdfefcff    // raw_mem addr 000003ca;  byte addr 00007940
fdff0000fe00feff000000ff000000000401070408020a040a05070205010201    // raw_mem addr 000003cb;  byte addr 00007960
fffefe00ff00ffff00ff010000000000ff00fefffffefcfcfafdfafefcfdfcfe    // raw_mem addr 000003cc;  byte addr 00007980
fdfe000002000402090408040a050b040704060304020202010000000000ff00    // raw_mem addr 000003cd;  byte addr 000079a0
fefffdfefcfdfcfffafdf9fbfbfdf7fcfcfefffffdfefe00fdfffefefd00fdff    // raw_mem addr 000003ce;  byte addr 000079c0
0c040904060406010201000000ffff00fd00fcfffefffd00fcfdfdfefcfffdfe    // raw_mem addr 000003cf;  byte addr 000079e0
fafcf7fcf9fcfbfef9fdfefeff00fcfefeff0000000002000302070209050905    // raw_mem addr 000003d0;  byte addr 00007a00
040303000301000000fffffefdff0000fffeffffff00ff00fefffdfefbfef8fb    // raw_mem addr 000003d1;  byte addr 00007a20
fafdf8fefbfcf8fcf9fdfdfdfd000200020005030a0306030904090404020702    // raw_mem addr 000003d2;  byte addr 00007a40
ff00000000000000000002000000fffffefffdfffdfefbfffefefefffcfffdfd    // raw_mem addr 000003d3;  byte addr 00007a60
020103020701060308050701040305030100000001ff0000000000ff0000feff    // raw_mem addr 000003d4;  byte addr 00007a80
fbfffdfcf9fcf8fef9fbf8fcfafefbfdfcfefefffefffdffff0000ff00000201    // raw_mem addr 000003d5;  byte addr 00007aa0
06030802080306040702080305020401030200ff0001ff00fffefe00fffeffff    // raw_mem addr 000003d6;  byte addr 00007ac0
fcfefc00fcfdfafdf9fdf7fcf5fbf5f9f7fcf6fbf8fcfcff00ff030004020603    // raw_mem addr 000003d7;  byte addr 00007ae0
ffff00ffff00feffff000000ff00010001000000020000fffe00ff00fefffdfe    // raw_mem addr 000003d8;  byte addr 00007b00
02000401050305020603070207020805070407030502020102000000ff00fffe    // raw_mem addr 000003d9;  byte addr 00007b20
fdfffe00fcfdfafdfcfef9fdf6fbf9fbf6fcf9fdf9fdfafcff00fe0000000301    // raw_mem addr 000003da;  byte addr 00007b40
00ff0201040308020805070409030a050603080409040603040102000001fffe    // raw_mem addr 000003db;  byte addr 00007b60
fdfffcfefcfcfafdfbfdfcfef8fef8fbfbfdf6fdf7faf9fcf7fcf9fafafdfd00    // raw_mem addr 000003dc;  byte addr 00007b80
03000201030000000001fffffefe0000fefeff00ff00000001000000ff00ffff    // raw_mem addr 000003dd;  byte addr 00007ba0
f8fdfdfefcfd0000000001000603050206020604070308020502070307030402    // raw_mem addr 000003de;  byte addr 00007bc0
080404020301020200ff0000ff00fefffbfefbfdf9fcf8fbf8fbf5fbf9fcf8fc    // raw_mem addr 000003df;  byte addr 00007be0
f6fcf8fbf9fdfbfeffffff00000004010403060207020a050b050b0509060803    // raw_mem addr 000003e0;  byte addr 00007c00
04010704040205010100ff00fffffbfcfafdfafdf7fbf6faf6faf5fcf5faf5fa    // raw_mem addr 000003e1;  byte addr 00007c20
0301030203010402030204000300020103000202010002000301000006020402    // raw_mem addr 000003e2;  byte addr 00007c40
f8fbf8fbf4f9f2faf4faf5fbf6fbf8fbfafdfcffff0000000100020103010300    // raw_mem addr 000003e3;  byte addr 00007c60
0a050b050c050b060a0508040704060202000200010000000000fefffcfffafd    // raw_mem addr 000003e4;  byte addr 00007c80
f2f9f1f8eff7f2f8f2f9f5f9f4fbf6fbfafcfafeffff00000202080309030a05    // raw_mem addr 000003e5;  byte addr 00007ca0
05020603070305030803080408030803070306010101fefffcfef6fbf6f9f3fa    // raw_mem addr 000003e6;  byte addr 00007cc0
00ffff0001000400000204020601050408020704060405010502050203020501    // raw_mem addr 000003e7;  byte addr 00007ce0
ff00fffefdfffcfefbfdf7fcf5faf5fbf3f9f3f9f6fcf7faf7fdfbfefffdffff    // raw_mem addr 000003e8;  byte addr 00007d00
0200070309030b040d060c060d050a0508030904050403000301000000fe0000    // raw_mem addr 000003e9;  byte addr 00007d20
fdfef9fcf6fcf2f8f1f8eef8f0f7f0f7eff6f2f8f2f8f3f9f6fbf8fcfcfeffff    // raw_mem addr 000003ea;  byte addr 00007d40
050104010603060306010703080309040b060b050c060b050a05090504010100    // raw_mem addr 000003eb;  byte addr 00007d60
f7fcfafcfbfdfafdfefefdfefdfffffefefeff01000002000402040106030804    // raw_mem addr 000003ec;  byte addr 00007d80
010100000000000000ff000101000000ff00fffffffffafefafdf9fcf6fbf8fd    // raw_mem addr 000003ed;  byte addr 00007da0
f3faf5f8f6fcf8fcfefe01010300080509050a040b0607030703060303020201    // raw_mem addr 000003ee;  byte addr 00007dc0
0a050c05080307030201ff00fcfdf5fcf4f9f1f7effaeff6f0f8f0faf0f5f2fa    // raw_mem addr 000003ef;  byte addr 00007de0
00ff0000040104020502080305030704090409040b060b060b060b050e060c05    // raw_mem addr 000003f0;  byte addr 00007e00
00000000fc00fdfefbfdfafdf9fcf8fcfbfcf6fcf9fcfafdf7fdfafbfafdfdff    // raw_mem addr 000003f1;  byte addr 00007e20
0402010000000100000001000100010002000000000001000201010103000201    // raw_mem addr 000003f2;  byte addr 00007e40
f2f9f3f9f4f9f3f9f3faf7fbf5fbf8fafbfdfbff00ff01010302060204010402    // raw_mem addr 000003f3;  byte addr 00007e60
0c050f060c070c050c0509050a030703020205020000fdfefcfef6fcf6faf3f9    // raw_mem addr 000003f4;  byte addr 00007e80
f6fdf9fcf8fafafefbfdfefe010001000402060404000703090508030b050b06    // raw_mem addr 000003f5;  byte addr 00007ea0
0200030102010702020103020301fefe00fffafef9fbf8fcf3faf7fbf7faf3fa    // raw_mem addr 000003f6;  byte addr 00007ec0
020200000000010100ff0000ffff00ff02020000020005020100010104000100    // raw_mem addr 000003f7;  byte addr 00007ee0
fcfffcfdf8fcf5fcf6fbf6fbf3fbf4f9f6fbf3fbf5fbf6fbf7fafcfffbfefdfd    // raw_mem addr 000003f8;  byte addr 00007f00
0804090508030b060b040c050e060c050b06090509040702040104030200ff00    // raw_mem addr 000003f9;  byte addr 00007f20
f9fcf8fcf3faf6fbf6faf6fbf9fdfafefeff0000020104020502060309050703    // raw_mem addr 000003fa;  byte addr 00007f40
0201040205000502060305010504040003000201fffeff00fdfffafdfcfef9fc    // raw_mem addr 000003fb;  byte addr 00007f60
f6fbf9fdf9fdfcfdfbfcfd00ff00fcfe0000ff0000000000ff00020000010001    // raw_mem addr 000003fc;  byte addr 00007f80
09020302020201fefd00fcfff9fcf9fef9fbf6fcf8fcf5fbf5fcf5f9f5fbf6fb    // raw_mem addr 000003fd;  byte addr 00007fa0
04020702040308050b040804090408040803070309050b060b060c060a040a06    // raw_mem addr 000003fe;  byte addr 00007fc0
fbfffdfdfcfef8fcf7faf7fcf5fbf4faf6f9f9fcf8fdfafcfe00fe00ffff0000    // raw_mem addr 000003ff;  byte addr 00007fe0
01000000000000ff040305000702090508040905070305030300000000fffdff    // raw_mem addr 00000400;  byte addr 00008000
f5faf5fbf6fbf8fcf7fbf8fcfafef9fbfafbfafefcfd00000000000002000202    // raw_mem addr 00000401;  byte addr 00008020
080206040a0508030504040101000000fefefcfffbfdfafdf7fdf8fbf8fbf4fa    // raw_mem addr 00000402;  byte addr 00008040
fe000000000002010703060208030c060b060905080308020503050105020703    // raw_mem addr 00000403;  byte addr 00008060
0100fffefe00fdfdfbfdf9fdf9fbf8fcf5fafafcf7fbf6fafafdfafdfdfffeff    // raw_mem addr 00000404;  byte addr 00008080
00000100feff0100000100fe0100fe0001010300010007040602040206020201    // raw_mem addr 00000405;  byte addr 000080a0
fefef8fefafdfbfdf8fdfcfdf8fcf9fcfbfff8fcfbfcfafefafdfdfefcfffdff    // raw_mem addr 00000406;  byte addr 000080c0
040105020200020003010100030103010301040304000101000001fffd00fcfe    // raw_mem addr 00000407;  byte addr 000080e0
fcfefefdfd000000000003020602050306020702090509050803090308050601    // raw_mem addr 00000408;  byte addr 00008100
060304010201030200000000fffffbfcfdfff9fcf9fcfafdf6f9f9fefbfcf6fc    // raw_mem addr 00000409;  byte addr 00008120
fdfff8fbfafefcfefcfcff00ffff0000010200ff020003020000020004010200    // raw_mem addr 0000040a;  byte addr 00008140
000101000400fd00fefefdfef9fcfafdf8fcf6faf9fcf7fbf6fcfcfdf7fbf9fd    // raw_mem addr 0000040b;  byte addr 00008160
0803080408030703060203010201010000000200020000000100020001010401    // raw_mem addr 0000040c;  byte addr 00008180
f9fdf6faf8fcfafdfafbfbfeffff010002020501080307050804090309040a05    // raw_mem addr 0000040d;  byte addr 000081a0
01020402020001020401010001020100fefffefffdfffbfffcfdfafdf8fcfbfe    // raw_mem addr 0000040e;  byte addr 000081c0
f6f9f9fcfbfffdfefdfefefffe00fffefeff0000000002010603020105010400    // raw_mem addr 0000040f;  byte addr 000081e0
00000000ffffff00ff00fffefffffdfffdfefefef8fdf6fbf6fbf2f8f3f8f3fb    // raw_mem addr 00000410;  byte addr 00008200
0904080407050c0608030a060b05050307030702020202000101000001000000    // raw_mem addr 00000411;  byte addr 00008220
fdfefafdfdfffefef7fcfafdf8fbf5faf8fdf8fdfefe01000201070309040603    // raw_mem addr 00000412;  byte addr 00008240
060202000404020203000201000004000101000002000001fcfefdfefdfffafe    // raw_mem addr 00000413;  byte addr 00008260
f4faf3f9f1f8f2f8f4faf9fdfcfdffff01fffeff000100ff0000030100000602    // raw_mem addr 00000414;  byte addr 00008280
010003010401030002020100000000ffff00ff00fffeff000100fffffbfef9fc    // raw_mem addr 00000415;  byte addr 000082a0
0201040106030501040207030701070407030603070404020201020002000101    // raw_mem addr 00000416;  byte addr 000082c0
fcfffdfefdfffafe0000fe00fffe0000fdfffafdf8fcf7fbf9fbf9fdfbfdffff    // raw_mem addr 00000417;  byte addr 000082e0
02000402040302000502020100ff0000feff0100000000000400010000000000    // raw_mem addr 00000418;  byte addr 00008300
fefffffffbfdf9fdf5faf4f9f5f9f3f9f3faf7fbfbfefefe0000000002000402    // raw_mem addr 00000419;  byte addr 00008320
030101000101020002010401040203010300010100000000fe00ffff0000feff    // raw_mem addr 0000041a;  byte addr 00008340
fbfefdfffdffff00030104020602080209040904090309050703070306040302    // raw_mem addr 0000041b;  byte addr 00008360
fbfefffffcfefafffdfdfafdfbfefcfcfafffcfdfefffcfffcfefdfffafdfbfc    // raw_mem addr 0000041c;  byte addr 00008380
ff00020104020502080405030503060401ff02000000fffe0000fcfd00ff00ff    // raw_mem addr 0000041d;  byte addr 000083a0
0100fe00fdfcfffffd00fafcfcfefafcf8fcf8fbf4faf8fef6faf7fcfcfefcfd    // raw_mem addr 0000041e;  byte addr 000083c0
0702030200000200000000000000feff0201020201ff02020402020000010000    // raw_mem addr 0000041f;  byte addr 000083e0
00000000ff0000fffd000000ff000000040003020703090309050a0407040503    // raw_mem addr 00000420;  byte addr 00008400
fdfffefefefffcfefdfcfcfffcfffdfdfcfffcfefefefdfffdfefefeff00ff00    // raw_mem addr 00000421;  byte addr 00008420
f5fbf5fbf9fcfcfffe00020105030602070304020402050201000000010000ff    // raw_mem addr 00000422;  byte addr 00008440
020104000402000000000000fcfefcfefefefafefdfefbfdf8fdf9fcf5fbf4fa    // raw_mem addr 00000423;  byte addr 00008460
0b060903070404010301000200ff0000ff0100ff0000ff000300010002000602    // raw_mem addr 00000424;  byte addr 00008480
fafcfbfdfdfffeff0100000000000000fe00ffffffff01000201060309020804    // raw_mem addr 00000425;  byte addr 000084a0
04020402fe000100ff00fcfdfdfdfcfffcfcfcfefb00fcfdfafef9fdfbfdfafd    // raw_mem addr 00000426;  byte addr 000084c0
fdfef8fbf8fcf7fcf3faf9fcfafdfe0002020402060209040704050207010202    // raw_mem addr 00000427;  byte addr 000084e0
00ff0000030205020402040104020000fffffefffbfffdfefefeff0000fffdff    // raw_mem addr 00000428;  byte addr 00008500
0502060309030a0508040903040203010100ff000100fefefeffff00fdfdff00    // raw_mem addr 00000429;  byte addr 00008520
f9fdf8fcf5fbf8fcfafbfafe000000ff00010300000000000000ff0000000301    // raw_mem addr 0000042a;  byte addr 00008540
0100030103020401050302010100fd00fdfefefffafdfcfefefffdfefefffafd    // raw_mem addr 0000042b;  byte addr 00008560
00010000feffff00fdfefafdfcfefbfdfbfefcfefefffdfffdff00ffff000000    // raw_mem addr 0000042c;  byte addr 00008580
fffdf9fefafcfcfefb00ffff0001010002010101010000010000000000000000    // raw_mem addr 0000042d;  byte addr 000085a0
040107040b05090309050804050202000300050302000301040302000000feff    // raw_mem addr 0000042e;  byte addr 000085c0
fbfdf8fbfbfcf8fcf7fbfbfdfbfefefefefe00000100ff000000000001010402    // raw_mem addr 0000042f;  byte addr 000085e0
fafdfafdfbfdfeffff000000010102000100000001000000fe00fffffdfefbfd    // raw_mem addr 00000430;  byte addr 00008600
040103000201010202ffff00fdff00ff0001ffff00000200ff00ff00fdfffafe    // raw_mem addr 00000431;  byte addr 00008620
040201000000fe00fffffffffcfffdfefdfefcfefdfefafdfcff0000ff000001    // raw_mem addr 00000432;  byte addr 00008640
feff000002000502080305020604080204010502080304030502080304030402    // raw_mem addr 00000433;  byte addr 00008660
0000ff01fefdf9fdf9fcf5f9f5fbfafbf8fdf8fcfbfdfbfefcfdfbfdfbfefeff    // raw_mem addr 00000434;  byte addr 00008680
fefefefefafdfdfdfbfefdff0000fdff0000000100ff00000000030001010300    // raw_mem addr 00000435;  byte addr 000086a0
fbfefffe0301000102000300010000000000020002010201050105010201fe00    // raw_mem addr 00000436;  byte addr 000086c0
070204010302020202000100ff0001fffefffcfefffffafef9fdfbfcfbfcfc00    // raw_mem addr 00000437;  byte addr 000086e0
fcfe00ffffff0001040006040604040006030704030103010602060205030603    // raw_mem addr 00000438;  byte addr 00008700
feffff00fffffe00fdfffdfffbfffbfcf8fcf8fdfcfcfafdfafefbfdfcfefcfd    // raw_mem addr 00000439;  byte addr 00008720
02010000fd00fefefdfdfafefbfefbfcfafdfcfffbfefbfefcfdfcfefffffffd    // raw_mem addr 0000043a;  byte addr 00008740
ff00000000ffff00010002000000020203010401050104030703050104020401    // raw_mem addr 0000043b;  byte addr 00008760
03010501030205030302020003020100030102010100000100000000000000fe    // raw_mem addr 0000043c;  byte addr 00008780
fbfef8fdfcfeff0000ff0100000000000001ffff00feff00ffff00ff01010101    // raw_mem addr 0000043d;  byte addr 000087a0
fffefcfffd00fefdfcfefe00fbfe0000000000000201fe00fffdfefff8fefbfb    // raw_mem addr 0000043e;  byte addr 000087c0
03000402ff00fffefe00fdfefefdfdfffdfefdfffbfffdfdfcfefcfefdfdfcff    // raw_mem addr 0000043f;  byte addr 000087e0
0100020201000503030203000100fefffefefdfffcfe00ff0101000006020403    // raw_mem addr 00000440;  byte addr 00008800
fdffff000201040104020503070308030703070406020602010101000202feff    // raw_mem addr 00000441;  byte addr 00008820
0000fafbf9fcfafcf7fbfcfefcfe0100030201000301ff01fefefcfefcfefdfe    // raw_mem addr 00000442;  byte addr 00008840
fcfefdfffdfefdfffefffcfefafdfbfdfbfdfafefdfeff00000002000100ff00    // raw_mem addr 00000443;  byte addr 00008860
000003020301030203010100ff00fffefcfefafdfdfefbfffcfdfcfefdfffdfe    // raw_mem addr 00000444;  byte addr 00008880
00000200010001000302040105020704060306020402ff000000ff00feffffff    // raw_mem addr 00000445;  byte addr 000088a0
00fffafff9fbfcfef9fdfbfeffffff0000000501060404010804050205000402    // raw_mem addr 00000446;  byte addr 000088c0
0402030104000101fffffffefefefbfefcfdfcfefeff010000000200000100ff    // raw_mem addr 00000447;  byte addr 000088e0
f8fcf9fefafbfcfffefefdfdfdfffefffdfefbfdfcfdfbfefcfdfffffe0001ff    // raw_mem addr 00000448;  byte addr 00008900
0401000001000000000001010000010000010000fffefefffafdf8fcf9fef9fa    // raw_mem addr 00000449;  byte addr 00008920
03010302060201000100030101000401050307030b0409050804090305030502    // raw_mem addr 0000044a;  byte addr 00008940
ffff00000000ff00fffffdfefbfffbfcf9fdfafcfafdfcffffffff0001010501    // raw_mem addr 0000044b;  byte addr 00008960
feff01000000030204010302030101000100ffffff0000fffeffffff01000000    // raw_mem addr 0000044c;  byte addr 00008980
fdfcf9fdf9fbf7fbf6fcf7fbf7fcf8fbfbfcfafdfafcfcfefbfdfafcfcfffcfe    // raw_mem addr 0000044d;  byte addr 000089a0
08030a030805050208030504040104020502040100010000000000fefcfefb00    // raw_mem addr 0000044e;  byte addr 000089c0
fffffeffff00010000000000000000000000030205020503090409030a040b05    // raw_mem addr 0000044f;  byte addr 000089e0
0000000003ffff00000100fffe0000fffefffd00fdfdfdfff9fdf9fdfbfefbfe    // raw_mem addr 00000450;  byte addr 00008a00
f8fcfafcfafefcff00feff00000002000001000001ffff0000000200feff0000    // raw_mem addr 00000451;  byte addr 00008a20
fefe0000fdfefbfefdfffbfdf9fcf9fdf9fbfafdf8fcfafdfafef8fcfbfef8fd    // raw_mem addr 00000452;  byte addr 00008a40
0802080307050903060408040803070407030703070306030602020001010000    // raw_mem addr 00000453;  byte addr 00008a60
fdfffdfefcffffff00fffe00000000ffff00000000fe00ff0102030107010504    // raw_mem addr 00000454;  byte addr 00008a80
feff010000ff000004010201020101000000ff00fcfffffffefffdfffffefcfd    // raw_mem addr 00000455;  byte addr 00008aa0
fafdf6fdfafcf9fcf6fbf9fbf9fdfcfeffffff00fe000100fffefeff0000fdfc    // raw_mem addr 00000456;  byte addr 00008ac0
0802020103000000fffffcfefbfffdfefbfefbfefbfefafffafcfbfdfafefafc    // raw_mem addr 00000457;  byte addr 00008ae0
0000040105030502080409050802070406020302050304010704090305020904    // raw_mem addr 00000458;  byte addr 00008b00
fdfffcff00fdfefffdfffefefefffdfefffe0000000001000101000000000001    // raw_mem addr 00000459;  byte addr 00008b20
ff0000fefdffff00fdfdfafe000000ff01010301010002010000fefffcfefefd    // raw_mem addr 0000045a;  byte addr 00008b40
fbfdfbfefafef9fcfbfffcfefcfeff00fcfcfdfefb00fafcfffefb00fefeff00    // raw_mem addr 0000045b;  byte addr 00008b60
0000040203020601050202000200fffffbfefdfffcfdfffefd00fefe0000fcff    // raw_mem addr 0000045c;  byte addr 00008b80
0600070407030703050304010604030105020803040106030502010104020101    // raw_mem addr 0000045d;  byte addr 00008ba0
fdfffefffcfdfafffcfcfcfe000000000001000000ffff00fe0000fe01010302    // raw_mem addr 0000045e;  byte addr 00008bc0
fefffdfefafcfbfefd00fcfefefefc00fbfcfcfefcfffcfefcfefdfefefffffe    // raw_mem addr 0000045f;  byte addr 00008be0
fe00000100ff0001fffefe00fcfdf9fbfd00fefefeff0402020100000100fefe    // raw_mem addr 00000460;  byte addr 00008c00
01000100ff0000ff0000ff000000000000000000ff00fdfefbfdfcfffdfffcfb    // raw_mem addr 00000461;  byte addr 00008c20
0100020003020301090408030a050a0608030703060407030201030104010101    // raw_mem addr 00000462;  byte addr 00008c40
f8fbfdfef9fcfbfcfcfdf7fcfbfdfcfdfcfffffefffe01010401030002000402    // raw_mem addr 00000463;  byte addr 00008c60
0501020100000201fdff0000fffffafdfefffcfefafefbfef9fbf9fbfbfef8fc    // raw_mem addr 00000464;  byte addr 00008c80
fbfffcfdfdfffafdfcfdfefefcfdfd00ff00fcfdfd00fe00fefd000000010100    // raw_mem addr 00000465;  byte addr 00008ca0
070406030502040203010200000000000000ffff0001feff0000ff00fdfdfffe    // raw_mem addr 00000466;  byte addr 00008cc0
ffff0000fefe0201030002000703050108040b0609030a050905080408050603    // raw_mem addr 00000467;  byte addr 00008ce0
fefefbfdf9fef9fcf8fbf9fdf8fbf6fafafdf8fdf7fbfafdfafefcfcfcfffcfe    // raw_mem addr 00000468;  byte addr 00008d00
fefdfeff020203000301050205020503060202000503030201000300ff00fdfe    // raw_mem addr 00000469;  byte addr 00008d20
fdfffefefbfef9fcfafdf7fdf7fcf8fcf6fcf6fbf7fbf6fcf9fbf9fbfafdffff    // raw_mem addr 0000046a;  byte addr 00008d40
0d0709040d070b0508020b080a04080307040501030102010000000000fffeff    // raw_mem addr 0000046b;  byte addr 00008d60
f7faf7fdfbfcfafcfbfffdfcfeffff00020001000300080406020b050b050b04    // raw_mem addr 0000046c;  byte addr 00008d80
0402040002010100fefefcfefcfdfafdf9fcf8fcf8fcf6fbf8fcf6f9f5fbfafe    // raw_mem addr 0000046d;  byte addr 00008da0
f8fcf8fcf8fcf9fef8fcfafeffff01ff04030603080208050905060206020702    // raw_mem addr 0000046e;  byte addr 00008dc0
02010300010000000000fdfefcfffdfff8fcf8fbf9fcf4fbf8fbf7fbf6fcf9fc    // raw_mem addr 0000046f;  byte addr 00008de0
00000602060409040d060a050c050b0408050b050a0408040a05070407030604    // raw_mem addr 00000470;  byte addr 00008e00
f7faf7fcf5fbf7faf5faf4faf9fbf7fcfafdfdfefdffff000000000000000000    // raw_mem addr 00000471;  byte addr 00008e20
0704090306030704070205010503020101000001ff00fdfefcfdfafcfafdf9fd    // raw_mem addr 00000472;  byte addr 00008e40
f4faf7fcf5f9f6fbf9fcf8fcfcfff9fbf9fdfdfefafcfd000200010105020804    // raw_mem addr 00000473;  byte addr 00008e60
0d05080407040904030003010200fdff0000fcfefafdfcfdf8fcf9fcf8fbf3fa    // raw_mem addr 00000474;  byte addr 00008e80
010002010300030104010702060409040c050a060e080f0609040d070c060904    // raw_mem addr 00000475;  byte addr 00008ea0
fbfdf9fdf8faf5fbf5fbf5f8f2faf2f8f5f8f2fcf4f9f7fbf8fcfafcfcfffffe    // raw_mem addr 00000476;  byte addr 00008ec0
000000000001040205030703070307050803040307040500010203010000fe00    // raw_mem addr 00000477;  byte addr 00008ee0
f8fcfafcf9fbf8fafafcf8fdf9fdfbfdf9fdfbfefdfcfcfefefffcfdfdff0000    // raw_mem addr 00000478;  byte addr 00008f00
08050a050a030704070306030702020102010300000000ff00fffdfffcfdfbfd    // raw_mem addr 00000479;  byte addr 00008f20
fafdfbfefdfefffe00ff010004030502070307040a040a050805080309030b04    // raw_mem addr 0000047a;  byte addr 00008f40
0501020000010100fdfffc00fafcf7fcf6fcf3f8f1f9f3f9f3f8f4fbf6faf7fa    // raw_mem addr 0000047b;  byte addr 00008f60
f7fcfbfefffefbfd00000000fdff010100000301060206040906080307030603    // raw_mem addr 0000047c;  byte addr 00008f80
000001010000fafdfdfefbfef8fcfffffafefdfeff00f9fdfefef7fcf7fbfbfc    // raw_mem addr 0000047d;  byte addr 00008fa0
0704070304010502070207030603070307020603020002000502010102010400    // raw_mem addr 0000047e;  byte addr 00008fc0
f0f9f4f9f7fbf8fcfafdfbfdfcfefdfefdfe000103010602080409040d070904    // raw_mem addr 0000047f;  byte addr 00008fe0
06030a040703070204010201020000ff0000fbfefafdfafdf5faf2f9f2f8f2f9    // raw_mem addr 00000480;  byte addr 00009000
fafefafcf7fbf8fcfafcfafdfcfeff000101ffff0000ff000000000003000602    // raw_mem addr 00000481;  byte addr 00009020
0200010105010201020105000000ff0000ff0000000000fe0000000100fffdff    // raw_mem addr 00000482;  byte addr 00009040
05030b040b050804060305000101010000ff0102040101000403040100000201    // raw_mem addr 00000483;  byte addr 00009060
f4faf4fcf2f8f3f9f5fbf5fbfcfefbfdfcfefffffafefdfefffffe0004010503    // raw_mem addr 00000484;  byte addr 00009080
fdff00fe0000010008030401080408040401030100000101fdfefafcfafff7fb    // raw_mem addr 00000485;  byte addr 000090a0
020000010000ff00fbfdf7fcf9fcf6fbf9fefbfdfbfe00000000000000ffff00    // raw_mem addr 00000486;  byte addr 000090c0
0403040103010202030003020402030003020400010001010200010000000100    // raw_mem addr 00000487;  byte addr 000090e0
fefdfc000101040005020703090408030603040102000101fffe000002010200    // raw_mem addr 00000488;  byte addr 00009100
fcfef9fbf8fdf6fbf4f9f5faf3faf5faf8faf8fcfafdfdfefdfffefefbfffd00    // raw_mem addr 00000489;  byte addr 00009120
02000001000001000000fdff000000ff02000202050206020202010100fffe00    // raw_mem addr 0000048a;  byte addr 00009140
00000001050100ff02020301feffff00fefffbfefbfdfafdfbfffffefdff0000    // raw_mem addr 0000048b;  byte addr 00009160
0000ffff02000000020205010302040105000404040104010303030001000301    // raw_mem addr 0000048c;  byte addr 00009180
f9fffffefefffcff00ffffff0001020103000403040206020502050203010101    // raw_mem addr 0000048d;  byte addr 000091a0
03010001ff00fffefbfffafcf8fcf7fcf6faf7fbf7fbf7fcf9fcf8fdfcfcfefd    // raw_mem addr 0000048e;  byte addr 000091c0
fdfeff00ffff0100020102000201000000ffff00fcfefe0000ff000002010100    // raw_mem addr 0000048f;  byte addr 000091e0
000002000200030203010100010100000000fd00fefefefffdfffefdfdfffdff    // raw_mem addr 00000490;  byte addr 00009200
05010603040200ff010100000200020103000702050304020601040203010300    // raw_mem addr 00000491;  byte addr 00009220
f9fcfafef8fbf9fcfbfdfafdff00ff00fdfe02010002ffff0401030103010704    // raw_mem addr 00000492;  byte addr 00009240
fefffd0000ff00010000ff00fefefafcfafef7fef5f9fafbf8fef9fcfbfdf9fd    // raw_mem addr 00000493;  byte addr 00009260
000000000000010100000000020103010502020005020301fefffffefcfefdfe    // raw_mem addr 00000494;  byte addr 00009280
04020100020000ff00000201010004020301000001000000fefffefffefffe00    // raw_mem addr 00000495;  byte addr 000092a0
0302050205020604050205010101fffe0000fe0000ff01010402060303020703    // raw_mem addr 00000496;  byte addr 000092c0
fcfdfdfffcfdfbfefbfdf8fcf8fcf8fbfafeff00fefe00000000000001010000    // raw_mem addr 00000497;  byte addr 000092e0
fefffdfdfcfef8fdfefefd00fdff01fffd00fdfffdfdf6fbf8fcf9fcf8fdfafc    // raw_mem addr 00000498;  byte addr 00009300
fcfeffffff000000000000000300020000000202040105010703050204010301    // raw_mem addr 00000499;  byte addr 00009320
0603060304020602040101010201020102010402030105010301feff0000fefe    // raw_mem addr 0000049a;  byte addr 00009340
ffff00ffffff010102010401050404010300000000ffff00fdfe00fe02020201    // raw_mem addr 0000049b;  byte addr 00009360
fbfdfafdfcfefefffdfffefefafdfafef9fcf5faf8fcf8fdfafcfefffdfffcff    // raw_mem addr 0000049c;  byte addr 00009380
080304020200000000fffdfefafe00fffeffff000000fffffe00fdfefafdf9fd    // raw_mem addr 0000049d;  byte addr 000093a0
00000000fcfefcfffdfefcfdff00fdfeff000000fefe00010200040103030502    // raw_mem addr 0000049e;  byte addr 000093c0
0100000002010602050305020702060306020502050307030502040205020000    // raw_mem addr 0000049f;  byte addr 000093e0
fcfdfafdfafcfe00fcfdfffe02020100030204010300030300ff0000ff00feff    // raw_mem addr 000004a0;  byte addr 00009400
fe00fcfbfbfefafef9fbfdfefcfefcfdfdfff8fcfbfdfbfef5fbfafdf7fcf5fc    // raw_mem addr 000004a1;  byte addr 00009420
040204020702050304010602000100000100fe00fffffffffdffff00fefefe00    // raw_mem addr 000004a2;  byte addr 00009440
030204030100ff00010100ffffff00fffdfffe0000fefdff0000000000000400    // raw_mem addr 000004a3;  byte addr 00009460
0100000000ff0000010000ff0000020000000401040102020803060305030602    // raw_mem addr 000004a4;  byte addr 00009480
fdfcfbfef7fcfafafafef9fdfdfdfd00fefe0100010202000401020103000201    // raw_mem addr 000004a5;  byte addr 000094a0
fdfffcfefbfefffffcfefcff00fefcfefbfefbfcfbfdfafcfafefcfdfbfdfafe    // raw_mem addr 000004a6;  byte addr 000094c0
00ff0000010003000201030202000100030200000000030100ffff00ff00fdfe    // raw_mem addr 000004a7;  byte addr 000094e0
06030301060201000000040200ff0002030200ff02010000ff000000fcffff00    // raw_mem addr 000004a8;  byte addr 00009500
000002010401030204010401030103010100feff000000ff0000010001000502    // raw_mem addr 000004a9;  byte addr 00009520
fafefdfefd00fcfefefffdfefafcfcfff9fdfbfdfe00fbfe00ff000000000201    // raw_mem addr 000004aa;  byte addr 00009540
00000100fefefefffcfffbfdff00fffffdfe0000ff00fbfefcfdf9fdf9fbfafd    // raw_mem addr 000004ab;  byte addr 00009560
03000401000003010200ff00030100ffff000201ffff01010100000005020000    // raw_mem addr 000004ac;  byte addr 00009580
010000ffff000302010000000000000000000000000103000302020105010202    // raw_mem addr 000004ad;  byte addr 000095a0
fdfdfdfefdffffff00010201020002010602030200010200fe00ffff00fdfbff    // raw_mem addr 000004ae;  byte addr 000095c0
fcfdf8fdfafffbfdfdfd0000fefdff00ff00ffff0000fefefe000000fefffdff    // raw_mem addr 000004af;  byte addr 000095e0
ff000201000000000001fefefcfefefffefffdff00000100000000fffcfffbfe    // raw_mem addr 000004b0;  byte addr 00009600
04020301030104020502050203010501020101000000fcfdfffffcfffefe00ff    // raw_mem addr 000004b1;  byte addr 00009620
00fffe00ffff010000000200030001000000ff00ffff0000ff00000003010301    // raw_mem addr 000004b2;  byte addr 00009640
ff0000ffff00fdfffcfdf8fdfbfcfdfdfa000000010003020601020102010000    // raw_mem addr 000004b3;  byte addr 00009660
ff01fffefcfffafefbfbfafef8fbfdfdfbfffffe0000fdfe00fffe0100ff0000    // raw_mem addr 000004b4;  byte addr 00009680
fbfefefffcfeff00fffeffff0202fefffffeff00fcfefefffefefe0001000000    // raw_mem addr 000004b5;  byte addr 000096a0
0001fefffffe050303000202070406010805090407030704050200000100fffe    // raw_mem addr 000004b6;  byte addr 000096c0
0501010000000201feff00ff0000ffff01010201000100010000ff00fffffffe    // raw_mem addr 000004b7;  byte addr 000096e0
0000000003010400000002010000fcfdff00fafdfbfdfdfffcff00000000ff00    // raw_mem addr 000004b8;  byte addr 00009700
0000fd0000ff000200ff00feff00fffffcfffbfffdfdfafdfafdfcfefdfefe00    // raw_mem addr 000004b9;  byte addr 00009720
0502000000fefe00fbfefefffd00fcfcff00fbfdfefeff00fbfcfffffcfffefe    // raw_mem addr 000004ba;  byte addr 00009740
00000100020000ff00010000fdfffe0001ff01010503060208040b0506030701    // raw_mem addr 000004bb;  byte addr 00009760
00000100010100000200000100000100ffff0001020000ff0000000000000301    // raw_mem addr 000004bc;  byte addr 00009780
f9fbf9fcfafdfbfcfdff00ff020002010300010000ffff00fdfffcfdfffefeff    // raw_mem addr 000004bd;  byte addr 000097a0
fdfefcfd0000fd00ffff0000fcff0000fefdfdff0000fffefefffffffdfdfbfd    // raw_mem addr 000004be;  byte addr 000097c0
05040a05080205030603020100010000fe000000fffffe000000fdfefcfe00ff    // raw_mem addr 000004bf;  byte addr 000097e0
fdfefdfefeff0000ff0001000201000001000000ff00ffff0100000003010500    // raw_mem addr 000004c0;  byte addr 00009800
00ff0001000000ff0302000000000100ff00000000fffefffe000000fffffcff    // raw_mem addr 000004c1;  byte addr 00009820
00010000fcfdfd00fafcfafbfd00fbfdfeff0000000003020300000000000200    // raw_mem addr 000004c2;  byte addr 00009840
ff00fefefcfdfd00fefeffffff00fffe0000fdfffbfdfbfdf9fdfcfffefefdfe    // raw_mem addr 000004c3;  byte addr 00009860
040101000602070407030903050304010201030202010001010102010100feff    // raw_mem addr 000004c4;  byte addr 00009880
0000fefffbfefcfffbfcf9fdfcfeffffff000100010104010201020100ff0000    // raw_mem addr 000004c5;  byte addr 000098a0
020000000100ff0000ff0400ff000200050202000100ff00fefe00fffffffcff    // raw_mem addr 000004c6;  byte addr 000098c0
f6fbf8fcfafdfafefdfefcfefdfffefcf9fdfafdfffffdffff00030102000401    // raw_mem addr 000004c7;  byte addr 000098e0
00010100000101000202fe00fefeff00fdfdfdfdfe00fdfffefff9fdf9fbfcfd    // raw_mem addr 000004c8;  byte addr 00009900
0000020006020000040107040501070308050902070403030501030200000101    // raw_mem addr 000004c9;  byte addr 00009920
00000000fefffbfdfcfef9fefcfefdfff9fcfcfffefffbfdfe00ffffff000301    // raw_mem addr 000004ca;  byte addr 00009940
000003010400030005020100010101000000000100fe00010301020003020100    // raw_mem addr 000004cb;  byte addr 00009960
fafefcfefbfdfbfef9fcf7fcf9fcf8faf5fcfafdfcfefafffefffeff00000201    // raw_mem addr 000004cc;  byte addr 00009980
04010501000001000200ffff0000010000000000ff00fefefefefafefcfdfbfd    // raw_mem addr 000004cd;  byte addr 000099a0
fdff0000fdff00ffffff00000400030205030a05080409030a06070409030503    // raw_mem addr 000004ce;  byte addr 000099c0
010003000202010000ff0001fdfffbfdfbfdf9fcfbfcfbfefbfefcfefe00fcfe    // raw_mem addr 000004cf;  byte addr 000099e0
fbff00fffeff030307020402080406020503040100010200ffff000000000000    // raw_mem addr 000004d0;  byte addr 00009a00
fdfdfafef7fcf9fcf9fcfbfdf8fcf6fbfbfdf7fbf6fcf6fcf7faf7fcf8fcfafc    // raw_mem addr 000004d1;  byte addr 00009a20
0d060d060e060b0506020503050301ff0302020102010704020002010201fbfe    // raw_mem addr 000004d2;  byte addr 00009a40
fffefbfefafdfffffbfcfcfefdfefafd00fffdfdfcff0100ff00030109030c06    // raw_mem addr 000004d3;  byte addr 00009a60
0000fffefeffff00010004020503030102000000fdfffbfdf9fdfdfdfbfffafd    // raw_mem addr 000004d4;  byte addr 00009a80
f7fcf6fbf7fcf9fdf7fbfafefbfdfcfe0301020006040b060802080305030100    // raw_mem addr 000004d5;  byte addr 00009aa0
0703040306020000fdfffdfef6fcf6faf9fbf5fcf9fbf8fbf5fbf9fcf6faf5fb    // raw_mem addr 000004d6;  byte addr 00009ac0
fdfdfdff0100070309050f081208100710080b050a0406040300060303030702    // raw_mem addr 000004d7;  byte addr 00009ae0
00fffafdfcfefcfefafefcfefcfffdfdfdfffbfffdfdfd00fbfdfdfbfcfffcfe    // raw_mem addr 000004d8;  byte addr 00009b00
0905090408030404030000fffcfffefefcffff00020003010502040301010000    // raw_mem addr 000004d9;  byte addr 00009b20
f5f9f6faf4fbf8faf7fcf5fbf9fbf7fcf7fcf8fcf8fcfbfcfbfdff0002000401    // raw_mem addr 000004da;  byte addr 00009b40
0b060501050205030201040304010402030100fffbfffafef7fbf3faf5fbf2f9    // raw_mem addr 000004db;  byte addr 00009b60
fbfdfcfffcfef7fbfcfffdfefbfc0202030108020f080f071208130a10080c05    // raw_mem addr 000004dc;  byte addr 00009b80
00000603030003010503000000000000fafdfcfdfcfdfdff00fffcfdfd0000ff    // raw_mem addr 000004dd;  byte addr 00009ba0
fafffbfdfdfe00000100030106020703060305020101fefefcfefcfeff00fe00    // raw_mem addr 000004de;  byte addr 00009bc0
f9fefafdf8fbf5fcf5faf5f9f4faf5faf6fcf6faf9fcfafdfafaf9fefafcfbfc    // raw_mem addr 000004df;  byte addr 00009be0
0f081209100810080e070b0506030502030202020401000001000100ff00fffe    // raw_mem addr 000004e0;  byte addr 00009c00
fdfefdfefcfffefffbfefc00fffefcfffdfffdfdfbfefeff00ff020107030a03    // raw_mem addr 000004e1;  byte addr 00009c20
ff00fd00ffff000000010300010000000000000000000000000000ff0100fd00    // raw_mem addr 000004e2;  byte addr 00009c40
f8fcf9fdfbfefffefcfffbfdfefefd00fffe00000100040102030000ff000000    // raw_mem addr 000004e3;  byte addr 00009c60
03000201fdfffcfefdfffafdfdfefdfffffdfdfef8fcfafcf7fbf3f9f4faf6fb    // raw_mem addr 000004e4;  byte addr 00009c80
fdff00000200050306020a040a070a030a04090509020906080609020a060604    // raw_mem addr 000004e5;  byte addr 00009ca0
fefe00ff01010603030102000402fd00fbfdf9fcf9fcfd00f8fdfbfdff00fbfd    // raw_mem addr 000004e6;  byte addr 00009cc0
0100ff00fcfffcfef8fcfeffff00fe0005030603030305020200fe00fdfefcfe    // raw_mem addr 000004e7;  byte addr 00009ce0
0200fcfff8fdf8fbf2f8f3f9f3f9f3f9f7fcf5fbfbfefdfefbfe00000301fe00    // raw_mem addr 000004e8;  byte addr 00009d00
070308040a040e060e070e070a0504020301fcfefcfefffffafe00000000feff    // raw_mem addr 000004e9;  byte addr 00009d20
fbfcf8fdf9fcfcfcf8fefcfe00ffff0003010402050307030502070304020200    // raw_mem addr 000004ea;  byte addr 00009d40
0703030000000000fbfdfcfefcfefdff0302010003010703ff0000ffff00f9fd    // raw_mem addr 000004eb;  byte addr 00009d60
f7fbf6fbfcfffcfe00000401020101000100fcfffbfefefffbfe010004000201    // raw_mem addr 000004ec;  byte addr 00009d80
0200ff0000000100fffefefffdfff9fdfafdf7fbf4faf8faf5faf4fcf3f9f5fa    // raw_mem addr 000004ed;  byte addr 00009da0
070304020400060402000602040105010b050b040c050d060903070405030300    // raw_mem addr 000004ee;  byte addr 00009dc0
02010000fefefd00fbfefefffefffefffe00fafdfdfdfbfef8fdfffeff000000    // raw_mem addr 000004ef;  byte addr 00009de0
04020301010206010401000100fefe00fdfffdfdfcffffff00000201030101ff    // raw_mem addr 000004f0;  byte addr 00009e00
f7faf4faf9fcf8fbf5fbfbfcf9fcf6fafbfdfbfdfdfe0000fefe010003010000    // raw_mem addr 000004f1;  byte addr 00009e20
08040604070204020502070206030804060403020200fcfef9fdf9fdf2faf3f9    // raw_mem addr 000004f2;  byte addr 00009e40
fdfffcfdfcfdfdfe00000000ff00010003010304050109040a0509040c060c05    // raw_mem addr 000004f3;  byte addr 00009e60
fcfdfafefefffefffdfe00fffe00fdfefdfffbfcfafdfbfefafefdfefbfcfafd    // raw_mem addr 000004f4;  byte addr 00009e80
020101ff0302010000ff01010402070206020a040804030101010000fcfefcff    // raw_mem addr 000004f5;  byte addr 00009ea0
010100fffefefafefafdf7fcf4faf5fbf4fbf3f9f4faf8fcfbfdfbfefffe0202    // raw_mem addr 000004f6;  byte addr 00009ec0
02000501070406020c050c050a040c0508040804080303020402040202000100    // raw_mem addr 000004f7;  byte addr 00009ee0
fcfffbfcfafefcfdfafcf7fdf9fcfbfdf8fdfcfc000000000100010004010503    // raw_mem addr 000004f8;  byte addr 00009f00
030203020100010003010000fefffffffefefcfdfbfefafcfafcf9fef8fbfafd    // raw_mem addr 000004f9;  byte addr 00009f20
f7fbf9fbf8fef8fcfdfd000000ff040205030301080404010201060302010100    // raw_mem addr 000004fa;  byte addr 00009f40
080409030603010103000000fcfdfc00fafefbfcfbfef9fdfbfdfafdfcfdfafe    // raw_mem addr 000004fb;  byte addr 00009f60
fafdfbfd0101000003020604050109040a0408020a050d070b050a060c060b04    // raw_mem addr 000004fc;  byte addr 00009f80
fdfffefefc00fafdfbfcf8fcf8fbf8fdf4faf6faf3faf2f9f6faf5faf5fafafd    // raw_mem addr 000004fd;  byte addr 00009fa0
0501050206020903060404020703060302000501030100000200000000ff0000    // raw_mem addr 000004fe;  byte addr 00009fc0
f9fbf8fdf7fcf6f9f8fefbfdfafcfafffdfffffe000000000000000001000301    // raw_mem addr 000004ff;  byte addr 00009fe0
0b050e060e070b050a040a0409040502020003000101ffff0000fefffbfefcfe    // raw_mem addr 00000500;  byte addr 0000a000
f0f8f1f8f1f9f3f8f4faf7fbf6fbf9fefffefcfe00000400060206030a040d06    // raw_mem addr 00000501;  byte addr 0000a020
070304020603ff00ff000000fcfdfcfdfd00fdfefafcfafdf8fcf4faf3f8f1f9    // raw_mem addr 00000502;  byte addr 0000a040
fdff020102020501060305040902050204020602040207020704070408030a04    // raw_mem addr 00000503;  byte addr 0000a060
0100000001010000fdfefefefefffafefbfdfafdf7fbf8fcf6fcf7fbfafcfafd    // raw_mem addr 00000504;  byte addr 0000a080
ff000000feff010005010100040109040b040a050b050b040905070305020402    // raw_mem addr 00000505;  byte addr 0000a0a0
f7faf4f9f6fbf3f9f1f9f6fbf3f9f2f8f4faf6faf4faf5fafafcfafdfdfeffff    // raw_mem addr 00000506;  byte addr 0000a0c0
0b0509040e07090409050c05070308040601030104020302fe00fffefcfef8fd    // raw_mem addr 00000507;  byte addr 0000a0e0
f9fcf9fcfbfdfbfefdfdf9fcfafefefefafefdfd000002010301060409030b05    // raw_mem addr 00000508;  byte addr 0000a100
03020401010004020602060206040602050205030300fdfffefffcfef8fcfbfc    // raw_mem addr 00000509;  byte addr 0000a120
fbfdfe00ff00fafdfefefefefd00fffffffd0101020002000201000103000300    // raw_mem addr 0000050a;  byte addr 0000a140
ffff0400ff00fbfd00fffbfdf8fbf9fcf6faf1f9f2f7f3fbf4faf5f8f7fdfcfd    // raw_mem addr 0000050b;  byte addr 0000a160
0000000000ff0301030103010602070207030c040b050b050d06060509030603    // raw_mem addr 0000050c;  byte addr 0000a180
00000100fe0000000000feff0000fcfdfdff0000fefefe00ffff0000fffffffe    // raw_mem addr 0000050d;  byte addr 0000a1a0
01000100fdfefdff0000fcfd0000010000000401010001010301ff00000000ff    // raw_mem addr 0000050e;  byte addr 0000a1c0
fbfdfbfff9fbfdfefefffafdfefffcfef9fefbfbfbfdfbfffcfdff0000000000    // raw_mem addr 0000050f;  byte addr 0000a1e0
000000ff0000010000ff020204010201040103010000fefefdfffcfffbfefafc    // raw_mem addr 00000510;  byte addr 0000a200
0400050405010300010000000000fdfd0000000104010a060703060207040502    // raw_mem addr 00000511;  byte addr 0000a220
fdff00fefefe0000fefeff00010000000100fefefdfefcfdfd00fffeff000301    // raw_mem addr 00000512;  byte addr 0000a240
fdfef8fcf8fcfbfdfbfdfcfefcfeff00fdfffcffff00fbfefefefefefdfffdff    // raw_mem addr 00000513;  byte addr 0000a260
ff000100010001000301040302000201030203000302010002000000fcfdfcfe    // raw_mem addr 00000514;  byte addr 0000a280
02000400020201ff0000ff0000feff0000ffffffff000100fe00feff00ffff00    // raw_mem addr 00000515;  byte addr 0000a2a0
0000010002000201040104010502030203020300030201ffff00020201ff0002    // raw_mem addr 00000516;  byte addr 0000a2c0
f6fbf6faf5faf8fdf7faf9fbfbfefbfdfefffeff000001010000020001000101    // raw_mem addr 00000517;  byte addr 0000a2e0
06020404030003000001000000fffe00fcfefefef8fcf8fcfbfdf4faf6fcf7fb    // raw_mem addr 00000518;  byte addr 0000a300
ffff000001000202050307030702080406030601070404030502080207030503    // raw_mem addr 00000519;  byte addr 0000a320
000000ffff01ff00000000ff00fffe00fdfffdfefbfdf8fdf9fbfcfdfafefcfc    // raw_mem addr 0000051a;  byte addr 0000a340
00feffff0001fffe010005020200020104000402030302000402010200fe0101    // raw_mem addr 0000051b;  byte addr 0000a360
fd00fafcf6fbfdfefbfcfafefbfefcfefbfdf7fbfafcf8fcf8fcfcfcfafdfcff    // raw_mem addr 0000051c;  byte addr 0000a380
0704070309040903050304010201010000000202010000000000010000fffafd    // raw_mem addr 0000051d;  byte addr 0000a3a0
fcfefcfffffeff000000010000ff000002000300020103010503050204000604    // raw_mem addr 0000051e;  byte addr 0000a3c0
0000000000ff0000fefefdff0000fcfdfd000000fdfdfe00fefffdfdfdfffbfd    // raw_mem addr 0000051f;  byte addr 0000a3e0
fcfefffe03020000000002000100fefffcfefcfffbfdfbfffefefefefe000100    // raw_mem addr 00000520;  byte addr 0000a400
fffffefffafcf6fbfcfef9fcfbfd01ff0000010000000000fdfefbfefcfdfdff    // raw_mem addr 00000521;  byte addr 0000a420
0b060b050a020705090405020202020000000100030005020702050205030401    // raw_mem addr 00000522;  byte addr 0000a440
f5faf6f9f8fcf9fdfbfdff00fefffdfffffffafefdfeff00feff030004030702    // raw_mem addr 00000523;  byte addr 0000a460
0804050103030200fdfffcfefbfdfbfefefdfbfffefffefefcfefbfdf7fbf5fa    // raw_mem addr 00000524;  byte addr 0000a480
feffff00ffff0100010000000201010000000001000002010301030205020603    // raw_mem addr 00000525;  byte addr 0000a4a0
06020502020000ff0000000000ffffffff00fe00fefdfdfffcfefcfdfafdfbfe    // raw_mem addr 00000526;  byte addr 0000a4c0
f8fbf9fdfefffffe020103000201040301000100040105020403080309040604    // raw_mem addr 00000527;  byte addr 0000a4e0
02010100fffffefefc00fcfdfcfdf9fffbfcfafdf8fcf9fbf5fdf7fbf7faf6fb    // raw_mem addr 00000528;  byte addr 0000a500
000000ff04010403000001000000ffff00000300040206040701070507040501    // raw_mem addr 00000529;  byte addr 0000a520
040303010301020201ff03030201fefd00000000f7fbfafdfbfdf7fbfafdfeff    // raw_mem addr 0000052a;  byte addr 0000a540
fcfefcfefafefefffc0001000602040309040903070307040501050203020400    // raw_mem addr 0000052b;  byte addr 0000a560
01000000fdfefdfffafdf7fcf6fbf7fbf7fbf1f8f3f9f8fcf4f9f8fcfcfef9fc    // raw_mem addr 0000052c;  byte addr 0000a580
000000ff00000301040105020402050205010503080406020302070206030000    // raw_mem addr 0000052d;  byte addr 0000a5a0
0300040104030000fffefefffafdfcfdfcfefcfdfcfefefe00fffd00fdfdfeff    // raw_mem addr 0000052e;  byte addr 0000a5c0
f6fbfbfe0100020005010c05080509030c050805060206030604040106030603    // raw_mem addr 0000052f;  byte addr 0000a5e0
00000000f9fdf7fbf5f9eff8f3f9eff8f2f8f6fbf0f9f5f9f6fbf1f8f7fcf8fd    // raw_mem addr 00000530;  byte addr 0000a600
0300030100000502050203010904040105030703040106040603050208020402    // raw_mem addr 00000531;  byte addr 0000a620
ffff00ff00000100ff00ffff0000fe00fcfefcfffefffdfefd000100ff00ff00    // raw_mem addr 00000532;  byte addr 0000a640
020101000401050306030b0509050a050b040905030304000402fe0001ff0001    // raw_mem addr 00000533;  byte addr 0000a660
f8fcf8fcf6faf0f7f0f9f0f8ecf5eff9f2f7f1f8f6fbfcfcfafffefe00ff0000    // raw_mem addr 00000534;  byte addr 0000a680
fe000101020106020a040c060b050a060a040603000101ff0001fdfefcfefafe    // raw_mem addr 00000535;  byte addr 0000a6a0
09040603050103020000fcfdfcfefafff8fcfdfefdfefffeff00fcff0000fe00    // raw_mem addr 00000536;  byte addr 0000a6c0
0201020104020602090409040b05080506020602020200000100040202020501    // raw_mem addr 00000537;  byte addr 0000a6e0
f6faf7fcf4faf3f9f2f9f1f8f5faf5fcf6fbfbfeff00ffff0101030100000402    // raw_mem addr 00000538;  byte addr 0000a700
030104010602080408040602020001000000fafff8fcfcfcf7fcf7fbf9fcf6fc    // raw_mem addr 00000539;  byte addr 0000a720
0200fe00ff00fefefe0000000100010000000100000000fffcfffdff00000000    // raw_mem addr 0000053a;  byte addr 0000a740
0c05080408040803060204010302030104000302040204010503070102000101    // raw_mem addr 0000053b;  byte addr 0000a760
f3f9f4faf8fdf8fbf7fbfbfefcfff9fcfbfdfcffffff00ff0401080406030c05    // raw_mem addr 0000053c;  byte addr 0000a780
0502050300fffe000000fbfcfafefcfefbfcfcfdfbfdfafdf8fcf6fbf3f9f5fa    // raw_mem addr 0000053d;  byte addr 0000a7a0
feffff0000000101040200000000fffefafdfbfefdfdfe00ff00050005040301    // raw_mem addr 0000053e;  byte addr 0000a7c0
0201ff00000100feffff020105000904090408040a04050101010000fbfefdfe    // raw_mem addr 0000053f;  byte addr 0000a7e0
fafdfcfdfcfffe0000fe0000feff0400050303010b040a050b050c0507030803    // raw_mem addr 00000540;  byte addr 0000a800
000000fe00000000fefefcfefbfefafcf9fdf6fcf4faf4faf2f8f4fbf6faf5fa    // raw_mem addr 00000541;  byte addr 0000a820
fcfdfcfdfbfff9fcfefefe00fe0000fe01000202000003020200000103010201    // raw_mem addr 00000542;  byte addr 0000a840
08040703050208030603000002010001fffe0000fd0000fdfe00fd00fdfdfc00    // raw_mem addr 00000543;  byte addr 0000a860
f9fbf8fcfc00fd00030108040a050f080d070d050a0405030603060306020602    // raw_mem addr 00000544;  byte addr 0000a880
030001000000fbfcfafdf7fdf3f8f3faf5fbf5f9f5fbf8fcf8fbf9fdf7fcf7fb    // raw_mem addr 00000545;  byte addr 0000a8a0
f7fbfafefbfdfffe000005000602030206020502020103020300030103020402    // raw_mem addr 00000546;  byte addr 0000a8c0
0803040202000300fefffcfdfcfefcfffcfcfafcfafdfcfcf8fcf6fcf7fbf6fb    // raw_mem addr 00000547;  byte addr 0000a8e0
02010403080309040b060c050e060b060a030c06070404010603060305020402    // raw_mem addr 00000548;  byte addr 0000a900
fbfdfafef7fcf6fbf5fbf3f9f1f8eef7eef7eff7f6faf7fcf8fbff0000000200    // raw_mem addr 00000549;  byte addr 0000a920
fefffeff02010402040109050b060a050c0509040905060302000100fd00fafe    // raw_mem addr 0000054a;  byte addr 0000a940
02000100ff00fcfefafdf7fbf4f9f3faf7fbf4faf6fdfbfefafcfcfefd00fdfe    // raw_mem addr 0000054b;  byte addr 0000a960
0703090508030a05090509040d07080307040904070204030502040104020502    // raw_mem addr 0000054c;  byte addr 0000a980
f8fbf6faf5faf6fcf3faf2f9f5faf5faf5fcfafdf9fcfeff0100000005010502    // raw_mem addr 0000054d;  byte addr 0000a9a0
02000603090308040a0506030a040903040106040100fe00fffffbfcf9fef7fb    // raw_mem addr 0000054e;  byte addr 0000a9c0
f9fcf7fdf3f8f2faf4fbf8faf6fbfafdfdfefbfdfefefcfe00fffffe00010702    // raw_mem addr 0000054f;  byte addr 0000a9e0
0d070f060e070b0509040603040104020301000003010302020000fffd00fbfc    // raw_mem addr 00000550;  byte addr 0000aa00
ebf5ebf5eef7f3faf5faf9fefffe0000010203000402060506020a050d060b04    // raw_mem addr 00000551;  byte addr 0000aa20
0d070d060905080605020100020100ffff000000fbfdfbfef7fcf2f8eff8ebf6    // raw_mem addr 00000552;  byte addr 0000aa40
f7faf9fefafdfbfefffffefffdff0000fffe000000010100060105030c060f06    // raw_mem addr 00000553;  byte addr 0000aa60
0604030100000000ff00ffff010002020200fffefdfefbfdf5fcf7faf4faf0f8    // raw_mem addr 00000554;  byte addr 0000aa80
fbfdfefe02010202030004010804070406020d060c060c0610070e070d060a04    // raw_mem addr 00000555;  byte addr 0000aaa0
01010000fafcfcfdfbfef8fcfafcf4faf2f9eff7edf5eaf5eaf4eef6f1f7f6fa    // raw_mem addr 00000556;  byte addr 0000aac0
ffff00fe0202fe000000010000ff030106030b040e071108150a0e080e060904    // raw_mem addr 00000557;  byte addr 0000aae0
fbfefafcfcff00000001000100fffc00fbfef8fbf2faf4f8f6fdf7fcfafbff01    // raw_mem addr 00000558;  byte addr 0000ab00
060208020904060206010703070307030c060f080f080e060904040300fffeff    // raw_mem addr 00000559;  byte addr 0000ab20
f9fdf7fbf6faf7fdf6faf6faf3faf1f7f0f8edf6f1f8f3f9f5f9fbfe00000500    // raw_mem addr 0000055a;  byte addr 0000ab40
040001010100040201020401090408030c050c070b050905000000fffcfef6fa    // raw_mem addr 0000055b;  byte addr 0000ab60
010001000000fffffdfffe00fafcfafcfdfffbfdfbfdfeffff0001ff02010201    // raw_mem addr 0000055c;  byte addr 0000ab80
0601050203020603030207030602030005030301030002020000020003010000    // raw_mem addr 0000055d;  byte addr 0000aba0
f6fcf4faf4faf5fbf4fbf6faf8fbf6fcf8fbfbfdfafdfeff0000020005020302    // raw_mem addr 0000055e;  byte addr 0000abc0
ff0000000300040304020601050406020402030203010000fe00ff00fafcf7fb    // raw_mem addr 0000055f;  byte addr 0000abe0
010200ff0000ff00000000000000fe00fffefefffdfffefdfbfdfbfefefffefe    // raw_mem addr 00000560;  byte addr 0000ac00
0100030103020602030305020503020106010302020107030403050205010402    // raw_mem addr 00000561;  byte addr 0000ac20
f5f9f7fcf5f9f6fbf8fdf8fbfbfefcff01000000feff0100fefffe000001ff00    // raw_mem addr 00000562;  byte addr 0000ac40
0300060205010000020003010001fffeff00ff01fffdfcfefd00fafcf9fdf9fc    // raw_mem addr 00000563;  byte addr 0000ac60
020103010000020100fffcfefefffefdfafdf7fbfafbf8fdf9fdfffe00000001    // raw_mem addr 00000564;  byte addr 0000ac80
0001020006030604080207040603090404020603070404010803060205020402    // raw_mem addr 00000565;  byte addr 0000aca0
f7fcf7fcfbfdfbfefcfd00000000000003020100010001000100ff01ffff0200    // raw_mem addr 00000566;  byte addr 0000acc0
020001020100fffe0001fffffafbfc00f9faf6fbfafff6f9f9fdf9fcf6fafafd    // raw_mem addr 00000567;  byte addr 0000ace0
fffefe00fdfffefefdfffcfefbfdfdfffdfdfafeff00fdfefd00030100ff0000    // raw_mem addr 00000568;  byte addr 0000ad00
05030301080208040302060206020500070307040802050405020601010200ff    // raw_mem addr 00000569;  byte addr 0000ad20
0403070305020502040204020100000001fffcfffd0001fefcffff0002000102    // raw_mem addr 0000056a;  byte addr 0000ad40
fcfdf8fbf9fdf9fdf5f9f8fbf6fcf6faf9fcf7fdf9fbfc00fcfefefe00010100    // raw_mem addr 0000056b;  byte addr 0000ad60
ffff0000ffff000000000000ff00fffffffffdfffdfefefffcfefefdfbfffbfe    // raw_mem addr 0000056c;  byte addr 0000ad80
0402030100ff010002010300020205010401030205010000ff00ff00fffffdfd    // raw_mem addr 0000056d;  byte addr 0000ada0
0805060302000201000000000000000001000100030307030401050307040301    // raw_mem addr 0000056e;  byte addr 0000adc0
f8fcf9fcfafcfbfefefffcfefafdfcfdfafdfcfdfeffff000401080409030803    // raw_mem addr 0000056f;  byte addr 0000ade0
0200030300010000fe00fbfefafdf7fbf7fcf8fdf7fbf9fbf8fcf7fbf9fbf7fc    // raw_mem addr 00000570;  byte addr 0000ae00
fefffcfffeff010101010301050207020601020302000000fd0000fe01010000    // raw_mem addr 00000571;  byte addr 0000ae20
0904080402020000020000000100010001000000010002020000fffeff00fefe    // raw_mem addr 00000572;  byte addr 0000ae40
f5faf5faf9fcfcfefcffffffff0000000402050208030a050d050f060d070a05    // raw_mem addr 00000573;  byte addr 0000ae60
03000100fe00fbfdfbfdf8fcfcfdfafef8fcfffefafef7fbf5f9f1f9f1f7f2f8    // raw_mem addr 00000574;  byte addr 0000ae80
feff0301040106010603040202000000fe00fdfefdff00000200020104020703    // raw_mem addr 00000575;  byte addr 0000aea0
0000fffffcfefcfefffffcfefeff00000000000000000000fcfdfbffff00fdfe    // raw_mem addr 00000576;  byte addr 0000aec0
000006020a06090509030905070507020a060803090409050803080303000201    // raw_mem addr 00000577;  byte addr 0000aee0
f8fdf4f9f2faf4f9f3faf8fdfafbf7fcf7fbf4f9f3f9f1f7f2f9f4faf8fb0000    // raw_mem addr 00000578;  byte addr 0000af00
0200020102010100ff00ff0000000300040205020a060b040a0407040100fcff    // raw_mem addr 00000579;  byte addr 0000af20
fdff0100000002000402020001000000fefdfcfff9fdfbfcfbfefcff01000101    // raw_mem addr 0000057a;  byte addr 0000af40
0502050205020301020004010301030206030400040103010200ff000000ff00    // raw_mem addr 0000057b;  byte addr 0000af60
f6fbfbfdffffffff0000fefffbfdf7fcf4faf4faf5fbf9fcfefe000005020804    // raw_mem addr 0000057c;  byte addr 0000af80
0000ff00fffefe0000ff01ff01020501050203010200fe00fcfef8fbf7fcf8fc    // raw_mem addr 0000057d;  byte addr 0000afa0
0503040103000100fdfdfafdf9fdf8fbf9fdffff020101000402060304010301    // raw_mem addr 0000057e;  byte addr 0000afc0
fe000000000001010603040306030703040202000000000001ff000002010501    // raw_mem addr 0000057f;  byte addr 0000afe0
fefefcfef9fdf5fbf1f9f2f8f3f9f3f8f9fdfcff00ff03010301030100000000    // raw_mem addr 00000580;  byte addr 0000b000
fe0000000501060408030802070405020302020200fffe00fefffffefdfefeff    // raw_mem addr 00000581;  byte addr 0000b020
06030000fdfefbfefbfefdfefbfffdfe00ff0000fefefcfffbfbfafdf9fefdfd    // raw_mem addr 00000582;  byte addr 0000b040
00000402050102000401010000ff0000ff0000fe0202070309030a0609040904    // raw_mem addr 00000583;  byte addr 0000b060
f4f9f3faf6fbf5f9f8fdfafdffff000101ff0100000001ffff0000ffff00fe00    // raw_mem addr 00000584;  byte addr 0000b080
08040804080303000302000100fffcfffe0000fff9fefefefefdf8fdf9fcfafc    // raw_mem addr 00000585;  byte addr 0000b0a0
f9fdf6fbf9fcfafdfafdfe00fefffdff0000fffe0000020001ff040307020803    // raw_mem addr 00000586;  byte addr 0000b0c0
020102000702030206040a0408040c050b060b050b05080404000001fdfef9fb    // raw_mem addr 00000587;  byte addr 0000b0e0
fcfef8fdfafcfdfefafffefefdfefc0000fefbfdfafefcfefbfefdffffff0100    // raw_mem addr 00000588;  byte addr 0000b100
01010100000001000000ff0000fffdfefafdfdfdfcfef9fefafcfdfffcfff9fc    // raw_mem addr 00000589;  byte addr 0000b120
fafeffffff00ff0001ff000100000301010000ff000000ff0000000001ff0000    // raw_mem addr 0000058a;  byte addr 0000b140
0904080207030803050308020503050205020403050101020100fffefe00fcfe    // raw_mem addr 0000058b;  byte addr 0000b160
f8fcf9fcf9fbfbfdfbfffdfdfefffcfffefd00fffe0000000200020107020704    // raw_mem addr 0000058c;  byte addr 0000b180
010003010001ffff0000fefffbfcfcfefbfefbfefdfefcfefbfef9fcf9fcf6fc    // raw_mem addr 0000058d;  byte addr 0000b1a0
fe00fefefeff0000fefffd00fdfefefffe00fcfeff0000ff0000020102000201    // raw_mem addr 0000058e;  byte addr 0000b1c0
0903060308040904080409050c040603050205020000fffffcfefbfdfcfefafe    // raw_mem addr 0000058f;  byte addr 0000b1e0
fd00fefefd00fe00fbfefafdfbfdfbfffefffeff010004010403090407040803    // raw_mem addr 00000590;  byte addr 0000b200
fbfefbfefefffafffdfe00fffcfffefefdfefbfef9fdfafdfbfcf9fffcfefefd    // raw_mem addr 00000591;  byte addr 0000b220
0100fe00fdfefdfffdfffdfdffff0000020102000000020100000000fdfffbfd    // raw_mem addr 00000592;  byte addr 0000b240
08040a0506030603060200000000fdfefcfffdfefcfd00010000010003020100    // raw_mem addr 00000593;  byte addr 0000b260
fbfcfafdfdfdfafefdff00000000050103010703060105030803050105030703    // raw_mem addr 00000594;  byte addr 0000b280
fffffd0001000000ff00fefdfcfefd00fcfcfcfefefffcfefe00fffefbfffeff    // raw_mem addr 00000595;  byte addr 0000b2a0
fcfef8faf9fefdfefcfd000000ff0000ff00fdfefdfffafdf9fefbfdfbfdfe00    // raw_mem addr 00000596;  byte addr 0000b2c0
0703070304030102ffff0100ff00ffff050203020402070204010001fffefcff    // raw_mem addr 00000597;  byte addr 0000b2e0
fafd010000ff010004010100030200ff00000001fffe01000302030108030a03    // raw_mem addr 00000598;  byte addr 0000b300
fdff0000fdfefd0000fffefe000200ff00ff0100feffffff00fff9fdfd0000ff    // raw_mem addr 00000599;  byte addr 0000b320
fb00f9fbf8fcf9fdfcfefbfefcfdff00fbfffffefffffbfe00fefd00fcfeff00    // raw_mem addr 0000059a;  byte addr 0000b340
060307030804010001000000ff010000feff01000200000000ff0000fdfdfafd    // raw_mem addr 0000059b;  byte addr 0000b360
fbfefbfdfeff04010201070404000301040302ff020204020701060408030b04    // raw_mem addr 0000059c;  byte addr 0000b380
030203020000030100fffefffffffcfdfd000000fe00fefffbfdf9fdfafcf6fa    // raw_mem addr 0000059d;  byte addr 0000b3a0
f6fbfcfcfbfefbfe0000fdff0000fcfdfbfdfdfef9fdfcfefefefeff02000100    // raw_mem addr 0000059e;  byte addr 0000b3c0
040103020200fbfefefdfbfefbff00ff02010200020003010101fdfffbfcfafe    // raw_mem addr 0000059f;  byte addr 0000b3e0
0000000006020602080506030302040100000100030100000601090305040902    // raw_mem addr 000005a0;  byte addr 0000b400
fdfffbfef9fdf8fcf7fbfcfdfd00fefe0300010202ff0000fd00fffefbfdfeff    // raw_mem addr 000005a1;  byte addr 0000b420
fdff000000000502020100000000fdfdf9fdf8fdf8fcfbfdfdfefdffff00ff00    // raw_mem addr 000005a2;  byte addr 0000b440
020003010000ff0001000100010106020502040204020000fefdfdfefcfffafc    // raw_mem addr 000005a3;  byte addr 0000b460
010204000401020202ff0000fe000000fd00fdfe000000000100030104020401    // raw_mem addr 000005a4;  byte addr 0000b480
0603010101000201000000000100010001000100000100ff00ff000100000000    // raw_mem addr 000005a5;  byte addr 0000b4a0
fafdf8fbf8fdfafdf7faf4fcf4faf1f7eff7f1f8f7fbf4fbf9fd020100000100    // raw_mem addr 000005a6;  byte addr 0000b4c0
050103020803060104020b05090309050c050704060405010001fefffbfcfaff    // raw_mem addr 000005a7;  byte addr 0000b4e0
02000000fdfe00ff0000fefffd00ffff00000000020003030301060004040401    // raw_mem addr 000005a8;  byte addr 0000b500
030106020101000002000001030100000000fffffeff0200fe00ffff000000ff    // raw_mem addr 000005a9;  byte addr 0000b520
f2f8f3f9f7fcf5fbf6faf3f9f1f9f5f9f3faf6fafafefd000200040206030502    // raw_mem addr 000005aa;  byte addr 0000b540
0c070d060c060a050d060b04050204020100fbfffafdf6faf3fbf2f9f1f9f4fa    // raw_mem addr 000005ab;  byte addr 0000b560
fdfffdfefcfffdfdfafe000002000302080306040b050a050a050d0609060d06    // raw_mem addr 000005ac;  byte addr 0000b580
040102010200010000ffffffff00feffff00000000000100020001000100fe00    // raw_mem addr 000005ad;  byte addr 0000b5a0
f4fbf5f8f3faf3faf3faf1f8f7fbf6fcf7fbfdffff0000000301030102010401    // raw_mem addr 000005ae;  byte addr 0000b5c0
050104020402030104020201feff00fffc00f8fcf9fdf5fbf5faf6fcf4f9f5fb    // raw_mem addr 000005af;  byte addr 0000b5e0
0000000001000301020109050a040a050d060c070c060b040704060205020302    // raw_mem addr 000005b0;  byte addr 0000b600
080406030402030101fffdfe0000fe00fffe010100000300020101000100ff00    // raw_mem addr 000005b1;  byte addr 0000b620
eef9f2f7f1f9f4fbf5f9f4faf9fdf8fbf9fdfeffff00ffff0402040206010a05    // raw_mem addr 000005b2;  byte addr 0000b640
0602050205020401030203010000fe00fbfcf8fdf3faf2f7eff9ecf7eef5eff7    // raw_mem addr 000005b3;  byte addr 0000b660
03020000010001000000010103000502070409030b060b0507040b0509030403    // raw_mem addr 000005b4;  byte addr 0000b680
0703050301000202010101000301050304010200040103010201020100010200    // raw_mem addr 000005b5;  byte addr 0000b6a0
f4faf3f8f7fcf9fdf8fcfcfefcfefbfdfdfe0000000000000503070106040603    // raw_mem addr 000005b6;  byte addr 0000b6c0
00ff0000ffff0000ff00fdfefe00f9fdf5faf1f9eef7ebf5e9f5ebf5ebf4f1f8    // raw_mem addr 000005b7;  byte addr 0000b6e0
050105020503060305020703080308030c060e060c040d070b05090206040200    // raw_mem addr 000005b8;  byte addr 0000b700
07040b040604040304000000fefefcfffbfef9fcf9fdfefffffeffff02010302    // raw_mem addr 000005b9;  byte addr 0000b720
f7fcf9fcfafdfeffff00fefffbfe00000000feff05020502070008040b060a02    // raw_mem addr 000005ba;  byte addr 0000b740
0101fefefafdfcfefafcf7fcf7fcf9fbf4f9f1f9f3f9eef7eaf6eff7eef6eef7    // raw_mem addr 000005bb;  byte addr 0000b760
060409040a0408040805040106020604050209050c060c0509050a0508030201    // raw_mem addr 000005bc;  byte addr 0000b780
04020202020000000000fefefd00fcfffefdfdfffd00ffffffff010003000502    // raw_mem addr 000005bd;  byte addr 0000b7a0
f9fdfafbffff000000ff00000100010001000100020001000302050102000301    // raw_mem addr 000005be;  byte addr 0000b7c0
0301fe00fdfcf9fef3faf7faf4fcf1f7f5faf4fbf1f7f3faf3f9f2f8f3faf7fc    // raw_mem addr 000005bf;  byte addr 0000b7e0
0804070409050b04080409040c0509060b050c0508030b050905070207040500    // raw_mem addr 000005c0;  byte addr 0000b800
ffff00fe0000fcfe00fffefffdfefdfffefffdfffbfeff00000100ff03010804    // raw_mem addr 000005c1;  byte addr 0000b820
fbfdf8fcfdfffe00fafd0000fffffbfefdfffffe0000fcff00000300ff000202    // raw_mem addr 000005c2;  byte addr 0000b840
0101ff00fcfdfbfef8fcf6fbf7fcf6faf7fcf6fbf5f9f9fcf6fcf7fbf9fcf9ff    // raw_mem addr 000005c3;  byte addr 0000b860
06020a0408040a050f070c050c050b060a040b0608040a040904070207040401    // raw_mem addr 000005c4;  byte addr 0000b880
fefffbfdfbfdfefffafcfbfefd00fdfeffffff00020002000100050204020301    // raw_mem addr 000005c5;  byte addr 0000b8a0
fdfdfcfe00ff00fffe000100fdfefdfffbfdfafe00fffcfefeff00fffdfffdff    // raw_mem addr 000005c6;  byte addr 0000b8c0
0000fdfefafcf9fbf7fcf6faf8fdf7fbf5f9f5fbf5faf4faf5f9f6f9f5fbfafc    // raw_mem addr 000005c7;  byte addr 0000b8e0
05040b040b040b070d060d060e070c050f0610070c0610070c05080508030101    // raw_mem addr 000005c8;  byte addr 0000b900
fcfefafcf6fbf8fdfbfdf7fdfafefffefcfffcff00ffff00fdfd00ff03010200    // raw_mem addr 000005c9;  byte addr 0000b920
fefe01000201ff000000000000000000000002000200000000000000fcfffcfd    // raw_mem addr 000005ca;  byte addr 0000b940
fbfff8fbf5faf5fbf5faf3faf5faf8fbf7fcf6faf7fcf5fbf6f9f9fcfcfefeff    // raw_mem addr 000005cb;  byte addr 0000b960
0b050b050c050d070b05100710080e0612090e070c050b05070205020000fdfe    // raw_mem addr 000005cc;  byte addr 0000b980
f7fbfafcf5faf0f8f3faf1f9eff7f4faf7fbf7fcfdfd00000000050109040803    // raw_mem addr 000005cd;  byte addr 0000b9a0
0302080407030804090405020805060202000403030103000000feff0000fcfe    // raw_mem addr 000005ce;  byte addr 0000b9c0
f9fef6f9f4fbf3faf6faf7fcf9fcfbfefcfffbfef9fdf9fbfafdfbfffefe0000    // raw_mem addr 000005cf;  byte addr 0000b9e0
050206030704070305010302020100010200070106050802080406050300feff    // raw_mem addr 000005d0;  byte addr 0000ba00
0200ff00fefe0000fdfef8fcfbfcf8fdf4fbf8faf7fdf5fcfafafefeff000200    // raw_mem addr 000005d1;  byte addr 0000ba20
000000ff000001000100050308030603070407030403010002010100fdff0100    // raw_mem addr 000005d2;  byte addr 0000ba40
070307030603020000000000fbfdfd000000feff000102000300020103000102    // raw_mem addr 000005d3;  byte addr 0000ba60
f5faf5fafefefcfffcfe00ff00fffefffcfefcfffafcfafcfcfefeff01010401    // raw_mem addr 000005d4;  byte addr 0000ba80
010100000000fafdfafcfefffafffbfdfdfefbfef7faf5fbf7fdf1f8f3f9fbfc    // raw_mem addr 000005d5;  byte addr 0000baa0
070508030904090406020501060204020401080409040a050d060a040b040905    // raw_mem addr 000005d6;  byte addr 0000bac0
ffff0000010002000403090406020603080401000000fefffefdff00ff000401    // raw_mem addr 000005d7;  byte addr 0000bae0
f5faf7fbeff7edf6f1f8eef8f0f8f6fbf8fdf9fb00000000fdfd00000100fdff    // raw_mem addr 000005d8;  byte addr 0000bb00
00000301040202000201fe00fefdfe00fcfefafdfafefdfdfafffcfdfdfdf6fc    // raw_mem addr 000005d9;  byte addr 0000bb20
09030a030c060c050e050f060a05070307030100fe00ff00fffefcfffeff0300    // raw_mem addr 000005da;  byte addr 0000bb40
fafffbfdf9fdf7fcf8fafbfd00ff04000905100815091209100811070c060a05    // raw_mem addr 000005db;  byte addr 0000bb60
0000010001ff0000fe00f9fcf4fbf1f9edf5eaf5ebf5ecf6f0f8f4faf8fcfafd    // raw_mem addr 000005dc;  byte addr 0000bb80
f3faf6fcf5faf7fafbfffcfffdfd01000502000002000401fefffffffe00fdfd    // raw_mem addr 000005dd;  byte addr 0000bba0
150c160b13070e080a0408030603050006040403050103030000fcfdfafef6fb    // raw_mem addr 000005de;  byte addr 0000bbc0
eef7f2f8f6fcfcfefffffdfffefeff00fcff00ff07040a061006150b180c170a    // raw_mem addr 000005df;  byte addr 0000bbe0
0200fcfefcfefbfefbfeffff0001030101000001fefff4faeff7edf7e7f3e8f3    // raw_mem addr 000005e0;  byte addr 0000bc00
fcfe0000fefffdff00fff7fdf6faf9fbf3fbf7fafdfe00000201060307030502    // raw_mem addr 000005e1;  byte addr 0000bc20
09020a040b060e060f09100811080e060d060a0404010001fdfdfcfdfcfffbfc    // raw_mem addr 000005e2;  byte addr 0000bc40
f9fdf8fdf3f8ecf5eff8f2f9f4fafafcfe00fffe010002020100040205010603    // raw_mem addr 000005e3;  byte addr 0000bc60
fe000100030206030804050203000100ff00fffffeff0000020002000200ff00    // raw_mem addr 000005e4;  byte addr 0000bc80
06020401ff00fefefe00fdfefdfefdfffcfef9fcf4fbf3f9f1f7f2faf5faf8fb    // raw_mem addr 000005e5;  byte addr 0000bca0
fafcf9fcf8fdfefe00ff000107020b050c070d06110811080f070f070e060905    // raw_mem addr 000005e6;  byte addr 0000bcc0
08040703050309040402ff00fffff8fcf0f8f2f9f1f9eff8f1f8f5faf5fbf4fa    // raw_mem addr 000005e7;  byte addr 0000bce0
f0f8f5faf2faf3f9fafcfafdffff06030a040c050e0510070b06080408030602    // raw_mem addr 000005e8;  byte addr 0000bd00
11080e070e070c06090509050602fffffbfef9fdf6faf4faf3f9f4faf5fbf2f7    // raw_mem addr 000005e9;  byte addr 0000bd20
ebf4e8f6eef6f1f8f1faf4f8f7fcfbfdfeff020207020b06110a13081008110a    // raw_mem addr 000005ea;  byte addr 0000bd40
160a11090c060d050904060407030301ff00fdfef9fcf0f8ecf5edf4e9f5eaf4    // raw_mem addr 000005eb;  byte addr 0000bd60
f8fdf8fbf8f9f9fef9fcf8fbf9fefefefeff0100050209040f051209130a1208    // raw_mem addr 000005ec;  byte addr 0000bd80
0905040206010a05080408040a050904060305020301ff00fbfdf9fdf9fdf8fb    // raw_mem addr 000005ed;  byte addr 0000bda0
edf6edf6eff7edf6edf6f1f7f3faf5f9f8fcfbfefefd00000201040203010501    // raw_mem addr 000005ee;  byte addr 0000bdc0
06030d04070406030b05080404020704050200000101ff00fbfdf7fbf7fbf4fa    // raw_mem addr 000005ef;  byte addr 0000bde0
09030503040102000101fffffffffffffcfdfdfffcfefdfeffffff0005010401    // raw_mem addr 000005f0;  byte addr 0000be00
f7fcfcfeffff0502070209040d070b040a060d050d060b0710070f070b050d06    // raw_mem addr 000005f1;  byte addr 0000be20
0000fdfff5fbf2f8eef6eaf5e9f5ebf5eaf6eaf5edf4ebf6ebf5eef7eff9f3f8    // raw_mem addr 000005f2;  byte addr 0000be40
fdfefdfe0000000002020602060206030a040804080309040804080407040301    // raw_mem addr 000005f3;  byte addr 0000be60
110a0c060b040a0503020401030301000200000101000000fdfefefffbfdfcfe    // raw_mem addr 000005f4;  byte addr 0000be80
eef7f1f8f7fcfefeff0003020903080509050c050a0609050d060f090d061007    // raw_mem addr 000005f5;  byte addr 0000bea0
0302040000fffd00fffff9fcf6fcf4faf1f9f1f9ecf6eef6ecf5ebf5ecf6edf6    // raw_mem addr 000005f6;  byte addr 0000bec0
fcfff9fdfbfdfafdf4faf6fbfbfefafdfeff0200020004020603060303010201    // raw_mem addr 000005f7;  byte addr 0000bee0
110a0f07120913091209120910070c04060307020100ff000100fd00ffff00ff    // raw_mem addr 000005f8;  byte addr 0000bf00
edf7edf7edf6eff8eef7edf6f3faf6fcfdff030105020a05110811080d061009    // raw_mem addr 000005f9;  byte addr 0000bf20
040104010202010004010803040102010101fdfff9fcf5fbf1f9eef6f1f8f0f7    // raw_mem addr 000005fa;  byte addr 0000bf40
fcfdfcfefeff0000fe00fafcfcfefcfdf9fcf9fcfcfffdfffeff020203000000    // raw_mem addr 000005fb;  byte addr 0000bf60
0e07120b110709050b060d05090509040c070906040004030201fefdfbfefcff    // raw_mem addr 000005fc;  byte addr 0000bf80
f3faf3f7f6fbf4fbf2f7f4fbf3f9f2f7f5fbf4fbf8fcfefe030107020c061108    // raw_mem addr 000005fd;  byte addr 0000bfa0
fdfe010004010101010107020302ffff0402040200ff00000100fcfdf9fdfbfc    // raw_mem addr 000005fe;  byte addr 0000bfc0
050303000000fe00fdfefbfefbfdfefefbfdf8fdf9fbfbfdfbfef8fbfcffff00    // raw_mem addr 000005ff;  byte addr 0000bfe0
f8fbfdfe000006010c070d070b040a050b060a050b050c070a050b060c050903    // raw_mem addr 00000600;  byte addr 0000c000
080403000303fefef6fcf7fcf8faf6fcf6fbf5fbf2f9f0f8eff8ecf7ecf6f2f9    // raw_mem addr 00000601;  byte addr 0000c020
f7fbf6faf8fdfffe000002010502040205030902080407050a040c060d060d07    // raw_mem addr 00000602;  byte addr 0000c040
10060b070a050a050202fefefdfef8fcf7fbf9fdf8fcfbfdfbfef7fbf5f9f4fa    // raw_mem addr 00000603;  byte addr 0000c060
ebf4e9f4ebf7f0f8f8fbfe00040109030b060e070d060a060b050c040a060e06    // raw_mem addr 00000604;  byte addr 0000c080
0c0509050a040903050403000100fcfff6faf6fbf2faf0f6eff9eef7ecf4ebf6    // raw_mem addr 00000605;  byte addr 0000c0a0
0101fdfffdfffd00f9fcf7fbfbfe0000040109040c060f0710080f070d060c07    // raw_mem addr 00000606;  byte addr 0000c0c0
02000402070305010b050e070b0508040201fefff8fbf2faf5f9f7faf9fdff00    // raw_mem addr 00000607;  byte addr 0000c0e0
eff6eef7eef7ebf5e9f6eaf5ecf6f1fafafc010006040b0510070c060a050703    // raw_mem addr 00000608;  byte addr 0000c100
0d0610080e070a0409050804060101010000fdfef7fdf5faf2f8eff8eff8f0f8    // raw_mem addr 00000609;  byte addr 0000c120
f5faf5fbf8fcfe000200040102010200010100000000040308040a0410081008    // raw_mem addr 0000060a;  byte addr 0000c140
0e080d0609050702030000010401070107040c060e070b0506020100fafef6fb    // raw_mem addr 0000060b;  byte addr 0000c160
f1faf1f7f1f9f1f9f2f7f0faeff7ecf4e8f5eaf3eaf4edf7f7fbff0006020b05    // raw_mem addr 0000060c;  byte addr 0000c180
050106020a050904070408050702040206020603030202000000fcfef7faf4fa    // raw_mem addr 0000060d;  byte addr 0000c1a0
080407030300ff00feffff00ff00030004030201030104020000ff0001000401    // raw_mem addr 0000060e;  byte addr 0000c1c0
f3fbfbfd000003010b060c070903090404030402040305040a030b050f070d05    // raw_mem addr 0000060f;  byte addr 0000c1e0
02000000fcfef5faf1f8eef8eff7eef7f0f7f0f7eff9eff8edf5e9f6eaf4eef6    // raw_mem addr 00000610;  byte addr 0000c200
fbfdfd0001000000040208030704060206030703010101000502030105010703    // raw_mem addr 00000611;  byte addr 0000c220
11090c050f070f080802050300000100ff00ffff0300fe0002010100fdff0000    // raw_mem addr 00000612;  byte addr 0000c240
eef6f0f7f1f8f7fbfcfe0000050309040c050c050b05090409040c0508030c06    // raw_mem addr 00000613;  byte addr 0000c260
0200ff00fffffffffcfff8fbf7fcf2f8ebf5edf7ecf6e9f5eef6edf6eef6eef6    // raw_mem addr 00000614;  byte addr 0000c280
fe0000ff00ffff00feffff000101040008050a06090308040905060200000301    // raw_mem addr 00000615;  byte addr 0000c2a0
0d060d060e070c050f060e060c050a0505020100fd00fdfffdfefbfd0000ff00    // raw_mem addr 00000616;  byte addr 0000c2c0
f2faf1f7f0f8f4fbf3f8f3f9f8fdfeff02000201060308030c060e0608040b06    // raw_mem addr 00000617;  byte addr 0000c2e0
0301fd00fe00fefefbfefbfe00fffefffafdfcfefafcf3faf3f8f2f9f0f8f0f7    // raw_mem addr 00000618;  byte addr 0000c300
fefe010004010301010104000000fbfeffff0000fffe00000502050101010502    // raw_mem addr 00000619;  byte addr 0000c320
060303010503040101010603080407040c050c05070207020101fdfefefffdff    // raw_mem addr 0000061a;  byte addr 0000c340
f7fcf5faf6fbf9fcf7fbf8fdfafcfafef9fdfdfd000002010601050206030803    // raw_mem addr 0000061b;  byte addr 0000c360
03000001030104010001fffefefffdfffcfdfffffdfffbfefefffcfef6fbf6fa    // raw_mem addr 0000061c;  byte addr 0000c380
fefefbfefbfffcfdfefe000003010300000000010000fcfefdfefefefe000100    // raw_mem addr 0000061d;  byte addr 0000c3a0
060008040b05050103010001feff000000000200040204010803090402010000    // raw_mem addr 0000061e;  byte addr 0000c3c0
fdfef9fdf6fbfafbfafef9fdfdfdfd00fcfefbfefbfdfafcfafffffe02010504    // raw_mem addr 0000061f;  byte addr 0000c3e0
00ff000000ff05020502030105020301000001000000000000000200fffffafe    // raw_mem addr 00000620;  byte addr 0000c400
030104020200fefffefffffffdfe000000000000000000010000fffefeffffff    // raw_mem addr 00000621;  byte addr 0000c420
feff0000ffff0101020002000101fe00fffffbfdfcfefefffeff010104020400    // raw_mem addr 00000622;  byte addr 0000c440
0000ff0000fffeffff00fffffcfffffffdfffe00fffffcfeff00fdfefbfffcfe    // raw_mem addr 00000623;  byte addr 0000c460
0101010100ffff00010003000202040205010300020100ffff00ff00ffff0000    // raw_mem addr 00000624;  byte addr 0000c480
fcff000001ff0000ff000000fdfffafdfdffff0000ff03010502050308040400    // raw_mem addr 00000625;  byte addr 0000c4a0
fbfdfafdfafdf9fdfdfefdff0000020100010200ff00fdfefbfdf9fdfbfdfcfe    // raw_mem addr 00000626;  byte addr 0000c4c0
020103000302000002000001fdfe0000fefffbfdfbfffafbfdfffefffcfdfd00    // raw_mem addr 00000627;  byte addr 0000c4e0
0703080403010200000100000200000105020601050406050500050303010200    // raw_mem addr 00000628;  byte addr 0000c500
f7fbf8fcfefffe00fefd01000000fdfeff00fefffdffffff0100020104020502    // raw_mem addr 00000629;  byte addr 0000c520
fdfefafcf9fcfafdfafdf8fcfbfeffff00000200010002010000fcfdf8fcf9fd    // raw_mem addr 0000062a;  byte addr 0000c540
0504070306010502020101000000fefffbfefdfffbfdfafefdfdfdfefafefbfd    // raw_mem addr 0000062b;  byte addr 0000c560
0100030204020803080507030501040203000301030205010602040407030602    // raw_mem addr 0000062c;  byte addr 0000c580
fdfef8fbf8fdf6f9f5fbfbfdfefe000002000301020101000100fffffe00ff00    // raw_mem addr 0000062d;  byte addr 0000c5a0
0000fefffdfe0000fcfef8fbf5fbf1f9f3f7f3faf8fcfeff0101040001000001    // raw_mem addr 0000062e;  byte addr 0000c5c0
05020401030106010402030208020504020003000002fdfbfafefe00fbfcfbfe    // raw_mem addr 0000062f;  byte addr 0000c5e0
fffffdff00ffffff010205020602060507030501010103010200030106020501    // raw_mem addr 00000630;  byte addr 0000c600
00000301050302020000fefefdfffffefcfcff00020003000403040202000100    // raw_mem addr 00000631;  byte addr 0000c620
fafef7faf3f9f6fbf7fcfafdfafcf8fdf7fcf3f9f1f7eff7f0f9f3f8f9fd0000    // raw_mem addr 00000632;  byte addr 0000c640
0503070107040a0507020503050204010502030004030604020004020100fafc    // raw_mem addr 00000633;  byte addr 0000c660
030104010201fefffdfefdff00ffff0004020802010105020502000102000301    // raw_mem addr 00000634;  byte addr 0000c680
f6fcf7fb0000040305020a0509050802040301000000ff000000010004010603    // raw_mem addr 00000635;  byte addr 0000c6a0
00000200fffff7fbf5f9f3fbf0f7f0f7f3faf7faf8fdf6fbf6faf5fcf1f7f1f9    // raw_mem addr 00000636;  byte addr 0000c6c0
00000000ff0004020603050209040b040a040503030103000000000002000201    // raw_mem addr 00000637;  byte addr 0000c6e0
0300050207010603050203000000fffffcfefdfdfcfeffff000000010100feff    // raw_mem addr 00000638;  byte addr 0000c700
f9fbfafef7fcf7f9fbfefd00020007030a050e060c050b040704030102000100    // raw_mem addr 00000639;  byte addr 0000c720
ffffffffff000000ff00fdfffafcf6fcf2f9f0f8f3faf2f9f5fcfcfcfcfef9ff    // raw_mem addr 0000063a;  byte addr 0000c740
fbfdfefe01010000fffe02010000000003020301030105030502030202010000    // raw_mem addr 0000063b;  byte addr 0000c760
0603030102000101010003020402020102010200fdfefcfefbfdf9fcfcfefefe    // raw_mem addr 0000063c;  byte addr 0000c780
f4fbfbfcfafdf7fcfdfdfbfef9fcfcfe00ff0200030109040d070e050e070c05    // raw_mem addr 0000063d;  byte addr 0000c7a0
07030200020101010100030203000603040302ff0000fbfff8fbf4fbf6faf5fa    // raw_mem addr 0000063e;  byte addr 0000c7c0
fafdf8fcfafcfafdf6faf8fcf7fdf7faf7fbf9fcfdfffe000000050204020702    // raw_mem addr 0000063f;  byte addr 0000c7e0
0e060c060d060b0508040501030204000200010104000101fefffffffdfffafd    // raw_mem addr 00000640;  byte addr 0000c800
f8faf6fbf6fbf4fbf5fbf8fcf8fbf8fcf9fdfbfcfafefcfe0302040105020d07    // raw_mem addr 00000641;  byte addr 0000c820
06020402060408030904070406030804070406030904080305020200fe00fbfd    // raw_mem addr 00000642;  byte addr 0000c840
fcfef9fcf9fcf8fbf4faf4f9f4f9f4fbf4f9f6fafbfdf8fcfbfe0000feff0000    // raw_mem addr 00000643;  byte addr 0000c860
0000050205020a040c070b040a050704070204030000030001010000fffffdff    // raw_mem addr 00000644;  byte addr 0000c880
0401000000fffafdf9fcfbfdf9fcf9fdf6fbfcfcf8fcf3fafbfcf9fdf9fdfdfe    // raw_mem addr 00000645;  byte addr 0000c8a0
fbfefdfe000000ff03010805050008040b060a030c050b060c07090407040a04    // raw_mem addr 00000646;  byte addr 0000c8c0
03000200ff00fdfefdfef9fcf6fbf8fcf5f9f2f9f5faf6f9f3faf6fbfafcf9fe    // raw_mem addr 00000647;  byte addr 0000c8e0
f1f8f2f8f5fafafd0000030105030c060b050b040a0508030904060305020404    // raw_mem addr 00000648;  byte addr 0000c900
140b11080e070a0505010002fffffdfdf8fef8fafafdf5fbf3f7f4fbf0f8eff6    // raw_mem addr 00000649;  byte addr 0000c920
f3f9f3f9f9fdfdfdff0001010100020003010401050206040b050f0810081309    // raw_mem addr 0000064a;  byte addr 0000c940
0a040604060203010000fffffefffdfffefefdfefcfff7fbf6fbf4f9eff7f1f9    // raw_mem addr 0000064b;  byte addr 0000c960
f1f8f4fbf0f8f2f7f4faf5fbf9fcfdfe000002010602090509040b060d070d05    // raw_mem addr 0000064c;  byte addr 0000c980
0c060e061309120912090e070806080400fefd00fd00f9fbf7fcf4f9f6faf1fb    // raw_mem addr 0000064d;  byte addr 0000c9a0
f7fbf2f9f2f8eff8f2fafafdfafdfeff0201000002020001fffe020100000703    // raw_mem addr 0000064e;  byte addr 0000c9c0
0a050e060f0810080c07070405020000000000000000010003000400fefffcfd    // raw_mem addr 0000064f;  byte addr 0000c9e0
f9fcf9fcf7faf1f9f2f9f0f8eff8f0f8f0f9f5f9f6fbfafefdfdfe0003020703    // raw_mem addr 00000650;  byte addr 0000ca00
fe00fbfe00fe060309040f06120b150b12080d070d050402020101fffcfffcff    // raw_mem addr 00000651;  byte addr 0000ca20
07030302fefdf8fdf2f7eef6edf7ecf5eff8f7f9fbfefe0000fe0000fd00fcfd    // raw_mem addr 00000652;  byte addr 0000ca40
fdff010007041007100813091509140b0f080a04090404020401070305030501    // raw_mem addr 00000653;  byte addr 0000ca60
04020100fe00f6fbf5faf4fbf1f7eef6ecf7f0f7edf6edf6f0f8eff8f4f9f8fb    // raw_mem addr 00000654;  byte addr 0000ca80
fe0000ff0000010000fe0000000004010a0409040f08140a120811080f060b04    // raw_mem addr 00000655;  byte addr 0000caa0
0402030100ff01000000fefffcfef9fcf5faf1f8eff6f0f8edf7f3f8f9fbf8fc    // raw_mem addr 00000656;  byte addr 0000cac0
f3f8f4fbfafefdff0000080408050c051109130a1409140c140a0e060b050703    // raw_mem addr 00000657;  byte addr 0000cae0
10080d0609040602ff00fcfffafdf4faf4faf2f9f2f9f0f8edf7f1f8eef8eef7    // raw_mem addr 00000658;  byte addr 0000cb00
ecf5eef6f3faf9fdfdfefeff01010200000001000300040207040a060d070f08    // raw_mem addr 00000659;  byte addr 0000cb20
160c15090d06070506000100ffff00fefd00fdfefcfef9fdf6fbf0f7ecf6edf8    // raw_mem addr 0000065a;  byte addr 0000cb40
ebf5eff5ecf7f3faf9fbf8fc00000201020209040b050d061209170c1b0c190b    // raw_mem addr 0000065b;  byte addr 0000cb60
080408030b040904070308040a02050301010100fafff8fbf5fbf0f8f0f5ebf6    // raw_mem addr 0000065c;  byte addr 0000cb80
f0f8f1f8eff7edf7f0f8f4f8f1f8f3fafbfcfafdfbff02010300040107030904    // raw_mem addr 0000065d;  byte addr 0000cba0
14091408150c130910070e070d0509040602030100ffff00fafdf6fbf6fbf3f8    // raw_mem addr 0000065e;  byte addr 0000cbc0
f6fbf2f9f2f8f3f8f1fbf4f8f6faf9fffdfd00fe040207030b060d060e06140b    // raw_mem addr 0000065f;  byte addr 0000cbe0
02020202060208040602050206030401030104010301ff00fefefffff7fcf5fc    // raw_mem addr 00000660;  byte addr 0000cc00
f2f8f2f8f5faf2f9f4fbf7fcf6faf4fbf4faf6fbf6faf5fbf9fdfcfcfdff0100    // raw_mem addr 00000661;  byte addr 0000cc20
0e080f060c070e060e060b060c050c070c050c050b0607030300fe00fafdf8fb    // raw_mem addr 00000662;  byte addr 0000cc40
fcfdfdfffffefcfffcfefbfefefffbfdf8fcfcfdfcfefffe0400050409040e07    // raw_mem addr 00000663;  byte addr 0000cc60
fafdfbfdfefeff00ff000100000000000100ff0000000000fdfffdfefcfffdfe    // raw_mem addr 00000664;  byte addr 0000cc80
0100fbfff9fcfcfefafcfafbfcfffcfffd00fdfefcfdf9fef7faf7fbf5fcf7fb    // raw_mem addr 00000665;  byte addr 0000cca0
08040b070d060904080406030401000001000300020007030603070305030000    // raw_mem addr 00000666;  byte addr 0000ccc0
fdfffcfffcfd020003020301040103010302010000fe01000100010004020803    // raw_mem addr 00000667;  byte addr 0000cce0
0000fcfdfbfef9fcf4faf4fbf6fbf6faf7fcfafdfcfdfbfefafdfdfffbfdf9fb    // raw_mem addr 00000668;  byte addr 0000cd00
ffff00000301040105020602040200000201ff00fcfd00fffe00000000000000    // raw_mem addr 00000669;  byte addr 0000cd20
0904050304010100fffffefefd00fffeffffff0001ff0000feffff00fe00feff    // raw_mem addr 0000066a;  byte addr 0000cd40
f3fbf5fcfafcfbfdff0001000302070408030a050903070209050b030a050b05    // raw_mem addr 0000066b;  byte addr 0000cd60
0503050303000000fcfff7fbf4f9f3f9f1f9f2f9f5faf5fbf8fbf6fbf5fbf8fc    // raw_mem addr 0000066c;  byte addr 0000cd80
f8fdfafcfcfe0100060309040c050c070b04050302010000ffff00fe00000300    // raw_mem addr 0000066d;  byte addr 0000cda0
0e060a0508030603000100fe0000feff00ff00000301010001000001fbfdf8fd    // raw_mem addr 0000066e;  byte addr 0000cdc0
f2faf2f9f4f8f2f9f3f9f5faf6fdf9fefdfc00000302060108060d050c050d06    // raw_mem addr 0000066f;  byte addr 0000cde0
02010503020001000704050302000301ff00f8fef4faf2faf1f9f0f7f0f8f2f9    // raw_mem addr 00000670;  byte addr 0000ce00
fdfefdfdf9fdf8fcfbfdf9fcfcfd00000201060209020b070905080308040401    // raw_mem addr 00000671;  byte addr 0000ce20
09060b040d060b070c040f060e070c060b050803060304010000000000fffeff    // raw_mem addr 00000672;  byte addr 0000ce40
eaf5eff8eff7f0f7f2f9f2f8eef6edf7f0f8f0f7f5fafbfdffff020107020b04    // raw_mem addr 00000673;  byte addr 0000ce60
0e060a04060404010402020107030804060207020200fefff5fbeff8f0f7ebf4    // raw_mem addr 00000674;  byte addr 0000ce80
00fffbfdfbfdfafff7fbfafdf6fbf6fbf7fcf9fd00ff000007040d050c050e08    // raw_mem addr 00000675;  byte addr 0000cea0
020108050903120813091209160a1209130a10080e060d07060306020202feff    // raw_mem addr 00000676;  byte addr 0000cec0
f7fdf7fbeff8ecf7ebf4eaf5eff7edf5f0f7f3f9eff7f4f8f1f9f2f9fbfcfafc    // raw_mem addr 00000677;  byte addr 0000cee0
040207020c0609040905080403000100ff00fefffcfffe0001fffe000000feff    // raw_mem addr 00000678;  byte addr 0000cf00
060205020502020101000200fefffefffefffcfffdfffbfffdfefdffff000302    // raw_mem addr 00000679;  byte addr 0000cf20
fe00fdfffe0000000000040208030a050d060e050c060d070b04090409040602    // raw_mem addr 0000067a;  byte addr 0000cf40
fbfdfafcfafdf7fcf4faf4f9f0f9f0f8f1f7eff8f4faf5fbf6fcfcfefbfdfbfe    // raw_mem addr 0000067b;  byte addr 0000cf60
fcfefcfefdfeff0000000300040205040802030103020400ff00fffe00fefe00    // raw_mem addr 0000067c;  byte addr 0000cf80
0c070904090308050603030102010301010000000000fdfdfdfdfd00fafffcfd    // raw_mem addr 0000067d;  byte addr 0000cfa0
f7fcfcfdfcfff7fcfbfcfcfffbfd000002020502080309040d060d060b050d06    // raw_mem addr 0000067e;  byte addr 0000cfc0
ff00ff000200ff0000ff00fffc00fefffafcf6fbf7fcf4faf6faf8fbf8fcf9fd    // raw_mem addr 0000067f;  byte addr 0000cfe0
00000000fdfffbfe0000fe00fefe00fffd00fefffefefafdfefefdfffbff0000    // raw_mem addr 00000680;  byte addr 0000d000
0601070305020501010101000602030303000603080404010603050202010200    // raw_mem addr 00000681;  byte addr 0000d020
ff00fffffefefafefcfdfdfefbfdfefefe0000ff000000010400030105030502    // raw_mem addr 00000682;  byte addr 0000d040
fcfdfe00fefefffffefffd00fcfefcfdfafef8fbf9faf8fdf7fcfbfefefefdfe    // raw_mem addr 00000683;  byte addr 0000d060
02020300000001010500010104020502030103010000fffffcfffafbfcfffafe    // raw_mem addr 00000684;  byte addr 0000d080
0202020001000000000000000000000002020602060207040905070306030503    // raw_mem addr 00000685;  byte addr 0000d0a0
fafdfcfffcfdff0000ff00ff0001fffefdfffcfefcfefbfffcfd000000000000    // raw_mem addr 00000686;  byte addr 0000d0c0
fbfdfbfdfcfffbfdfefffbfdf9fcfc00fcfefcfdfeff01000000fdfdff00fdfe    // raw_mem addr 00000687;  byte addr 0000d0e0
0e0709040a04040205010402ffff00fffd00fbfcfcfef9fdf7fbfafdf7fbf8fd    // raw_mem addr 00000688;  byte addr 0000d100
fafdfbfcfcff000000000100050105030703090409030c070d060e060c060f06    // raw_mem addr 00000689;  byte addr 0000d120
0000fd0000ff0000feffff0000000000000101000000fe00fbfdfbfef8fcf6fb    // raw_mem addr 0000068a;  byte addr 0000d140
00fffefefafff9fcf8fdfbfdfcfcf9fffbfcfbfef8fdfafbfbfffafdfafcfeff    // raw_mem addr 0000068b;  byte addr 0000d160
0702040407030703030304010000fe0000fffdfefdff0000fe0000000201ff00    // raw_mem addr 0000068c;  byte addr 0000d180
fefffdffff000000020003020402050204020201030002020000030001010301    // raw_mem addr 0000068d;  byte addr 0000d1a0
fcffffff00fe01010200000001000000010102000301060203020201010000ff    // raw_mem addr 0000068e;  byte addr 0000d1c0
0000000000fffcfefafdf9fdf9fcf9fcf7fcfafdfafcf7fcf9fcf6fbf8fdfbfc    // raw_mem addr 0000068f;  byte addr 0000d1e0
0200010000000000020003010302030101010000ff00ffffffffff0000000000    // raw_mem addr 00000690;  byte addr 0000d200
0300020000010100000000000200010101000000000003000200000002000200    // raw_mem addr 00000691;  byte addr 0000d220
000003000000000001ffff00fdfffcfffcfffcfefefeffff0000030103000200    // raw_mem addr 00000692;  byte addr 0000d240
f9fdf9fdfcfdf9fdfcfffefefbfeff00fffeff0000ff00000102000002000101    // raw_mem addr 00000693;  byte addr 0000d260
020202000300000100000100010204010501040203010000fdfefbfefafefbfd    // raw_mem addr 00000694;  byte addr 0000d280
00ff0000010002000102000000ffff00fdfefcfdfcfdf9fdfdfe000000ff0300    // raw_mem addr 00000695;  byte addr 0000d2a0
00000100010001000100000004020000000003010000000000ffff00fe00fe00    // raw_mem addr 00000696;  byte addr 0000d2c0
0000fe00fdfefffefd00fdfefe00ff0001000100030206030300020102010000    // raw_mem addr 00000697;  byte addr 0000d2e0
01010301010000000000fffefefefcfefafefcfdfcfcfafefdff00fffdfefdfe    // raw_mem addr 00000698;  byte addr 0000d300
fbfdfdfffc00ffffffff00ff0301000001000301000000000000ff0000000000    // raw_mem addr 00000699;  byte addr 0000d320
070406020301020002010000fffffe00fdfefafef8fdf9fbf9fdf8fcfafcfafe    // raw_mem addr 0000069a;  byte addr 0000d340
000002000100010001000000000001000301060409040a050c060a0409040905    // raw_mem addr 0000069b;  byte addr 0000d360
0201000001000000feff000000ffff00fe00fdfcfbfdf7fcf7faf8fdfafdfcfd    // raw_mem addr 0000069c;  byte addr 0000d380
f4fbf3f7f3faf4faf7fbf7fbf8fdfd00fcfdfdff000000000100030003010300    // raw_mem addr 0000069d;  byte addr 0000d3a0
0c050f080d070b04070403010100ff00ff000000ff0000fffefefb00f9fbf5fa    // raw_mem addr 0000069e;  byte addr 0000d3c0
fdfefefffefffdfefeff01000401040305020500020102000000010106020704    // raw_mem addr 0000069f;  byte addr 0000d3e0
040204020402040106020502040204010100ff00fffefe00fe00feff0000fe00    // raw_mem addr 000006a0;  byte addr 0000d400
f8fbf2faf6fbf4f9f0f8f6fbf1f9f4f9f7fdfafdfefefd000300040102010401    // raw_mem addr 000006a1;  byte addr 0000d420
060507020703030204000502030103010102fffffdfefafef7fbf7fbf3f9f5fa    // raw_mem addr 000006a2;  byte addr 0000d440
fffffcff00fe00fffcfe00ff0000000000000000040305030702090609040803    // raw_mem addr 000006a3;  byte addr 0000d460
0201020104020503060306020503030204010402020002010301010000000000    // raw_mem addr 000006a4;  byte addr 0000d480
fdfefdfdfcfcfbfffbfdf9fcfbfffafcf9fdfbfdf9fcfafdfbfdfbfdfbfeff00    // raw_mem addr 000006a5;  byte addr 0000d4a0
fd00fefeff00feff00fd000002010400030106020601020100000100ff00fdfd    // raw_mem addr 000006a6;  byte addr 0000d4c0
04000201020100fffefffe00fbfdf9fcf9fcf7fbf6fbf8fdfbfcfbfdfdfe00ff    // raw_mem addr 000006a7;  byte addr 0000d4e0
fbfefefdfe000200040202020401070304030501060206030804060406030804    // raw_mem addr 000006a8;  byte addr 0000d500
010202000000fdff0000fdfffeff00fefdff020000fffdffff00fafefcfdfbff    // raw_mem addr 000006a9;  byte addr 0000d520
feffffff0000010101000300010000ff0000000000ff02000201030205010302    // raw_mem addr 000006aa;  byte addr 0000d540
fcfefdfffffeffffff0000ff0000fe00ffff0000fdfefcfffcfffcfdfbfefbfe    // raw_mem addr 000006ab;  byte addr 0000d560
fffefffefcfff9fdf9fcf8fdf7fafafcfafffafcfbfcfcfffbfef9fbfafefcfe    // raw_mem addr 000006ac;  byte addr 0000d580
08030a0509050a040a0707040903070303010401020000000100000000000000    // raw_mem addr 000006ad;  byte addr 0000d5a0
fbfcfafdfafef9fdfafefbfbf9fdfbfdfcfdfcff00ff02000202050307020504    // raw_mem addr 000006ae;  byte addr 0000d5c0
050207030703070308040904090409040a04090508050803050301000000fe00    // raw_mem addr 000006af;  byte addr 0000d5e0
f5faf4f8f3fbf5faf4f8f4faf4fbf4faf5fbf6fbf6faf9fcfbfefeff02000301    // raw_mem addr 000006b0;  byte addr 0000d600
06010604080207010604080206040403040001010000fefdfbfffbfcf9fbf5fd    // raw_mem addr 000006b1;  byte addr 0000d620
fd00fcfdfcfef9fdfafdfcfefdfefeffff00000000ff00000000020003020401    // raw_mem addr 000006b2;  byte addr 0000d640
0301040203010402010001000202fffffe00ff00fefeff00ff00ff00ffffff00    // raw_mem addr 000006b3;  byte addr 0000d660
000001000100020102000000fe00fefffefffdfefcfefefe00ffff0000000200    // raw_mem addr 000006b4;  byte addr 0000d680
ff0000ffff000000000000000200020202010501040202010401000000000200    // raw_mem addr 000006b5;  byte addr 0000d6a0
0503040003010201fffffe000001fdfefeff0000fdfffd00ff00fe00fefefeff    // raw_mem addr 000006b6;  byte addr 0000d6c0
eff8f3f9f5fcf9fcfbfefeffff00000000ff0200020002010602060205030703    // raw_mem addr 000006b7;  byte addr 0000d6e0
09050905030103010000fdfefdfef9fdf7fdf6fbf4faf4faf3f8f0f9f1f7eff7    // raw_mem addr 000006b8;  byte addr 0000d700
fd0000fffe00020104000402090408030a050a0409030a0507040b030b060604    // raw_mem addr 000006b9;  byte addr 0000d720
0401030104020603070207050603050204020000ffffff00fcfefdff00fffdfe    // raw_mem addr 000006ba;  byte addr 0000d740
fafdf9fcf9fdf9fbf6fbf8fbf7fbf7fcfcfefdfeffff03010100020104010200    // raw_mem addr 000006bb;  byte addr 0000d760
fdfffdfefdfefcfefdfffefffdfefe00fefefbfdfbfefafcf9fdf8fcf7fbf8fd    // raw_mem addr 000006bc;  byte addr 0000d780
050205020402020001000000ff00fefffdfffefefdfffafdfdfdfdfefbfdfdfd    // raw_mem addr 000006bd;  byte addr 0000d7a0
00000101030105040602070307040a030a060b070f050e060e070c060b050a05    // raw_mem addr 000006be;  byte addr 0000d7c0
fbfffbfcfafdfa00fdfdfcfffbfefefdfcfffbfffbfcfcfefbfdfbfbfe00ffff    // raw_mem addr 000006bf;  byte addr 0000d7e0
fdfeff00fdfefffffefffe000000feff00000000fe00000000ffff00fdfffcfd    // raw_mem addr 000006c0;  byte addr 0000d800
0000fd00fefefefffd00fdff00fffefffafefcfefbfcf7fcf7fbfbfbfbfff9fe    // raw_mem addr 000006c1;  byte addr 0000d820
0701080407030904080404010401030102000201040305020501060103010100    // raw_mem addr 000006c2;  byte addr 0000d840
0000ff00fcfcfefffd00fdfdfd00ffff0000000000fe0000ffff00ff01020100    // raw_mem addr 000006c3;  byte addr 0000d860
fdfdfdfefd0000ff01000000010002000101020001000001020001000001fffe    // raw_mem addr 000006c4;  byte addr 0000d880
ff0000000000000002010000ff000000fdfffdfffefffefffdfefdfffcfffbfe    // raw_mem addr 000006c5;  byte addr 0000d8a0
f8fcf9fdf9fbf4faf9fdf9fdf8fcfdffff000000000000000000fe00ffff0000    // raw_mem addr 000006c6;  byte addr 0000d8c0
07030b040b060c060c06070307020502fefffeff00fffdffff00fdfefdfffefe    // raw_mem addr 000006c7;  byte addr 0000d8e0
fcfefcfef9fdf9fbfbfffcfefffefd0000fe0200ff0000ff0000010104020602    // raw_mem addr 000006c8;  byte addr 0000d900
03010301040305020402050106010704050409030a0508040a03050403020100    // raw_mem addr 000006c9;  byte addr 0000d920
f9fdf7fbf8fcf7fcf4f8f4fbf2f9f0f8f2f9f2f8f3fbf7fbf7fcfdfffffeff00    // raw_mem addr 000006ca;  byte addr 0000d940
ff00fdfeff00000000ff030104030502040203010000fefffbfcf9fdf8fcf8fb    // raw_mem addr 000006cb;  byte addr 0000d960
080307030a040803040306020000fe00010000fe000003010201020201ffff00    // raw_mem addr 000006cc;  byte addr 0000d980
03010101010000ff010305020400050306020503050205010402040104020604    // raw_mem addr 000006cd;  byte addr 0000d9a0
f7faf6fbf6f9f8fcf8fdf7fbf7fdf9fcfafcfafdfcfefdff0100020000000201    // raw_mem addr 000006ce;  byte addr 0000d9c0
000001fffdfffdfffdfffbfefcfdfcfefc00fdfefcfdfafef9fcf7f9f5fcf7fb    // raw_mem addr 000006cf;  byte addr 0000d9e0
0300040102020401050202010402060403000101020104000000000004000000    // raw_mem addr 000006d0;  byte addr 0000da00
ffff00ff00000200010103010201010004000402030105030501040005020201    // raw_mem addr 000006d1;  byte addr 0000da20
05010201040202010000030000010000fffffcfffdfefdfdfbfefafefcfefdff    // raw_mem addr 000006d2;  byte addr 0000da40
f6fbf5f9f7faf8fcf5fbf9fcf8fcf8fcfbfcf7fcfbfefffeff00010001000201    // raw_mem addr 000006d3;  byte addr 0000da60
0b0408030804070206020402050107020301040105020101ff00fdfffbfdf6fb    // raw_mem addr 000006d4;  byte addr 0000da80
f6fbf8fef9fcf9fbfcfffdfdfbfdfafdfbfdfcfffdff00ff0302080309040906    // raw_mem addr 000006d5;  byte addr 0000daa0
0402050204010501020206020702020303000000fdfefcfdf9fdf7fbf6fcf8fb    // raw_mem addr 000006d6;  byte addr 0000dac0
00ff000001000100000002010201010005030400010005020301030306020201    // raw_mem addr 000006d7;  byte addr 0000dae0
ff00fe00fffd0000fefffffffe00fdfefefffcfdfdfffffffdfffdff00000000    // raw_mem addr 000006d8;  byte addr 0000db00
fefffcfdfafefefefcfefcfffefefe0000000000ff00000000ffffffff00fffe    // raw_mem addr 000006d9;  byte addr 0000db20
fd00ff00fdfeff000000fdfffefffbfdfafcfbfdf7fcfafcfbfefbfefefffc00    // raw_mem addr 000006da;  byte addr 0000db40
0b050c050a05090408040a04090407040b050a04060408030502000100fffefe    // raw_mem addr 000006db;  byte addr 0000db60
f9fdf8fbf7fcf9fdfcfefdfe0000010002000302030106020501060309050a04    // raw_mem addr 000006dc;  byte addr 0000db80
fdfefbfefcfffcfefafdf8fdf8fbf7fbf4fcf6faf7faf7fcf9fcf9fcfafdf9fd    // raw_mem addr 000006dd;  byte addr 0000dba0
fbfd000000fffbfe00000000fdffffff0000000000000000fe00fefffcfffdff    // raw_mem addr 000006de;  byte addr 0000dbc0
05020603070302000502050305010602030205030402ffff0000fd00fdfefffe    // raw_mem addr 000006df;  byte addr 0000dbe0
0000010004020400040105030401040204030502080307030a050a040a030c05    // raw_mem addr 000006e0;  byte addr 0000dc00
f4fbf7fcf7faf6fcf9fbf6fbf4faf5faf2f9f5faf7fcf5fbfdfffefffefe0201    // raw_mem addr 000006e1;  byte addr 0000dc20
05030401010000010000fffffeff0000fe00fffefcfef8fdfcfdf5faf4faf7fa    // raw_mem addr 000006e2;  byte addr 0000dc40
000000fffe000100010002020701060306040702060306030601050407040702    // raw_mem addr 000006e3;  byte addr 0000dc60
03000502030001000000fffffefefcfffefffefefe000000000000010000ff00    // raw_mem addr 000006e4;  byte addr 0000dc80
fafcfafcfcfe0201fffe0001040101ff01010402010001000101000004020301    // raw_mem addr 000006e5;  byte addr 0000dca0
03000000ffffff00fdfefcfefbfdf9fcfafdf8fbf6fbf6fcf3f9f5f9f6fbf5fa    // raw_mem addr 000006e6;  byte addr 0000dcc0
0301030102030401040205020501060408030804090408040805080306030401    // raw_mem addr 000006e7;  byte addr 0000dce0
fcfffdfefefefcfffafcfafdf8fcf6faf7fcf8fcfbfcfefffe00000003000001    // raw_mem addr 000006e8;  byte addr 0000dd00
010001000000ffff0100000000000301000000fffefffcfefbfefafefbfefcfe    // raw_mem addr 000006e9;  byte addr 0000dd20
fefefeff01000200020306000401050405010402070204010402050203010402    // raw_mem addr 000006ea;  byte addr 0000dd40
030103010000feff0000fcfefdff00fffcfeff00fffffcfe0000fefefdfeff00    // raw_mem addr 000006eb;  byte addr 0000dd60
f8fcfdfdfcfefffdff00fffffffffe00fffefdfffe0000fe0100020103010503    // raw_mem addr 000006ec;  byte addr 0000dd80
0000010000fffefffefffcfefafdf9fdf8fbf8fbf5fbf6fbf7fcf4fbf8fbf7fc    // raw_mem addr 000006ed;  byte addr 0000dda0
0b0507040a040b0408040b050a050c070e0609040a050a040301040203010000    // raw_mem addr 000006ee;  byte addr 0000ddc0
fcfef9fefcfcfafdfafdfdfefafefefdfffffdff000003010301050306020703    // raw_mem addr 000006ef;  byte addr 0000dde0
fcfdfbfe0000fefffdffff00fcfefbfefafdfafdfafcfafefbfefcfcfbfefdfe    // raw_mem addr 000006f0;  byte addr 0000de00
fefffeff00fffefffeffff00000000fffdfffefffffefcfef9fefbfcf9fcfbff    // raw_mem addr 000006f1;  byte addr 0000de20
040105020301010104010100030204020401050304010501030200000000ff00    // raw_mem addr 000006f2;  byte addr 0000de40
fefe000000000201070305020603070206030302030104020401050107030803    // raw_mem addr 000006f3;  byte addr 0000de60
f8fcfafcf8fcf9fcf9fcf7fbf5fbf6fbf6fbf5fbf7fbfafdfcfefcfefcfffe00    // raw_mem addr 000006f4;  byte addr 0000de80
070405010300020201ff0202030103000404050202010000fefefafdf9fcf7fc    // raw_mem addr 000006f5;  byte addr 0000dea0
0100fffdfe000000fdfcfe00fe00fdfefdfffcfe00fffeffff00040104010502    // raw_mem addr 000006f6;  byte addr 0000dec0
00ff000003000300020104000000000102000000020204020401040202000000    // raw_mem addr 000006f7;  byte addr 0000dee0
fefffafdfcfefafdfafdfcfefafcfe00ff00fefe0000fd00fbfefefefbfffdff    // raw_mem addr 000006f8;  byte addr 0000df00
01000201040100000201050202010602050203020502030100000100fe00ffff    // raw_mem addr 000006f9;  byte addr 0000df20
fcfe0000fffffdff0000fdfefcfe00fffdfefdfe0000ffff0000000000010300    // raw_mem addr 000006fa;  byte addr 0000df40
f7fafcffff00fdfd01010200ffff0000ff00fffffffffdff0000fefffe000000    // raw_mem addr 000006fb;  byte addr 0000df60
07030903020100000000fbfefdfefdfefbfdfdfefbfefafcf9fdf6fbf9fbf9fe    // raw_mem addr 000006fc;  byte addr 0000df80
fcfefffefd000301060104020804070406010703050208030d060a050c050d07    // raw_mem addr 000006fd;  byte addr 0000dfa0
ff000300ff00fdff0100fe00fefefefffdfffefffdfffefffefffcfefdfefbfe    // raw_mem addr 000006fe;  byte addr 0000dfc0
f7faf7fbf4faf7fbf5fcf5f8fafdf9fefbfdfdffffff00000000000003000201    // raw_mem addr 000006ff;  byte addr 0000dfe0
060307030804060305030703030100010000fffffafffbfcf8fcf7fcf9fbf5fb    // raw_mem addr 00000700;  byte addr 0000e000
0200010000000200020003010401040106010503060207030603070307030502    // raw_mem addr 00000701;  byte addr 0000e020
ff0000000200000001000100ff00000000ff0000010002000100020003010101    // raw_mem addr 00000702;  byte addr 0000e040
fcfffbfefafdf8fcf8fcf9fbf9fcf8fcfafbf9fdf9fcf9fbf9fdfbfdfbfcfefe    // raw_mem addr 00000703;  byte addr 0000e060
02000100020203010201030100000000fefefdfefdfffafdfefffefffcffffff    // raw_mem addr 00000704;  byte addr 0000e080
020004000201000001000000ff00000001000502040204010803030204000502    // raw_mem addr 00000705;  byte addr 0000e0a0
00ff000000000000ff00ff000200020001020501010102010300000104020301    // raw_mem addr 00000706;  byte addr 0000e0c0
fcfdfcfffcfffafcf9fdfafdf9fdf9fbf9fbfafff8fcfcfdfe00fcfd00000001    // raw_mem addr 00000707;  byte addr 0000e0e0
fcfefeff00ff0402060306020804040105020603000004020100fffe0101fc00    // raw_mem addr 00000708;  byte addr 0000e100
06020302020003020100ffff0000fcfcfbfdfb00f9fbfafdf7fcf8fcf8fdf8fc    // raw_mem addr 00000709;  byte addr 0000e120
fdfffd00fbfcfcfffefefefe0001020004020502060209050703090207040503    // raw_mem addr 0000070a;  byte addr 0000e140
0905070309030804050302010000fcfefafdf5faf2f9f6f9f3faf6fbfafcf9fd    // raw_mem addr 0000070b;  byte addr 0000e160
f8fcf7fbf9fefafdfdfefeffffff010003000402060307030704090409040904    // raw_mem addr 0000070c;  byte addr 0000e180
0100000000fefe00fe00fefeff000000000002000201ff00fdfdfcfef7fbf7fc    // raw_mem addr 0000070d;  byte addr 0000e1a0
fcfffdfdfcfdfbfefefffdfefe000000ffff0001000001ff0101000000000201    // raw_mem addr 0000070e;  byte addr 0000e1c0
fdff0200020104030603040206020100feffff00fcfdfafcfcfffcfffdfdfeff    // raw_mem addr 0000070f;  byte addr 0000e1e0
ffff010101000301040204020703050203010501020100000000fe00fefefeff    // raw_mem addr 00000710;  byte addr 0000e200
01000300ff00fffefbfffafdfcfffaffffff0000fffe01000101ffff000100ff    // raw_mem addr 00000711;  byte addr 0000e220
00ffff00f9fdfdfefbfefafcfcfffbfdfafdfcfffbfdfcfe00ffffff03000301    // raw_mem addr 00000712;  byte addr 0000e240
fefffeff0200030205000501020101000000000000ff0000000001000101fd00    // raw_mem addr 00000713;  byte addr 0000e260
0000fefffdfefbfef9fdf9fdfcfdfefe00000401030102010000fefffcfffdfe    // raw_mem addr 00000714;  byte addr 0000e280
0000fcfeff00ff0000000400040309040a050704080308040301040002010000    // raw_mem addr 00000715;  byte addr 0000e2a0
ff000000010102000100ff00fbfcf8fdf7fbf1f7f6fcf7faf6fbfdfffbfdfe00    // raw_mem addr 00000716;  byte addr 0000e2c0
f9fdfcfefdfeff00010001000300040305030803070407030903030302000101    // raw_mem addr 00000717;  byte addr 0000e2e0
06030803040201000000ff00fefefefffdfffcfdfbfffafcf8fcf7fdf8faf8fc    // raw_mem addr 00000718;  byte addr 0000e300
f9fcfbfefcfef9fdfefefd00fffe0000fb0000fe0001fe000400040307040a04    // raw_mem addr 00000719;  byte addr 0000e320
01000301020103010503020002000000fdfefffffffffeff00fffffefefffffe    // raw_mem addr 0000071a;  byte addr 0000e340
00000200fefefdfefbfef9fcfbfcf9fdffff0100000006020502020003010101    // raw_mem addr 0000071b;  byte addr 0000e360
fefdff00fcfefdfcff00ff000201030203010702030100000000000000000000    // raw_mem addr 0000071c;  byte addr 0000e380
fbfefcfefdff00ff000001000200ff00fffffffffafdfbfffbfffcfdff00fd00    // raw_mem addr 0000071d;  byte addr 0000e3a0
01000401040104020602020102010100ff0000ffffffff00fffffcfefcfefbfd    // raw_mem addr 0000071e;  byte addr 0000e3c0
020104020000feffff00fefffdfefdff00000200000001000301000000000100    // raw_mem addr 0000071f;  byte addr 0000e3e0
05020301050207040603040205010200fffffdfefafefcfdfcfffdff01ff0101    // raw_mem addr 00000720;  byte addr 0000e400
f7fcf6fbf2f8f8fdf9fbf8fdf9fef8fafbfff9fcfbfc000000ff020002010401    // raw_mem addr 00000721;  byte addr 0000e420
02010301040102000100020202000201050204000402040200fffdfffbfef6f9    // raw_mem addr 00000722;  byte addr 0000e440
0200000100ff0101fe0000fe0001fdff01ff0000ffff010000ff000002010301    // raw_mem addr 00000723;  byte addr 0000e460
fcfffbfdfdff00ff00000201040104010401010101000200fd0000ff0100fe00    // raw_mem addr 00000724;  byte addr 0000e480
000001000200030203010300010100ffffffff00fffeff00ff00fefefcfefdfe    // raw_mem addr 00000725;  byte addr 0000e4a0
fc00fcfdfafdfbfff7fbf7fdfbfdf8fbfbfe0000fdff0000fffffdfeff00feff    // raw_mem addr 00000726;  byte addr 0000e4c0
05040501070205030503050305010803040303010201000000fffe00fefefdfd    // raw_mem addr 00000727;  byte addr 0000e4e0
fcfffbfefbfdfdfdfdfffb00fdfcfcfdfd00fefefdfe000002ff030205020602    // raw_mem addr 00000728;  byte addr 0000e500
0100ff0001000000ff000000ffff000000ff0000000000ff0000fefffcfefcfe    // raw_mem addr 00000729;  byte addr 0000e520
ffff00fffe00fefffefe0000fe00000002000201050203000201020100ff0100    // raw_mem addr 0000072a;  byte addr 0000e540
000000000000fcfffdfdfd00fbfffefdfb00fdfdfdfefcfffffffefffffffeff    // raw_mem addr 0000072b;  byte addr 0000e560
fbfdfefe00000000050106010502060405010202030203000301030001010201    // raw_mem addr 0000072c;  byte addr 0000e580
00fffd0000fffefffeff0000fdfffdffff00fcfefdfefe00fdfdfbfcfbfffcfd    // raw_mem addr 0000072d;  byte addr 0000e5a0
04020404020000000000fdfefdffff0000ff000002000000000001fffe000000    // raw_mem addr 0000072e;  byte addr 0000e5c0
fefffbfefdff0301010003020703030103010301010001000100030005030501    // raw_mem addr 0000072f;  byte addr 0000e5e0
0102000000fffd00fbfcfbfdfafdf7fbfbfdfbfefafcfdfffbfefcfdfafdf8fb    // raw_mem addr 00000730;  byte addr 0000e600
fafefcfdfe00fcffffff00000000020004010602060207030603060407020301    // raw_mem addr 00000731;  byte addr 0000e620
0502010000000202ffff00ff0000fdfefcfefbfdfafefafcf9fcf8fef9fbfcfe    // raw_mem addr 00000732;  byte addr 0000e640
010000000100000000000300000200ff0300000201ff03010103050103010100    // raw_mem addr 00000733;  byte addr 0000e660
fdfdfcfffefffdfffe0002ff0000000001ff0000000000000000000002000000    // raw_mem addr 00000734;  byte addr 0000e680
0402050100010000fefffbfdfcfdfafcfbfdfcfffbfdfefffdfffcfdfdfffdfe    // raw_mem addr 00000735;  byte addr 0000e6a0
fdfefc00fefdfe00fe0000ff0001020001010200020001020401030106020503    // raw_mem addr 00000736;  byte addr 0000e6c0
fd0000ff01000002020000fffe00fefffefdfcfffcfefefefcfffffefffffcfe    // raw_mem addr 00000737;  byte addr 0000e6e0
05010705060304020402010001010300010002010301020102010000ffff0000    // raw_mem addr 00000738;  byte addr 0000e700
fbfefbfdfbfdfafefafdfbfdfefffdfefdfefe00fffe00ff0001010002020402    // raw_mem addr 00000739;  byte addr 0000e720
050202020402060201020400010000000000fcfefefefefffbfdfe00fefffcfd    // raw_mem addr 0000073a;  byte addr 0000e740
f8fcfbfffcfdf7fcf8fcf9fcf8fcfbfdfafefcfcfe0000000300030304010602    // raw_mem addr 0000073b;  byte addr 0000e760
01010200030103010400040202010302010002010001fefe0000fdfffdfefdfe    // raw_mem addr 0000073c;  byte addr 0000e780
02010101030000ff010103030100030305010300010201000000000000ff0000    // raw_mem addr 0000073d;  byte addr 0000e7a0
fd00fdfefefdfe00fffffefefcfefcfefafcfbfefd00fdfe0000020001000501    // raw_mem addr 0000073e;  byte addr 0000e7c0
00000301020207010503040205010001fffffdfefafefafdfbfdfafdfafdfcfc    // raw_mem addr 0000073f;  byte addr 0000e7e0
ff00fcfefcfffafdfbfcfbfffcfdfffe00010100020000010000ff000000fe00    // raw_mem addr 00000740;  byte addr 0000e800
0402050205010300030103010000ff000100ffffff00010000ff0100000000ff    // raw_mem addr 00000741;  byte addr 0000e820
f8fdf9fefcfffeff000101000202020103000203000002000301020005020502    // raw_mem addr 00000742;  byte addr 0000e840
00ff00000000feff00fffefffefffdfffbfdfcfefafdfcfdf9fcf7fcfafcf8fc    // raw_mem addr 00000743;  byte addr 0000e860
000001000000ff00010000000100030204010703070205030502040000010000    // raw_mem addr 00000744;  byte addr 0000e880
ffff00ffff00ff00fffffefffefffcfefdfffd00fefefdfefdff00ff00000000    // raw_mem addr 00000745;  byte addr 0000e8a0
00fffdfeffff0200000102000301010102000000feffff00fefffeff0000ffff    // raw_mem addr 00000746;  byte addr 0000e8c0
00ffff00fdfffdfffbfefdfffdfefcfe0000ffff0000010100000000fefffd00    // raw_mem addr 00000747;  byte addr 0000e8e0
0301050202010300020100ff0101000000ff0100000000000000000000000000    // raw_mem addr 00000748;  byte addr 0000e900
fdfdfeffff00000000ff00010300010001010300010202010301020103000402    // raw_mem addr 00000749;  byte addr 0000e920
fafffbfbfafdf8fdfafcfafdf9fcfbfdfbfef8fcfafcfafdf8fcfbfcfcfefbfd    // raw_mem addr 0000074a;  byte addr 0000e940
0300030303010300040203020301030304020602050304010300000100fffefe    // raw_mem addr 0000074b;  byte addr 0000e960
050103010502040002010101010000fefd00fffffcfdfe00ffff00ff02010000    // raw_mem addr 0000074c;  byte addr 0000e980
fdfefd00fdfdfeff000002000301030204020401010002000100020002000201    // raw_mem addr 0000074d;  byte addr 0000e9a0
fdfefefdfafefbfef9fdf6faf7fbf6fcf9fafbfdfbff00fd0000ffff00fffeff    // raw_mem addr 0000074e;  byte addr 0000e9c0
010004010301ffff01000000feffff00fdfffcfffdfefefefd00fcfdfdfefc00    // raw_mem addr 0000074f;  byte addr 0000e9e0
0000fffdff000100000102010600060406030601060405020501030204010402    // raw_mem addr 00000750;  byte addr 0000ea00
ff00000000000000ff0000000000010002010201050204030401040200000000    // raw_mem addr 00000751;  byte addr 0000ea20
fffefe00fefffffeff00fffefefffdfefafdfafefbfdf8fcfafcfbfdfbfeffff    // raw_mem addr 00000752;  byte addr 0000ea40
fcfdfcfffdfefcffff0000ffff010100000000000200ff00ffff00fffffefe00    // raw_mem addr 00000753;  byte addr 0000ea60
08050a050a040905050105030303ffff0000fffffcfdff00fefefcfefdfffcfe    // raw_mem addr 00000754;  byte addr 0000ea80
fcfdf9fcf7fdfcfdfefffdfffffe0000000100ff010003010400050207040903    // raw_mem addr 00000755;  byte addr 0000eaa0
020101ff01000001feffff00fefffe00000000fe0001ff00fffefefffafcf9fd    // raw_mem addr 00000756;  byte addr 0000eac0
ff00000000000000020001020000010000000000000000000100000002000300    // raw_mem addr 00000757;  byte addr 0000eae0
00feff00fe00fefdfefffbfefcfefefffcfdfdfffffffcfefcfefefffdfffefe    // raw_mem addr 00000758;  byte addr 0000eb00
000000ffff000000000001000301010103010201030102010101020000000100    // raw_mem addr 00000759;  byte addr 0000eb20
02000201000000000000fffefdfffbfffbfdfbfdfafefbfefefefe00feff0000    // raw_mem addr 0000075a;  byte addr 0000eb40
02000301020100ff000002000000000103000202040107020302040003020000    // raw_mem addr 0000075b;  byte addr 0000eb60
fafdf7fbf9fdfcfefafdfcfdfeff00ff00000000010000000000020101010300    // raw_mem addr 0000075c;  byte addr 0000eb80
040002020000fffe0000fdfefdfdfcfffbfefafdfafdfbfdf8fcf9fcfafcf9fc    // raw_mem addr 0000075d;  byte addr 0000eba0
ff00000000000100020006030100020104010000020203000302060205010302    // raw_mem addr 0000075e;  byte addr 0000ebc0
0000010205010100000103000301000201000101000000000000feff00ffff00    // raw_mem addr 0000075f;  byte addr 0000ebe0
fcfffbfefdfdfdfffdfdfe00ff00010003020102030004010401020000020300    // raw_mem addr 00000760;  byte addr 0000ec00
00ff0000fefffdfffefffbfdfbfef8fcf7fcf7fbf5faf6faf4f9f8fcfafefbfc    // raw_mem addr 00000761;  byte addr 0000ec20
0201040106020603060205010200030102000100010100000302020000000101    // raw_mem addr 00000762;  byte addr 0000ec40
010100ff00010101000001000200040005020402060203020100000000000100    // raw_mem addr 00000763;  byte addr 0000ec60
fbfefdfffefefb00fcfefcfdfbfffcfefbfefe00fefffefe0100000001000202    // raw_mem addr 00000764;  byte addr 0000ec80
fffefcfefbfefcfdfcfefffffdfffeffff00fcfefdfdfdfffdfefefefdfffdfd    // raw_mem addr 00000765;  byte addr 0000eca0
0200000100fe01000000fffe000000000000030204020201030103010000feff    // raw_mem addr 00000766;  byte addr 0000ecc0
0201020005020501040206010402030305000202020102010101020000020000    // raw_mem addr 00000767;  byte addr 0000ece0
fbfdf8fbfbfef9fef8fcfdfdf9fdfafefefefcfffdfefefd0000fffffffe0201    // raw_mem addr 00000768;  byte addr 0000ed00
04020402000002010000ff0000fffdfefdfffdfefdfdfcfdfbfdfbfef9fdfbfe    // raw_mem addr 00000769;  byte addr 0000ed20
fdfffaff00fe000100ff01000002030002000101040002020401050204030300    // raw_mem addr 0000076a;  byte addr 0000ed40
00010200020002030401050202010702050201000602020000000000fe00fffe    // raw_mem addr 0000076b;  byte addr 0000ed60
fbfcfafdfafef9fcf9fdf8fdf8fbf8fbf7fbfafefefffefeff00000102000100    // raw_mem addr 0000076c;  byte addr 0000ed80
0202010002000200ff00000102000000ff00fefffe00fafdfbfffbfdf8fcfbfe    // raw_mem addr 0000076d;  byte addr 0000eda0
020101ff02010301010003010302030103010302040002030302040103010300    // raw_mem addr 0000076e;  byte addr 0000edc0
0000030002010301040201010000fe00fffefefffe0000ffff00010103ff0101    // raw_mem addr 0000076f;  byte addr 0000ede0
f8fcf8fbf7fbf3faf5faf6fbfafdfefe00000301030004020300000001000000    // raw_mem addr 00000770;  byte addr 0000ee00
0100010202ff020203020000ff0000fefbfdfafef9fcf6fbfafdf9fcf9fdfbfe    // raw_mem addr 00000771;  byte addr 0000ee20
02010301020001000301040105020703080205020704060101000201000000ff    // raw_mem addr 00000772;  byte addr 0000ee40
0201040104020301020000000000fdfefcfefcfef9fdfcfefeff000000000100    // raw_mem addr 00000773;  byte addr 0000ee60
f8fbf7faf6fcf9fbfcfefdff0000010001000101020002000000000005020402    // raw_mem addr 00000774;  byte addr 0000ee80
00ff010101000000fe00fcfdfbfffbfefcfdfcfffeff00000000fdfffbfdf9fc    // raw_mem addr 00000775;  byte addr 0000eea0
fffe000102000401040404010603040101ff03020000fffeff00ff0000000000    // raw_mem addr 00000776;  byte addr 0000eec0
010000000000fefffefffdfefcfeffffff0000ff01000000020100ff00000001    // raw_mem addr 00000777;  byte addr 0000eee0
fbfdfdfe000002010402060105040402020000010000fefffe00000000000100    // raw_mem addr 00000778;  byte addr 0000ef00
030104000301ff00fffefffffcfffbfdfdfdfe00fdff0000ff00fdfefdfdfafe    // raw_mem addr 00000779;  byte addr 0000ef20
fefffffefe00ff0000fffe00fefefefffefffefefc0000ff0000000104000300    // raw_mem addr 0000077a;  byte addr 0000ef40
0000fefeff00fefefffeff0000000201020200000000fe00fdfffdfefbfefcfe    // raw_mem addr 0000077b;  byte addr 0000ef60
000002020200010002000100ff00ffffff00fefe000001010200020102010401    // raw_mem addr 0000077c;  byte addr 0000ef80
0302010102ff0101000000000002020000ff0000000000fffefffdffffff0000    // raw_mem addr 0000077d;  byte addr 0000efa0
fefefffffefefefffcfffdfd00fffcfefdff00fffdfefe000100010000000200    // raw_mem addr 0000077e;  byte addr 0000efc0
fcfdfcfefbfefdfdff0000000000ff000000fffefcff00fffdfefcfe0000ffff    // raw_mem addr 0000077f;  byte addr 0000efe0
040105020605050104020202030004010000000001010000010000fffffffe00    // raw_mem addr 00000780;  byte addr 0000f000
0101fe000100010001000000ff00fffefefffcfefcfdfbfefb00ff0001000301    // raw_mem addr 00000781;  byte addr 0000f020
ff00fd00fefefefffbfdfdfdff00fe0000000302040101000302040100000100    // raw_mem addr 00000782;  byte addr 0000f040
fcff0000fefffeff00ffff00fbfefbfefafdf8fcf7fcfafcfcfefcfdfefe00ff    // raw_mem addr 00000783;  byte addr 0000f060
030000010101010102000401020107020904060408030503020101000000fcfd    // raw_mem addr 00000784;  byte addr 0000f080
fcfdfffffdfefcfefdfffdfdfdfffcfffffeff00000003000002020002010201    // raw_mem addr 00000785;  byte addr 0000f0a0
000101ff000000000100010102000400020101000200fefffc00fefefcfefbff    // raw_mem addr 00000786;  byte addr 0000f0c0
fdfdfbfffefefcfdf9fefcfdfbfdf7fcfafcfbfdf9fdfbfe00ffff0000ff0201    // raw_mem addr 00000787;  byte addr 0000f0e0
0503050205020804070307040b0506020402040000000000fffffdfefd00ff00    // raw_mem addr 00000788;  byte addr 0000f100
fcfdfd00f9fcf9fcf7fdf6fbf8fafdfe0000020007040a040d060b0609030804    // raw_mem addr 00000789;  byte addr 0000f120
00fffbfdfd000100feff000001fffefffdfffafcf5fcf6faf5fbf7fcf9fcf9fd    // raw_mem addr 0000078a;  byte addr 0000f140
ff0000ff00fffffffe0000ff0100000102000603040203000403040100ff0000    // raw_mem addr 0000078b;  byte addr 0000f160
0401030102020402030000000300ffffffff00fffafffffefffffcff01ff0000    // raw_mem addr 0000078c;  byte addr 0000f180
fbfffcfefeff010103000502070409050a040903080407030502040104020401    // raw_mem addr 0000078d;  byte addr 0000f1a0
fbfefdfefcfffafcf7fbf6fcf2f8eff8f1f8f2f8f4faf6fbf8fcf9fdfbfdfafd    // raw_mem addr 0000078e;  byte addr 0000f1c0
030201000101060203010303070405030502030102000200fffefbfefd00fcfe    // raw_mem addr 0000078f;  byte addr 0000f1e0
0301050103010202020100ff010100000000020101ff02000200020102000200    // raw_mem addr 00000790;  byte addr 0000f200
fdfdfbfdfbfdfeff000000ff0200030203000400040203000301010104000402    // raw_mem addr 00000791;  byte addr 0000f220
fafefafdfdfefcfff8fcf9fdfbfff8faf8fdfbfefafbfafefbfefdfdfcfefbfe    // raw_mem addr 00000792;  byte addr 0000f240
000003010000000003010000fe0000000000fdfefdff000000fffbfefefffeff    // raw_mem addr 00000793;  byte addr 0000f260
040104030501040005020502050208030603050305010301ff0000000100fefe    // raw_mem addr 00000794;  byte addr 0000f280
fefffdff00ff0000feff00ffff00000000000000050103030401070207040602    // raw_mem addr 00000795;  byte addr 0000f2a0
fafef8fcf8faf9fdfafdf8fbfcfefafef9fcfcfef9fef9fcfafdf9fdfafdfdfe    // raw_mem addr 00000796;  byte addr 0000f2c0
000000000300010003000201010102000000fefffffffe00fdfdfdfffdfefdfc    // raw_mem addr 00000797;  byte addr 0000f2e0
0301040103020400040304010200030105020101040104020101040000000100    // raw_mem addr 00000798;  byte addr 0000f300
fffefffffd00ffffffff000000000000ffffffff0000ff000000010100000101    // raw_mem addr 00000799;  byte addr 0000f320
feffff00ff0000000000fe0000000100000001000001010001000000fffefd00    // raw_mem addr 0000079a;  byte addr 0000f340
040300fffefffffffafdf8fdf9fcf7fdf6fbf5faf6fbf3f9f5fbf9fcf7fbfafd    // raw_mem addr 0000079b;  byte addr 0000f360
0400050307030a040a050b050b060a050b030803070308040602070306020402    // raw_mem addr 0000079c;  byte addr 0000f380
fdfefcfef9fdf7fbf9fdfafcf7fcf9fefbfdf9fcfafdfbfdfafdfefeff000000    // raw_mem addr 0000079d;  byte addr 0000f3a0
040106030502060305020602060405020302030105010402010004010301feff    // raw_mem addr 0000079e;  byte addr 0000f3c0
fafdfbfcf8fbf9fef9fbf5faf3faf2f8f2f9f3f9f3faf9fcfcfefe0002000201    // raw_mem addr 0000079f;  byte addr 0000f3e0
09030604080309030504070209030603070206030503030200ffff00fd00f9fc    // raw_mem addr 000007a0;  byte addr 0000f400
fcfffdfefcfeff00fdfefbfffcfefbfcfbfdfefeff0000000301050204010704    // raw_mem addr 000007a1;  byte addr 0000f420
070307030605030102000303010000ff0301010000010000fdfefd00fcfcf8fb    // raw_mem addr 000007a2;  byte addr 0000f440
f7faf6fbf5fbf7faf7fcf4fbf7fafbfdfafefcfe010001000102070207020504    // raw_mem addr 000007a3;  byte addr 0000f460
0101020100ff03000303030107020503030103000000fefffbfdf9fdf8fcf8fc    // raw_mem addr 000007a4;  byte addr 0000f480
0000ff0000fefefefdfffdfffdfefdff01010100000002000503000103000202    // raw_mem addr 000007a5;  byte addr 0000f4a0
ff000100010002010501020003020101ff00000100fe00000001000002000200    // raw_mem addr 000007a6;  byte addr 0000f4c0
fafefbfcfafcfcfdfefffe0000ff020003020403010101000201000000000100    // raw_mem addr 000007a7;  byte addr 0000f4e0
0502010002020000fefefe00fbfdf9fcf8fdf5faf9fcf8fdf8fbfbfdfbfdfafd    // raw_mem addr 000007a8;  byte addr 0000f500
fbfffefdfbfe0000010001010704050005020804060203020502060302010401    // raw_mem addr 000007a9;  byte addr 0000f520
03000200020100fffefffe00fdfefeff0000ffff00000100fefefd00fefefafc    // raw_mem addr 000007aa;  byte addr 0000f540
fafcfbfdfafdfefe020000010301030002020401030002010402040204010502    // raw_mem addr 000007ab;  byte addr 0000f560
0200000000ff0000fdfefafcfafdfafcf7fbf7fbf9fcf8fcf9fcf9fcf7fcf9fd    // raw_mem addr 000007ac;  byte addr 0000f580
0101040205020401040205030300020205020402030202000302040100ff0100    // raw_mem addr 000007ad;  byte addr 0000f5a0
fbfdfbfdfbfefdfffffeff00020002010100000000000000fe00fffe01ff0101    // raw_mem addr 000007ae;  byte addr 0000f5c0
020107030302020104000000ff00fefffefe00ff0100000000000000fffffdfd    // raw_mem addr 000007af;  byte addr 0000f5e0
fafdfafcfbfefbfefcfdfbfdfcfdfbfefbfdfafefbfffdfefcfefeff00000100    // raw_mem addr 000007b0;  byte addr 0000f600
0401030206020300030205020300030205000301020002000100fefffafefcff    // raw_mem addr 000007b1;  byte addr 0000f620
000102000301000000000000ffffff0000000000000002010200020002010401    // raw_mem addr 000007b2;  byte addr 0000f640
fbfffefefe00fdfffefefd00fefffdfdfdfffefffcfefcfdfefeff0000ff0100    // raw_mem addr 000007b3;  byte addr 0000f660
000000fe00000000fefefeff0100000000000402020102000300fe0000ff0000    // raw_mem addr 000007b4;  byte addr 0000f680
02000000000001000203030000000101fffdf9fdf9fef8fbf8fcfafdfdfdff00    // raw_mem addr 000007b5;  byte addr 0000f6a0
fefefefffefefcfffe00fffefe00000000ff0502050205010804050306020301    // raw_mem addr 000007b6;  byte addr 0000f6c0
05000101000000fffe00fdfffefdfdfefdff00fffd00ff000100fe000000ffff    // raw_mem addr 000007b7;  byte addr 0000f6e0
fafefafcfcfefefffefe00000000000000000000010003000301040105030402    // raw_mem addr 000007b8;  byte addr 0000f700
01ff01010001000000000000fefefcfeff00fdfefafcfefffffefbfefbfdfbfc    // raw_mem addr 000007b9;  byte addr 0000f720
fdfefcfefcfefffffeff0000030102010301020103020301010000ff00000000    // raw_mem addr 000007ba;  byte addr 0000f740
0300030204010502030102000000ff0000fffeffff00fffffdffff00fefefafe    // raw_mem addr 000007bb;  byte addr 0000f760
fd000000ffff0000000000ff0401030201000201040002010100010002020400    // raw_mem addr 000007bc;  byte addr 0000f780
fffffefefafefbfefdfdf9fdfafdfdfefe00fefefdfdff00fffffdfeff00ff00    // raw_mem addr 000007bd;  byte addr 0000f7a0
0000010000000000ff00ffff0000fdff00fe00ff0000fffffe00ff0000ffff00    // raw_mem addr 000007be;  byte addr 0000f7c0
030001020201040003030401030102010000ff00fd00fbfefdfefdfffeff00fe    // raw_mem addr 000007bf;  byte addr 0000f7e0
ffff0302030001000301010000000000ff000100020104020502040105010402    // raw_mem addr 000007c0;  byte addr 0000f800
fcfdfcfefdfeffff000000000201010000ff0000fefefcfefcfffdfdfe00ffff    // raw_mem addr 000007c1;  byte addr 0000f820
ff00ff00fcfff9fcfbfefafdf7fdfbfefbfdf9fefcfdfbfefafefcfcfbfffcfd    // raw_mem addr 000007c2;  byte addr 0000f840
0100020101010100020100000000010202000302030105000503040104010101    // raw_mem addr 000007c3;  byte addr 0000f860
0502050203010301040205010201030102010202020000000100000000000201    // raw_mem addr 000007c4;  byte addr 0000f880
f9fdfafdfcfefbfefafdfafcfbfefcfefdfe00ff000000000100030103010201    // raw_mem addr 000007c5;  byte addr 0000f8a0
fdfeff00fefefcfefffffefffdfefdfefdfffd00fdfefdfefbfefafdfcfdfcff    // raw_mem addr 000007c6;  byte addr 0000f8c0
020003000100010002010000010002000000010000ff00000000fefffe00fefe    // raw_mem addr 000007c7;  byte addr 0000f8e0
0200000003010200010104000201030305000402050204000302030103000001    // raw_mem addr 000007c8;  byte addr 0000f900
fcfefdfffcfefdfd0000fe00000001000000010000ff0000ffff00ff00000000    // raw_mem addr 000007c9;  byte addr 0000f920
fffefcfdf9fffbfdfbfdfafffdfefefefcfdfeffff00fbfdfbfdfefefcfefbfd    // raw_mem addr 000007ca;  byte addr 0000f940
050306010702030303000101000000fffefffe00fdfefffe0000fffffefefe00    // raw_mem addr 000007cb;  byte addr 0000f960
0201010101000301040206030401020104020300010001010100030103010501    // raw_mem addr 000007cc;  byte addr 0000f980
fbfdfdfefdfffcfdfdfefcfefcfdfdfffefefcfeffff0000000000000000ffff    // raw_mem addr 000007cd;  byte addr 0000f9a0
fe00fffe01010100010002010100000000000000fdfefdfefdfffcfefdfefcfe    // raw_mem addr 000007ce;  byte addr 0000f9c0
020001010100fdfefcfffefefbfffbfcfefffbfefcfdfc00fbfdfbfffbfdfefd    // raw_mem addr 000007cf;  byte addr 0000f9e0
0100020102000201040101010201050204030702090509050802070307030502    // raw_mem addr 000007d0;  byte addr 0000fa00
fffffefffd00fefdfefffe00fefefe00fdfdfbfefcfffdfefefefefe00000200    // raw_mem addr 000007d1;  byte addr 0000fa20
ff00ff00fcfefdfefffefafdfcfefefefbfffefe0000fcffffff0000fefefeff    // raw_mem addr 000007d2;  byte addr 0000fa40
fffffbfffefffd00fdfe00ff000200fe00ff010100ff00000100000000000000    // raw_mem addr 000007d3;  byte addr 0000fa60
ff0001000201010105010602050205020302030101ffff01010000fffd0000ff    // raw_mem addr 000007d4;  byte addr 0000fa80
00fe0000ff00ffff00fffefffeff000000000100030003020301020003010100    // raw_mem addr 000007d5;  byte addr 0000faa0
fefffdfffe0000000000fe00fffffffffffefcfffbfefdfdfcfffdfcfefffc00    // raw_mem addr 000007d6;  byte addr 0000fac0
fcff0000fefdfdff000000000000010002000101010001000000fffffeffffff    // raw_mem addr 000007d7;  byte addr 0000fae0
02010201000001000000fdfffe000000ff000000fffeff000100fefeff00fefe    // raw_mem addr 000007d8;  byte addr 0000fb00
03000000020004010200030204020200000002000000fe000000000001000001    // raw_mem addr 000007d9;  byte addr 0000fb20
fafdf9fdfbfefdfdfcfefdff0000000001000102020002010001020000010100    // raw_mem addr 000007da;  byte addr 0000fb40
0400020103020401020203010300000100ffff00fdfffcfdfbfefafdfafdfdfe    // raw_mem addr 000007db;  byte addr 0000fb60
fdfffbfffbfdfdfdfcfffcfefcfdfcfefbfdfafdfcfefefdff0000ff00000102    // raw_mem addr 000007dc;  byte addr 0000fb80
04010802040302010301010000000000000000000000ffff00000000fcfdfbfd    // raw_mem addr 000007dd;  byte addr 0000fba0
00ffff0000010100020103010301040204000201040306000402040307020503    // raw_mem addr 000007de;  byte addr 0000fbc0
0000ff0000ff0000fbfffdfdfbfdf9fcfcfdfafdfbfcfbfffbfdfdfdfbfffeff    // raw_mem addr 000007df;  byte addr 0000fbe0
fdfefcfefbfefefdfb00fdfefefefe00000000000000010102000200010101ff    // raw_mem addr 000007e0;  byte addr 0000fc00
03020501020001000000ffff0000fdfffcfdfcfef9fcfafcfafefafdfbfdfaff    // raw_mem addr 000007e1;  byte addr 0000fc20
0000000002010300030106020702070408030904060404020702040304010402    // raw_mem addr 000007e2;  byte addr 0000fc40
fcfefdfefdfefbfefbfcfdfefe00fefefefffefffe00fefffefeff00ffff0000    // raw_mem addr 000007e3;  byte addr 0000fc60
fcfefdfffcfefcfdfefefbfefafdfefefe00feffffff0001030000ff00000000    // raw_mem addr 000007e4;  byte addr 0000fc80
0200020102010300020101000000fe00fdfffbfffcfdfafffbfefdfdfcfdfbfd    // raw_mem addr 000007e5;  byte addr 0000fca0
0100020004020202030104010202030204020502050003010502030100000100    // raw_mem addr 000007e6;  byte addr 0000fcc0
fffffdfffdfefefefafefbfcfdfffdfffffd000000ff00ff010100ff00000203    // raw_mem addr 000007e7;  byte addr 0000fce0
fbfefafefafdfdfefdff000000000000040203020202010100fe0000000000ff    // raw_mem addr 000007e8;  byte addr 0000fd00
0603040102000100fe00fcfefcfefbfdfafcf7fcf8fbfbfdf8fcf9fdfbfefafc    // raw_mem addr 000007e9;  byte addr 0000fd20
00ff000001000400070307040704090506030702060303000402050306010503    // raw_mem addr 000007ea;  byte addr 0000fd40
fffffffffcfefafefcfef9fcfbfdfafefbfdfefefc00fdfd00ffff00fdfdff00    // raw_mem addr 000007eb;  byte addr 0000fd60
fcfe010001000000020002010201010000000000000002020201010103010100    // raw_mem addr 000007ec;  byte addr 0000fd80
fefffcfdfcfefbfefdfdfafdfbfdff00fcfdfdfefd00fbfcfbfdfbfefdfffcfd    // raw_mem addr 000007ed;  byte addr 0000fda0
0603070308030603060304010200010202ff0202050305000304030100000000    // raw_mem addr 000007ee;  byte addr 0000fdc0
f7fdf7fcfafdfafdf9fdfdff00ffffff00000000000000000000010001010401    // raw_mem addr 000007ef;  byte addr 0000fde0
0200030105020200010101000000000000000000fe00fe00fefff9fdf9fcfafd    // raw_mem addr 000007f0;  byte addr 0000fe00
00ffff00fdfefefffd00fefefefffcfefefeff00fdffff000000ff0002010502    // raw_mem addr 000007f1;  byte addr 0000fe20
01000001feffff000100ffff00000300030103010200010100ff01000000fdff    // raw_mem addr 000007f2;  byte addr 0000fe40
0000ff000202030001010001fffefffffd00ffff0000ff000201030203010300    // raw_mem addr 000007f3;  byte addr 0000fe60
00fefdfffe0100fefdff00000000ff0000fffffffdfefdfdfbfffdfffdfeff00    // raw_mem addr 000007f4;  byte addr 0000fe80
00ffff0000000000ff00fefeff00fe00ffffff00feff0000ff000000fffffe00    // raw_mem addr 000007f5;  byte addr 0000fea0
0101000000000000000001010200020104020300030203010100010001000000    // raw_mem addr 000007f6;  byte addr 0000fec0
000000000000ff00fe00fdfefdfdfcfffcfefdfffe0000ff0000020001000000    // raw_mem addr 000007f7;  byte addr 0000fee0
03010200030002010201040205020402020102000000fefefdfefd00fdfefeff    // raw_mem addr 000007f8;  byte addr 0000ff00
fafdfafcf7fcf8fbf7faf6fdf8fcf9fbfbfffbfdfdfd00010000030004020302    // raw_mem addr 000007f9;  byte addr 0000ff20
0100050105020703080407030703040203000200000000000000fc00fdfefbfe    // raw_mem addr 000007fa;  byte addr 0000ff40
fdfefcfefcfefafdf9fcf9fcf9fcfffefd0000ff010101000200010002000000    // raw_mem addr 000007fb;  byte addr 0000ff60
010101000301060206020403040203010001feffff00fefffdfefffffe00fdff    // raw_mem addr 000007fc;  byte addr 0000ff80
fcfcfbfdfafefafdfafdfdfffdfeffff01010101020103010201010100000000    // raw_mem addr 000007fd;  byte addr 0000ffa0
05020202040103010100ff00fefefcfffbfefdfdfbfffefefcfefafefdfefbff    // raw_mem addr 000007fe;  byte addr 0000ffc0
ff00ff0000fe0001fffe01000102000003010102010001000001010000000302    // raw_mem addr 000007ff;  byte addr 0000ffe0
020002000101010000fffe0000ff00ffff00000000ffff00000000ff000100fe    // raw_mem addr 00000800;  byte addr 00010000
fbfcfcfffdfe00ff000000000100000000000100ff00ff0000ff000002010201    // raw_mem addr 00000801;  byte addr 00010020
0000fffffdfffcfefffefe00ffff01000000ff00ff00fffffdfefbfefcfffafe    // raw_mem addr 00000802;  byte addr 00010040
0200010002000202000001000001ff00ff00fefffefffe00ffff000000000000    // raw_mem addr 00000803;  byte addr 00010060
fe0000000000ff00010000000000010000000200000001010400020003020301    // raw_mem addr 00000804;  byte addr 00010080
ff0001ff0201000100fffe00fe00fdfefcfefefffffefdfe0001000000ffff00    // raw_mem addr 00000805;  byte addr 000100a0
fd00fffffffefe00feff0000fdfffcfdfefefdfdfcfdfefffffffbffffff0100    // raw_mem addr 00000806;  byte addr 000100c0
01000200000100000300010000ff040102010100030102000000fe00fffffefe    // raw_mem addr 00000807;  byte addr 000100e0
0100020100000000fe00fefffffefeff00000000010101000000020100ff0000    // raw_mem addr 00000808;  byte addr 00010100
fefffbfcfcfffcfefcfefffffffe000000000000020001000101010001000101    // raw_mem addr 00000809;  byte addr 00010120
0403040000000000fffefbfffcfefdfefcfefbfefcfefefefdfffd00fcfdfeff    // raw_mem addr 0000080a;  byte addr 00010140
00ff00ff010204000201030304000001000001fffe00ffff0000000102000100    // raw_mem addr 0000080b;  byte addr 00010160
00fffefffdfffefefeff00000000010002000000000100fffffffe00fefe0000    // raw_mem addr 0000080c;  byte addr 00010180
0000fefffe00fffffefffc00fdffffff00fe000004010301020104000101ff00    // raw_mem addr 0000080d;  byte addr 000101a0
ff0000fffe00fefefe000000fefffdfefefefcfffbfdfbfdfcfefdfffcfefeff    // raw_mem addr 0000080e;  byte addr 000101c0
00ff020002010300010001020400000003010501000306020602010104000001    // raw_mem addr 0000080f;  byte addr 000101e0
fefffe000000000000000100000001010100000000000000fd00fefd0000feff    // raw_mem addr 00000810;  byte addr 00010200
ff00fdfefdfefdfefdfffeffff0000ffff000000fffffeff00fefffeff0000fe    // raw_mem addr 00000811;  byte addr 00010220
00000100010002010000ff000001fe00fe00fffffffefcfffdff0000fdfefdfe    // raw_mem addr 00000812;  byte addr 00010240
feff010100000100030203010300000004030000fe000201fefefeff00010000    // raw_mem addr 00000813;  byte addr 00010260
0200010000000000ff000000000000000200000002000101ffffff000000ffff    // raw_mem addr 00000814;  byte addr 00010280
fdfefefefbfffafdfafcfbfdfbfefafdfefdfd00fc0000ff0000000002000102    // raw_mem addr 00000815;  byte addr 000102a0
03010001020005020201020001020000fefffdfefbfdfcfffcfdfdffff00fbff    // raw_mem addr 00000816;  byte addr 000102c0
0000000102000201010000000100020000000100040203020000030003000100    // raw_mem addr 00000817;  byte addr 000102e0
fefffffffefe00000101010001000100fffffc00fdfefbfcfbfefcfefeff00ff    // raw_mem addr 00000818;  byte addr 00010300
0000fcfeffff0000fdfffefefdfffe0000ff0000020104010402030102000000    // raw_mem addr 00000819;  byte addr 00010320
000003000000fcfffdfffbfef8fcf8fdf9fcf8fcfbfefcfcfcfe0000fdfffeff    // raw_mem addr 0000081a;  byte addr 00010340
0202020000010401030104030702050307040702050305020401010002000000    // raw_mem addr 0000081b;  byte addr 00010360
0000ff0000fffffff9fdfafdfafcf9fbfafefcfcff00000100ff020102000000    // raw_mem addr 0000081c;  byte addr 00010380
fcfdfdfdfc0000ff00fe0202050105020302010002010000fefeffffffff0000    // raw_mem addr 0000081d;  byte addr 000103a0
02000001fefffcffff00fefffdff00000000000000000200fdfffcfefdfefafe    // raw_mem addr 0000081e;  byte addr 000103c0
feff000000ff010101000100030001000000ffff000000000000020101010100    // raw_mem addr 0000081f;  byte addr 000103e0
0300fe00ffff0000fdffff00000000ff000000000000ff00fefffeffff00fdfd    // raw_mem addr 00000820;  byte addr 00010400
fcfeff000000000001ff00000200010001010300020102000402040201010201    // raw_mem addr 00000821;  byte addr 00010420
feff0000ff0000ff01000000fffffe00fdfefafdf9fdf8fdf9fcf9fcf9fdfdfd    // raw_mem addr 00000822;  byte addr 00010440
0000010004010100030104020200020102000200000101000401000001000101    // raw_mem addr 00000823;  byte addr 00010460
fefffcfefcfefdfdfcfdfbfefbfefafefafefbfcfdfffcfefdff000000fe0001    // raw_mem addr 00000824;  byte addr 00010480
03020502070307040703070205030401040103020300030001000000fefffeff    // raw_mem addr 00000825;  byte addr 000104a0
fefffefefcfdf9fef8fcfafcf8fcf7fafafdfafdfafdfdfefdfefe0000000100    // raw_mem addr 00000826;  byte addr 000104c0
0302040204020300030201000200020202000200020202000100000000000000    // raw_mem addr 00000827;  byte addr 000104e0
f9fcfbfffcfcfcfefcfefdfdfe00ffffffff00000000ff000100000102000401    // raw_mem addr 00000828;  byte addr 00010500
0602030105020000030104010101030202000100fffffe00fdfffafcfc00fcfd    // raw_mem addr 00000829;  byte addr 00010520
f8fcf8fdfbfef8fcf9fcfafdf9fcfcfefbfefcfdff0000000401050304030703    // raw_mem addr 0000082a;  byte addr 00010540
040002020200050204020300030303010100ff00feff0000fcfffafdfcfefafd    // raw_mem addr 0000082b;  byte addr 00010560
fefffc00fdfdfdfffe00fefe0000000001000301020004020502050004030101    // raw_mem addr 0000082c;  byte addr 00010580
000102010000000003010100ff00fefffefffcfefdfefdfffdfffefffd00ffff    // raw_mem addr 0000082d;  byte addr 000105a0
f7fcf9fbfafdfcfefdfeffff0101010000000302040100010200020000010000    // raw_mem addr 0000082e;  byte addr 000105c0
02020601050302000200ff00fdfefdfdfbfefcfffbfefbfdfdfefafdfafcfafc    // raw_mem addr 0000082f;  byte addr 000105e0
0000010003010501050305030703080305030402040002020100000002000301    // raw_mem addr 00000830;  byte addr 00010600
0000fefffcfefbfdfcfefbfcfbfdfdfefcfefbfffeff00fefdfffefeffffff00    // raw_mem addr 00000831;  byte addr 00010620
0000010001010200010000010200ff0000000200000101000302010100000100    // raw_mem addr 00000832;  byte addr 00010640
fdfffefffbfef6fbfbfdfbfef9fbfdfefbfefafdfbfdfafdfbfdfbfcfdfe00ff    // raw_mem addr 00000833;  byte addr 00010660
0502060305020603060205020503040103000402040103010402040002010000    // raw_mem addr 00000834;  byte addr 00010680
f9fdf8fcfafefbfdfcfefdfeffffff00fefe0000010000fe0201030003020402    // raw_mem addr 00000835;  byte addr 000106a0
02000000000001000000ffff010000ffff0001000000fe00fffffefffbfdfbfc    // raw_mem addr 00000836;  byte addr 000106c0
fafdfdfffcfefafcfcfefbfefbfcfdfefefefdfeff0002000100020102010101    // raw_mem addr 00000837;  byte addr 000106e0
04010302050105010502040104020503010001000001fe00fffefcfefbfdfcfd    // raw_mem addr 00000838;  byte addr 00010700
fdff00ffff00ff0000ffff000000000000000201030103010502040103010501    // raw_mem addr 00000839;  byte addr 00010720
fe00feff00fefe00fdfffdfdfdfefe00fd00fdfdfefefdfffdfefdfffd00feff    // raw_mem addr 0000083a;  byte addr 00010740
000000ff010002000300020101000201000000000000fefe0000ff00fefe00ff    // raw_mem addr 0000083b;  byte addr 00010760
000001000000fffffffefd00fdfefcfefcfffffdfdfefcfffefffefefeff0000    // raw_mem addr 0000083c;  byte addr 00010780
0300010002010302060205020504080303010301030100000000000001000000    // raw_mem addr 0000083d;  byte addr 000107a0
fafcf9fcfbfffcfdfbfefdfffffffe00ffff0000fdff00ff0100000000000100    // raw_mem addr 0000083e;  byte addr 000107c0
080309030601040101010100ff00fcfefffffafefcfefefffafdfafdfbfefbfe    // raw_mem addr 0000083f;  byte addr 000107e0
f8fcf7faf6fcf8fdfcfcfbfefcfcffff00000100030104020502070408040703    // raw_mem addr 00000840;  byte addr 00010800
0d050a0508050702020101000000fdfefdfdfcfffcfdfbfefbfdfbfdf8fdf8fb    // raw_mem addr 00000841;  byte addr 00010820
f7fbfafefefdfe00000002ff0101000102000302030105010603090309040906    // raw_mem addr 00000842;  byte addr 00010840
05010101ff00fefefcfdfafdfafefbfdfafcf9fcf8fcf8fcf5faf4faf6fcf6fa    // raw_mem addr 00000843;  byte addr 00010860
fbfeffff000003000702050406030804070509030a0309060a030b0309060703    // raw_mem addr 00000844;  byte addr 00010880
00fefcfffdfffcfefdfdfefefb00fcfef9fcf6fcf5faf3f9f3f9f3faf4f9f7fb    // raw_mem addr 00000845;  byte addr 000108a0
0201040205010100020202000201050308010b060c060d050c06090205030101    // raw_mem addr 00000846;  byte addr 000108c0
f9fdf8fcf8fbf8fcf6fbf7fbf9fbf5fbf7fcf9fbf8fbf9fdfefe00fe00ff0201    // raw_mem addr 00000847;  byte addr 000108e0
090407030702080409050903080409040802040203020201ff00fdfffdfffbfc    // raw_mem addr 00000848;  byte addr 00010900
fcfcfafdfbfefafcf9fdfafcf7fcf7fbf8fcf7fcfbfcfe00ff00050104020503    // raw_mem addr 00000849;  byte addr 00010920
010004010502040208030701060409020501020303000000fe00fffefafdf9fd    // raw_mem addr 0000084a;  byte addr 00010940
f5fbf8fdfafbfafdfcfffdfdfcfffdfefe00000001ff02000402030202000302    // raw_mem addr 0000084b;  byte addr 00010960
09030602030106030101fdfd0000fe00fdfdfdfefcfefafdf6fbf6fbf6fbf6fa    // raw_mem addr 0000084c;  byte addr 00010980
fcfffcfffefefcfefefffefffcfeffff01000200050107050704090208040704    // raw_mem addr 0000084d;  byte addr 000109a0
0402030205010201030205010200040104010001fffffdfefafefbfdf8fdfbfe    // raw_mem addr 0000084e;  byte addr 000109c0
fdfffffefcfefcfffdfefefffffffffeff00000001ff01010101040206020501    // raw_mem addr 0000084f;  byte addr 000109e0
0101000001000200fe00fefffefff9fcf9fcf8fbf8fbf8fcf7fdfcfefcfdfafe    // raw_mem addr 00000850;  byte addr 00010a00
fcfefdfcfefffe00ffff00000001010001000403040104030602030002020401    // raw_mem addr 00000851;  byte addr 00010a20
0802060403010501040303000201020001000001000000fffffffdfffdfefd00    // raw_mem addr 00000852;  byte addr 00010a40
fdfffdfffffefcfefdfffcfffbfcfbfdfc00fdff000004010201070207030404    // raw_mem addr 00000853;  byte addr 00010a60
fbfdfcfffbfdfcfdfdfffbfffffffffefc00fefffcfdfcfffcfefcfdfcfffefe    // raw_mem addr 00000854;  byte addr 00010a80
0301000002000100ff00000000000000030002030200030001020000fe00fcff    // raw_mem addr 00000855;  byte addr 00010aa0
020100000101050103020402060102000000fe00fffffcfffdfe0000fe000100    // raw_mem addr 00000856;  byte addr 00010ac0
fefffcfffbfcfcfefcfefeff0000010004010402060206020403040102000102    // raw_mem addr 00000857;  byte addr 00010ae0
fbfefcfefffffdfefefefafefcfefdfdf9fefcfefefffe0000ff00000000fefe    // raw_mem addr 00000858;  byte addr 00010b00
0000010000000000000001000000ff000100fefffcfefafefbfdfafdf7fdfdff    // raw_mem addr 00000859;  byte addr 00010b20
000101ff02000001000000000000ff0001ff0301030304010402060305010200    // raw_mem addr 0000085a;  byte addr 00010b40
ff00000001000100020002010401030102010200000001000000000000ff0100    // raw_mem addr 0000085b;  byte addr 00010b60
fbfdfbfdfcfefefefcfffffffe00fdff00ffff00ffff0000ff0000ff0000ff00    // raw_mem addr 0000085c;  byte addr 00010b80
010000fffdfffe0000fffcfffdfefefefefffbfdf8fdfafdf6fcf9fcf9fcf7fc    // raw_mem addr 0000085d;  byte addr 00010ba0
0100020101010200030104010502050303010402060303010300040200010100    // raw_mem addr 0000085e;  byte addr 00010bc0
ff00ffff00000000ffff0000000000ff000000ff000000000000000002000102    // raw_mem addr 0000085f;  byte addr 00010be0
ff010200000000000300000000ff000002000100000003000201000001000000    // raw_mem addr 00000860;  byte addr 00010c00
fcfff9fcfbfdfbfff9fcf9fdfafcf8fbf6fbf8fbf9fcf9fcf9fcfdfffffffefe    // raw_mem addr 00000861;  byte addr 00010c20
050204040603050205020603040302000501020201000100ff00fffffdfefdfd    // raw_mem addr 00000862;  byte addr 00010c40
fdfffdfffcfffeff000000010200040103010201030101010100040002020301    // raw_mem addr 00000863;  byte addr 00010c60
06030501050306030402020102000100000000fefe00fdfffcfcfdfffdfefcfd    // raw_mem addr 00000864;  byte addr 00010c80
f4faf5faf6fbf6fbf8fbf9fdf9fcfbfdfafefafefe00fdfefeff030203000401    // raw_mem addr 00000865;  byte addr 00010ca0
0704090308050300030001010200ff0000ff00fffcfffdfefafef8fcf8fcf6fc    // raw_mem addr 00000866;  byte addr 00010cc0
fdfeff000000000002000000000000ffff00ff0000ff02010302050206030906    // raw_mem addr 00000867;  byte addr 00010ce0
0704050002010201010100000101010000ff000100ffffffff00fbfcfcfeffff    // raw_mem addr 00000868;  byte addr 00010d00
f4faf6faf7fbf8fbfafdfafcfcfe00fffe0000000502030204000a0508030503    // raw_mem addr 00000869;  byte addr 00010d20
060305010201000001000000fefefefffd00fbfef8fcf8fcf7fcf4faf4f9f4fb    // raw_mem addr 0000086a;  byte addr 00010d40
ff0000000000ff00ff00ff00fefe000000000100030103010602080308030603    // raw_mem addr 0000086b;  byte addr 00010d60
030103000100000003000200010002020101feffff00ff00fdfefdfefeffffff    // raw_mem addr 0000086c;  byte addr 00010d80
f8fcf8fdfdfdfefeff0000ff0201040304000602080407040905090406030502    // raw_mem addr 0000086d;  byte addr 00010da0
0100000000fffdfffdfffefff8fdf7fbf8faf3fbf2f9f2f9f2f9f3f9f3fbf7fc    // raw_mem addr 0000086e;  byte addr 00010dc0
fd00fdfffdfffdfefefffe0000ff0300020106020a0608030803090505020301    // raw_mem addr 0000086f;  byte addr 00010de0
030105020503020105010201000000fffffffdfefcfffcfefdfefc00fdfefeff    // raw_mem addr 00000870;  byte addr 00010e00
0000ffff040103010102060205020502070208030a0408030703060305010602    // raw_mem addr 00000871;  byte addr 00010e20
fdfffcfffbfefbfcf7fbf5fcf5f9f2f9f2faf3f8f2faf3f9f7fbf7fef8fb00ff    // raw_mem addr 00000872;  byte addr 00010e40
fdfdff00fe0001000301050209020806080409020804030100000100fffffcfe    // raw_mem addr 00000873;  byte addr 00010e60
0602040001010000fdfefe00fbfefafefc00fdfffdfeffff0000fdfeff00fe00    // raw_mem addr 00000874;  byte addr 00010e80
0001050202010301070308030704080409030603050308030502060207030302    // raw_mem addr 00000875;  byte addr 00010ea0
fafdf8fdf7faf6fbf4faf2f8f4faf3f8f1f9f5fbf7fbfafcfefefe0001000100    // raw_mem addr 00000876;  byte addr 00010ec0
ff000200040104030804080308050703050205020301000000fffefffcfefdfe    // raw_mem addr 00000877;  byte addr 00010ee0
0000fdfffefffefffbfefcfffd00fdfefdfefdfffefffdfffdfdfdfffc00feff    // raw_mem addr 00000878;  byte addr 00010f00
0402050106030602070204020501060105020603050106040704040002030101    // raw_mem addr 00000879;  byte addr 00010f20
f7fbf8fcf5fbf4faf6fcf6fbf6fbf8fcf9fcfafdfdfefeffffff010001000201    // raw_mem addr 0000087a;  byte addr 00010f40
060205020604070103010502030000010302ff00fffffdfffbfefcfef8fdf7fb    // raw_mem addr 0000087b;  byte addr 00010f60
fd00fdfffdfefd00fdfdfcfeff0000feffff000000000000ff00010001000302    // raw_mem addr 0000087c;  byte addr 00010f80
06030401020204010502030305020603050204020401030201ffffff0001ffff    // raw_mem addr 0000087d;  byte addr 00010fa0
f8fcf8fcf7faf7fcf8fcf8fbfafdfefffefefeff010100010100060202000201    // raw_mem addr 0000087e;  byte addr 00010fc0
010103010400010101ff00000000fefefdfffcfefbfdfafefafdfbfdfafdf9fb    // raw_mem addr 0000087f;  byte addr 00010fe0
fe00000000ff000101000000000100fe0201000000ff00010200020002020400    // raw_mem addr 00000880;  byte addr 00011000
030201000001020102000202030204000102000001ff0001fffefdff000000fe    // raw_mem addr 00000881;  byte addr 00011020
f8fdf9fdfbfefbfdfdfeffffffff000000000101030201000300040103000201    // raw_mem addr 00000882;  byte addr 00011040
01000000000000fffe00fffefdfefd00fcfdfbfefffefcfdfafefcfdfafcfafe    // raw_mem addr 00000883;  byte addr 00011060
010102010101000000fffe00fefffefffe0000fe000000010000020002000001    // raw_mem addr 00000884;  byte addr 00011080
010102010401040204020302030202000000ff0000fffffffdff000000000000    // raw_mem addr 00000885;  byte addr 000110a0
fafefcfefdfefdffff00ff000200020101020401030102010100010001000100    // raw_mem addr 00000886;  byte addr 000110c0
00000100000000ff000000fefdfefdfffdfffdfffbfdfbfefcfefafcfbfdfcff    // raw_mem addr 00000887;  byte addr 000110e0
ff00ff00fffffcfefefffdfefcfefdfffeffffff000000000000000001000000    // raw_mem addr 00000888;  byte addr 00011100
0100030203010101010001000000ffffff000000000000000000ff0001000200    // raw_mem addr 00000889;  byte addr 00011120
0000fffe00000201020002000501050203020503050002010200030002020100    // raw_mem addr 0000088a;  byte addr 00011140
fffffeffff00fffdfdfffdfffcfefdfefefffdfffdfdfefefefffdfffdfeffff    // raw_mem addr 0000088b;  byte addr 00011160
fefffdfffdfefdfffeffff00ffffff00ff00fefffdfefffffffefefffffe0000    // raw_mem addr 0000088c;  byte addr 00011180
020001000100020101000100000000feff0000000100ff0100ff0100000000fe    // raw_mem addr 0000088d;  byte addr 000111a0
0302020102000302020101010201020000000000000000010000010000010000    // raw_mem addr 0000088e;  byte addr 000111c0
fefffefffefffefefeffff00fffdfe00000000ffff0000000100020002010300    // raw_mem addr 0000088f;  byte addr 000111e0
fffdfffffcfefdfffdfefcfcfbfffafdfafdfafdfbfefefffdfdfdff00fffeff    // raw_mem addr 00000890;  byte addr 00011200
0201000000000400000101000100000101ff000000000100ff0000000000fcff    // raw_mem addr 00000891;  byte addr 00011220
000000ff02000100000001000101000000ff01010000ffff02000000ffff0001    // raw_mem addr 00000892;  byte addr 00011240
ff000101000000000000ffff000000ff00000102020004020302020003000201    // raw_mem addr 00000893;  byte addr 00011260
fcfefdfefcfffcfdfbfefbfefcfdfafdfbfdfdfefbfdfc000000feff00010200    // raw_mem addr 00000894;  byte addr 00011280
020000000100ff00ff000000fefeffff0000ffff00000000fefffe00fe00fcfe    // raw_mem addr 00000895;  byte addr 000112a0
04000000010003000201010102000301ff0000000000ffff0000020000000000    // raw_mem addr 00000896;  byte addr 000112c0
fffffd00fd00fffefdfffeff00ffff0002000201030104010303050101000202    // raw_mem addr 00000897;  byte addr 000112e0
fdff00fffbfdfdfeff00fbfdfbfdfdfffffffdff00ff0101000000000000ff00    // raw_mem addr 00000898;  byte addr 00011300
0000fefeffffff00fdfdfffe000100fffeff00010200fcfffdffff00fefffcfc    // raw_mem addr 00000899;  byte addr 00011320
01000300020000000100000100ff0100000000ff00000001000000ff00000000    // raw_mem addr 0000089a;  byte addr 00011340
ffff00fffdfe00ff000000000200020205020400010002010300020001000200    // raw_mem addr 0000089b;  byte addr 00011360
f9fdfefefcfff9fdfcfcfcfefdfffdfdfeff000001ff0000000101000100feff    // raw_mem addr 0000089c;  byte addr 00011380
fe0000ffff00fbfe00000000feff00010000fffffdfefdfefefffafcfdfefdff    // raw_mem addr 0000089d;  byte addr 000113a0
0100000000000100000000000000010001000001020003000200030002000000    // raw_mem addr 0000089e;  byte addr 000113c0
00000000000001000200020102010300010000000000ffffffff0000000000ff    // raw_mem addr 0000089f;  byte addr 000113e0
fbfdfcfdfafdfbfffdfe000000000200050301000200020201000000ff00ffff    // raw_mem addr 000008a0;  byte addr 00011400
000000fe00000100fefffe0000fffdfff9fdfbfdfbfefafdfbfdfcfdfafefbfe    // raw_mem addr 000008a1;  byte addr 00011420
ff0000000200000000ff0201030201010301040003010101000002000000ff00    // raw_mem addr 000008a2;  byte addr 00011440
0000030001010402030101000000ffff0000ff00feff00000000fe0000000200    // raw_mem addr 000008a3;  byte addr 00011460
fcfffdfefdffff00fffefe000100000000000000ff00ffff00fefe0000ffff00    // raw_mem addr 000008a4;  byte addr 00011480
000002000100000000ff0000fe00fcfffdfefffffdfefefffffffefffefffdfd    // raw_mem addr 000008a5;  byte addr 000114a0
0000ffff0000020000000001020001000000fefefffffefffcfeffffff00feff    // raw_mem addr 000008a6;  byte addr 000114c0
04020400020101000000000000000100010102000201020001000000ffffff00    // raw_mem addr 000008a7;  byte addr 000114e0
fc00fdfe00fefe00ffffffffff00fefffbff0000fefffd000100010203010301    // raw_mem addr 000008a8;  byte addr 00011500
0100030200ffffff0001ff00fffe0000ff00fefefffffdfffcfdfbfefafdfbfd    // raw_mem addr 000008a9;  byte addr 00011520
0000000000000000ff00fdfffcfffefefcfeffffffffff000200010003010300    // raw_mem addr 000008aa;  byte addr 00011540
00ffff00ffff0001020003000301030103020001fe00fffffefffdfefeff0000    // raw_mem addr 000008ab;  byte addr 00011560
fefe0000fdfffefeff00fefe0000000001000403040106030503050005030001    // raw_mem addr 000008ac;  byte addr 00011580
00000000000000000000fefffefefbfff9fcfafdfafffbfcfcfefdfe00fefd00    // raw_mem addr 000008ad;  byte addr 000115a0
fe01fefdff00fe00fffffe0000ff000000010200030203010301020201000100    // raw_mem addr 000008ae;  byte addr 000115c0
ff0003010100000002000000fe00fdfefdfefdfef9fefcfdfffefd00fefd0000    // raw_mem addr 000008af;  byte addr 000115e0
0000ffff00000100010004020601060307030702050204020000ffff010100ff    // raw_mem addr 000008b0;  byte addr 00011600
ff00fffefefffbfefbfcfafcf9fdf9fcf9fcfbfdfdfffefffffeff00fefffeff    // raw_mem addr 000008b1;  byte addr 00011620
feff000000fe0000020003010403050108040502020004020300000001000201    // raw_mem addr 000008b2;  byte addr 00011640
0000ff00fdfefcfefdfef7fbf8fcfbfdf6fcf9fdfdfdfcfffdfffdfefe00ffff    // raw_mem addr 000008b3;  byte addr 00011660
00ff0503050307010803090509030603040304020300000001000100ff000100    // raw_mem addr 000008b4;  byte addr 00011680
fefef9fcfafdf9fdf8fbf9fdf9fefcfdfdfffcfeffff0001fdfefffe0001feff    // raw_mem addr 000008b5;  byte addr 000116a0
03010301070408030703070306030403030003010101000000000000fdfeff00    // raw_mem addr 000008b6;  byte addr 000116c0
f8fbf8fcf8fdf7fbf7fcfafbf9fef9fdfcfcfbfefbfffefeff00ffff00fe0202    // raw_mem addr 000008b7;  byte addr 000116e0
080307040803080307030603040203010301010100000300fe00fcfffefdf8fd    // raw_mem addr 000008b8;  byte addr 00011700
fbfcfafdfbfefbfefbfdfcfefdfefdfeffff00ff000000000200030003020601    // raw_mem addr 000008b9;  byte addr 00011720
05020503050203020301030102000000010000fffefffffffcfefcfefbfdfafd    // raw_mem addr 000008ba;  byte addr 00011740
f9fdf7fbf9fdfafbf7fcfbfdfdfefd0001000001040104010302070305030602    // raw_mem addr 000008bb;  byte addr 00011760
06050803080305030702040201010100fe00f9fefafaf9fdf7fcf7fbf6fbf8fc    // raw_mem addr 000008bc;  byte addr 00011780
fbfefafcfafdfcfefcffff0000ff000002000000030003020100060307020702    // raw_mem addr 000008bd;  byte addr 000117a0
0401030102020200000000fffe00fe00fffffdfffeffff00fdfffefffdfdfafe    // raw_mem addr 000008be;  byte addr 000117c0
f9fdfdfcfe000100030003010401040204020402040105010503050104000402    // raw_mem addr 000008bf;  byte addr 000117e0
060202000000ff00fafdf7fcf8fdf7fcf6fbf8fcf9fdf8fbf7fbf7fcf9faf7fb    // raw_mem addr 000008c0;  byte addr 00011800
fefefdff00000100000002010100020105020502060409040905070409030804    // raw_mem addr 000008c1;  byte addr 00011820
000001010000feff00000000fffffffffe00fcfdfafdf9fdf7fcf7fcfafbfbfe    // raw_mem addr 000008c2;  byte addr 00011840
0101050105020001050103020300060303010501050405020401040204020100    // raw_mem addr 000008c3;  byte addr 00011860
fbfefafdfafdf9fef8faf7fbf6fbf4faf6fcf7f9f5fbfafdfcfefc0001000301    // raw_mem addr 000008c4;  byte addr 00011880
fefffe0000ff03000704070308030d060b05080308040704030001000001fdfd    // raw_mem addr 000008c5;  byte addr 000118a0
00010000ff00fcfefcfef9fdf8fcf7fcf8fafafdf9fdfcfdfdfffffefcfefcfe    // raw_mem addr 000008c6;  byte addr 000118c0
0000020107030301050206020301040103010202020002010303030103000301    // raw_mem addr 000008c7;  byte addr 000118e0
fafbf6fef7fbf7fbf6fbfafbf8fffcfd00fdfe0201ffff00000101ffff010201    // raw_mem addr 000008c8;  byte addr 00011900
050409030a0409060903070306030402020001000001ff00ff00fefdfbfffcfd    // raw_mem addr 000008c9;  byte addr 00011920
fdfefbfff9fcf9fbf9fefbfdfafdfbfcfbfdfafefbfdfbfdfbfefdfe00ff0401    // raw_mem addr 000008ca;  byte addr 00011940
0100020001000200040103000402070206010502050303010000010100fffcfe    // raw_mem addr 000008cb;  byte addr 00011960
fbfffdfffffefdfffdfffe00fffefdfefe00fffffefe0000000000ff02000201    // raw_mem addr 000008cc;  byte addr 00011980
0502050202010303040101000000fffe0000fdfefdfdfc00fcfdfcfefd00fffd    // raw_mem addr 000008cd;  byte addr 000119a0
fcfdfafffcfdfafefafffbfdfc00fdffffff000101ff04030301030005040400    // raw_mem addr 000008ce;  byte addr 000119c0
030003010203060204010201020100ff0000fd00fefdfffffdff00fefefffdfd    // raw_mem addr 000008cf;  byte addr 000119e0
fdfefbfdfdfefdfffdfefe00ff0000ff00000100000000000000000000000000    // raw_mem addr 000008d0;  byte addr 00011a00
000002000001ffff0000fd00fdfefdfffdfeff00ffffffff000000fffeffff00    // raw_mem addr 000008d1;  byte addr 00011a20
fefefe00fefeff00010001000202030103000200040203020100020103000301    // raw_mem addr 000008d2;  byte addr 00011a40
010000ffff01fffefffffdfffeffffffff00fefffdfdfdfffe00fefdfe00feff    // raw_mem addr 000008d3;  byte addr 00011a60
fe00fefdfe00ffff0000000001ffff00ffff00ff000000ff0000010001ff0102    // raw_mem addr 000008d4;  byte addr 00011a80
ffffff00000000ff00fffeff0000fffefeff00000100000000000000fefffd00    // raw_mem addr 000008d5;  byte addr 00011aa0
0000020003010100040005020202030002000100ff00ff00ff00fdfffdff0000    // raw_mem addr 000008d6;  byte addr 00011ac0
00fffffffffffffffeffff00ff00fefe00ff0100010000000000010000000000    // raw_mem addr 000008d7;  byte addr 00011ae0
fffffeff00fffffffe00fefffffffffffeffffffff00ffff00ff000000000000    // raw_mem addr 000008d8;  byte addr 00011b00
03010000fffe0200feff00ff0000ff000200010000000001ff00fefefcffffff    // raw_mem addr 000008d9;  byte addr 00011b20
020103010200000000000000fefffdff0000fefefcff00feffff000001ff0000    // raw_mem addr 000008da;  byte addr 00011b40
0000000000000300020200000300020302000201010303000202020104010202    // raw_mem addr 000008db;  byte addr 00011b60
fbfcfafdfdfdfcfefdfefffdfdfefefefcfdfcfffffefdfefefffeffffff0000    // raw_mem addr 000008dc;  byte addr 00011b80
010104020100000002010000000001000000fffffffffdfefdfdfcfcfafbfafc    // raw_mem addr 000008dd;  byte addr 00011ba0
ff000000000000000001fe000000ff00fe000001000002020302020204030502    // raw_mem addr 000008de;  byte addr 00011bc0
fcfcfcfbfdfdfefbfdfcffff00fb0000020002ff0100010001000000fe000000    // raw_mem addr 000008df;  byte addr 00011be0
000302020202fe00ffffff00fbfefefcfcfefbfefefcfdfdfdfcfcfcfefcfffc    // raw_mem addr 000008e0;  byte addr 00011c00
0203050304050405090507080606060606060304000402020003ff0302020204    // raw_mem addr 000008e1;  byte addr 00011c20
f4f6f8f6f4f6f4f7f7f7f6f7f8f9fafafbfbfffe00ff00000400020203030402    // raw_mem addr 000008e2;  byte addr 00011c40
04020404060405020503040003020200fefdfcfefcfafafbf8faf5f7f7f8f6f6    // raw_mem addr 000008e3;  byte addr 00011c60
0204040501030003020403040002010405040203030404040203050204030405    // raw_mem addr 000008e4;  byte addr 00011c80
fcfafdfbfefcfffd00ff00000000010101010303010402040404030404040204    // raw_mem addr 000008e5;  byte addr 00011ca0
fcfdfbfcfbfdfafafbfaf9fafaf8faf8f8f6faf7f9f8f8f6faf8fcfafbf8fbf9    // raw_mem addr 000008e6;  byte addr 00011cc0
0505050507040404030406030303010203010001ff0000fffe00fcfffcfefe00    // raw_mem addr 000008e7;  byte addr 00011ce0
0102020101040204020502040303030503050507050606060805070607080807    // raw_mem addr 000008e8;  byte addr 00011d00
f7f7faf8fbf6faf7fbf8faf8faf9faf7f9f8f9f9f9fafbfbfcfefe00fffeff01    // raw_mem addr 000008e9;  byte addr 00011d20
00010000000200000100000200ff01ffff0000fefffdfcfafcfafaf9f9f8f9f7    // raw_mem addr 000008ea;  byte addr 00011d40
07070a0907080806090806060504030502050202000100020100000100010001    // raw_mem addr 000008eb;  byte addr 00011d60
f7f8f6f8f9f9fafcfbfdfeff0000020203040705060607070b07070709080a09    // raw_mem addr 000008ec;  byte addr 00011d80
00ff01fefdfdfcfafbf8f9f7f6f5f5f5f5f4f2f3f3f3f5f3f4f3f5f6f5f6f6f5    // raw_mem addr 000008ed;  byte addr 00011da0
0001ff0101000002000000010103020100010303010203010402010103000000    // raw_mem addr 000008ee;  byte addr 00011dc0
0a09090809080808060706060405030404020305000201010203010100020001    // raw_mem addr 000008ef;  byte addr 00011de0
f7f7f5f7f7fafafbfbfbfefffe000001040305040805090807070a090c0a0a08    // raw_mem addr 000008f0;  byte addr 00011e00
010000fdfefdfcfcfbfaf8f8f4f6f5f5f4f4f2f4f5f3f3f3f2f3f5f4f4f6f5f6    // raw_mem addr 000008f1;  byte addr 00011e20
fd00fc00feff0001ff000101030302000102010201ff00000000000001000200    // raw_mem addr 000008f2;  byte addr 00011e40
0b0a0a08090a050607070507010405050505030505050504010201020001fd00    // raw_mem addr 000008f3;  byte addr 00011e60
f3f5f7f6f7f7fcfcfffd00fd0302030204030704060409080c0a0c0a0d090f0c    // raw_mem addr 000008f4;  byte addr 00011e80
fffffcfdfbfbfafbf8f8f9f8f6f7f3f3f5f4f2f2f1f0f1f2eff1eff0f0f1f1f2    // raw_mem addr 000008f5;  byte addr 00011ea0
030302030102020201020001020200010001020201030301030102020100ffff    // raw_mem addr 000008f6;  byte addr 00011ec0
0607080908080506060706070505050806060505030603030205040402030105    // raw_mem addr 000008f7;  byte addr 00011ee0
f9f7fafafbfafffd00fd00ff030103020603060406030a06090908070a090908    // raw_mem addr 000008f8;  byte addr 00011f00
fcfdfafaf9fafbfaf9f8f4f7f5f4f3f2f1f2f0f1efeff0f1f1f2f2f1f3f4f5f4    // raw_mem addr 000008f9;  byte addr 00011f20
000301000101000100000002000001000201000100000000fdfffefefdfdfbfc    // raw_mem addr 000008fa;  byte addr 00011f40
0a09090807080808060704060708060705070809080607060707050505050204    // raw_mem addr 000008fb;  byte addr 00011f60
fbfafcfbfffe010000ff0202040303020404040404050807080909080a070909    // raw_mem addr 000008fc;  byte addr 00011f80
fbfafaf8f8f9f7f6f6f6f4f4f5f3f3f2f2f1f1f1f2f2f2f3f0f1f2f1f4f4f5f5    // raw_mem addr 000008fd;  byte addr 00011fa0
010400000102ff0000fffe01fcfdfcfefe00fefcfcfefdfdfbfcfcfefcfbfafc    // raw_mem addr 000008fe;  byte addr 00011fc0
0b0a0b0a0a090b0b0c0809080b0c0b090a090806060809080604040805030303    // raw_mem addr 000008ff;  byte addr 00011fe0
fdfbfbfbff0001ff000004030603040404040404060706080808090a08090908    // raw_mem addr 00000900;  byte addr 00012000
f7f7f6f8f7f3f6f6f6f6f5f1f3f3f3f1f3f0f1f2f4f3f3f1f3f3f6f6f5f5fafb    // raw_mem addr 00000901;  byte addr 00012020
00000000fc00fd00fcfefbfffbfefafcfdfefdfefcfbfdfcfafcf9f9fafbf9f9    // raw_mem addr 00000902;  byte addr 00012040
0e0d110d100e0f0c0d0c0b0a0b09090907070909070605050606050403040002    // raw_mem addr 00000903;  byte addr 00012060
f8fafefd000000000402050506060506060607070609070809080a0c0d0a0d0c    // raw_mem addr 00000904;  byte addr 00012080
f9f8f7f5f5f4f5f4f3f2f2f1f3f2f4f2f3f2f6f4f5f2f3f3f4f5f4f5f7f8f9fa    // raw_mem addr 00000905;  byte addr 000120a0
fcfffe01fefffafefbfcfafdf9fdfaf9fafcf9faf9f9fcfcfbf9fcfafdfbf9f7    // raw_mem addr 00000906;  byte addr 000120c0
0f0d100e0d0d0f0e0f0c0c0b0d0c0b0a09080909060504050406000100030002    // raw_mem addr 00000907;  byte addr 000120e0
fafcfeffff0000010503040507070607040508080b0c0a0a0a0a0c0d0d0d0e0b    // raw_mem addr 00000908;  byte addr 00012100
f8f6f7f5f6f5f6f4f2f2f3f1f4f1f1f0f4f2f6f3f4f3f5f4f6f6f7f8faf9fbfb    // raw_mem addr 00000909;  byte addr 00012120
fd00fcfefafefcfdfafcf9fdfafcf9faf8f9f9f8f8f9f9f9fcfafcfafbf8faf7    // raw_mem addr 0000090a;  byte addr 00012140
120e100f120f0f0c0d0d0f0c0a0a0a090a090507030504060003ff01ff00fcff    // raw_mem addr 0000090b;  byte addr 00012160
f9fafdfdfe00ff000204030405040407050609080b0c0b0b0d0c110d100e1110    // raw_mem addr 0000090c;  byte addr 00012180
faf9fbf5f8f6f5f5f5f2f1f1f0f2f2f2f2f1f5f3f5f3f4f3f6f4f5f6f8f8f9fa    // raw_mem addr 0000090d;  byte addr 000121a0
fbfffafdf9fdfcfffbfcfbfbfcfdfbfdfcfcfcf9fcfbfdfbfefafffcfef9fcf9    // raw_mem addr 0000090e;  byte addr 000121c0
1110100e100e0e0d0d0c0c0c0a0b08090608030601050003fd01fb00fafef9fe    // raw_mem addr 0000090f;  byte addr 000121e0
fcfbfcfffefefd00ff0101010306050705070a0a0f0d100f130f130f13111411    // raw_mem addr 00000910;  byte addr 00012200
f9f7f9f6f7f6f7f4f6f4f4f2f2f3f3f1f1f0f0f2f2f0f2f1f3f3f5f4f6f9fbfa    // raw_mem addr 00000911;  byte addr 00012220
fafefbfffbfefbfe00fffffeff0001fffffc00fe01fdfefbfdfcfffbfcf8f8f9    // raw_mem addr 00000912;  byte addr 00012240
0f0e0d0e0e0c0c0d070a0608080a0508000500050003fd00fe02fe00f9fefaff    // raw_mem addr 00000913;  byte addr 00012260
fafafbfcfbfdfcfe000000010304070609080e0b100d1211171214111211140f    // raw_mem addr 00000914;  byte addr 00012280
faf8faf8faf7f8f5f8f6f6f4f4f1f3f1f1f1f0f1eff2f0f1f0f1f4f5f4f5f5f7    // raw_mem addr 00000915;  byte addr 000122a0
fc00fc0000fe010100000100030002fe030002ff00fd00fcfdf9fbf8fbf9fbf9    // raw_mem addr 00000916;  byte addr 000122c0
0f100b0a0d0e070b0708080c0306030701070306fe04fc00fe01fa00fd01fe00    // raw_mem addr 00000917;  byte addr 000122e0
f5f6f6f7fafefbfcfffd0302050409070e0a0e0b110b120c110e1310100d100d    // raw_mem addr 00000918;  byte addr 00012300
fbf8fafafcf9f8f5f7f6f5f5f2f2f2f2eff0eeeeeff2eff0f2f2f1f3f1f2f6f6    // raw_mem addr 00000919;  byte addr 00012320
00000303010203010502040303000500020000ff01fdfdfafdfbfdf9fbf9fcfa    // raw_mem addr 0000091a;  byte addr 00012340
0b0d070a070a080a040705090408030703080207020403070106ff0002060004    // raw_mem addr 0000091b;  byte addr 00012360
f5f6f7f6fbfafdfc00ff0500040107070a060a070d0c0e0c0b090a0a0b0c0b0d    // raw_mem addr 0000091c;  byte addr 00012380
fbf8f8f7f7f6f6f5f5f7f4f4f2f3f4f5f2f1f0f1f2f2f0f1f0f1f3f2f2f3f3f4    // raw_mem addr 0000091d;  byte addr 000123a0
0808060607030908060304000705020001000101fefdfefdfefcfefdfbfafbf9    // raw_mem addr 0000091e;  byte addr 000123c0
06080508090b05080408080b0308030907090206020805080406060905060605    // raw_mem addr 0000091f;  byte addr 000123e0
f7f4f6f5f9f8fcf8fcfafffe01fe020001010201030404040606060705060609    // raw_mem addr 00000920;  byte addr 00012400
fbfafbf9f9f9f7f6f8f8f6f6f7f5f4f7f6f5f7f4f5f6f5f3f5f4f4f3f2f2f5f5    // raw_mem addr 00000921;  byte addr 00012420
0e090b0a0d0c0b08060606040304000201000000ff00fefcfcfefdfcfaf9fbfd    // raw_mem addr 00000922;  byte addr 00012440
030602070305050903080508070a0309080b0909070a090a080a0b0c0d0c0c0e    // raw_mem addr 00000923;  byte addr 00012460
f7f2f5f2f7f6f9f6f6f5faf8faf9fcf9fffdfdff00fffffffe00020302040203    // raw_mem addr 00000924;  byte addr 00012480
fffefdfbfbfaf8f8fafafafaf9f7f3f4f4f3f7f7f5f4f4f2f3f4f7f2f6f2f4f4    // raw_mem addr 00000925;  byte addr 000124a0
131310100d0e0f100f0f0c0c0808050502020203010200000202fffeff000301    // raw_mem addr 00000926;  byte addr 000124c0
f0f0f7f8f9faff010206fefe03060c100e100e10100f10121213131212121313    // raw_mem addr 00000927;  byte addr 000124e0
fbfbfdfbfbf8f7f6f9f5eeeaebe8ede9e8e8ebe8e4e1e7e5f0ede8e8f0f0f5f3    // raw_mem addr 00000928;  byte addr 00012500
04040203020301020103000000000000000003040201fffc0101010100000000    // raw_mem addr 00000929;  byte addr 00012520
0a0b00ff1b1e1b1f17191a1c1316171815191417151510120f110c0b0d0e0c0e    // raw_mem addr 0000092a;  byte addr 00012540
edecdddae2e2dedce4e0e1ded3cee7e3e5e2e1ddf8f6efebf0edfcfdfffe1616    // raw_mem addr 0000092b;  byte addr 00012560
050700ff0202ff0003040c0b0000ff00050603040407fdfffafaf8f9f1f2f7f8    // raw_mem addr 0000092c;  byte addr 00012580
252d191c1a1f191d171a191e141810140d0f0b0d11140d0c0504080803010505    // raw_mem addr 0000092d;  byte addr 000125a0
e7e4e4dde5dfd4ccded7eae5ded9f2edf2ece9e3fbfa00000f0f0d10fdfd161a    // raw_mem addr 0000092e;  byte addr 000125c0
0001fe000c0f0509feff080806090b0d0608fbfbfffdfaf8f9f8f8f7e3dde4df    // raw_mem addr 0000092f;  byte addr 000125e0
1a1f1b201c211b1f151811160d1110121012030402040203ff000206fcfefdfe    // raw_mem addr 00000930;  byte addr 00012600
e0dfded8cdc6dfdbe0dad9d4edeceae7f1edf7f7fcfb16170b0d030420232327    // raw_mem addr 00000931;  byte addr 00012620
070613150c0d0b0a0c0e0a0b10100707000000fff6f6fafaf5f3e3e1e6e1dfdb    // raw_mem addr 00000932;  byte addr 00012640
181c1d241e211819181b0e1110120e0f0506080901000503080703010a080504    // raw_mem addr 00000933;  byte addr 00012660
ddd9e0dccfc9d7d0e1ded6cfe7e3ecece7e3f3f2f6f80c0e1016fdfe1219262d    // raw_mem addr 00000934;  byte addr 00012680
04040e100f100c0b0a0b09090c0f0a0d0402fdfff7f7fbf9f6f6e5e3e1e0dddd    // raw_mem addr 00000935;  byte addr 000126a0
2b2e202424281f221b201417101313150a0a090c050500000506020303050504    // raw_mem addr 00000936;  byte addr 000126c0
e2dddfdbe5e0d1cadad4e2dbd4cbebe6efeae9e4f6f5f7f31516191b02001e20    // raw_mem addr 00000937;  byte addr 000126e0
0001f8fb0a0b0a0d04070a0c03070d0e0c10ff020001f4f6f7f7fbfde6e6e7e1    // raw_mem addr 00000938;  byte addr 00012700
030120232d34292c24292126191d141a161b070b0a0b0607fdfd0405feff0100    // raw_mem addr 00000939;  byte addr 00012720
eae9e8e6dfdae2dde5e2cbc3d9d2dad6d0caebe7e6e3e9e6f5f2f7f31b1d181b    // raw_mem addr 0000093a;  byte addr 00012740
fefc030201fffcf90d0c0f100a0b0b0b0a091516121305050809fbfafdfb0000    // raw_mem addr 0000093b;  byte addr 00012760
0102232b050807092e37292f1f29262f161b1117181b080c080a040300fe0502    // raw_mem addr 0000093c;  byte addr 00012780
faf90909fafae9e6e7e4dbd7ece9d8d3c9c1e4dfcec8d9d6efefdcd9edeeeff0    // raw_mem addr 0000093d;  byte addr 000127a0
faf9fbfcfefcf7f6fd00f4f2fdfd0e1207070b0c080a0f0c1a1d0c0d0e0b0606    // raw_mem addr 0000093e;  byte addr 000127c0
e9e2f2edfcfa02002b2d1616030131373038252b262b1216161c131604060506    // raw_mem addr 0000093f;  byte addr 000127e0
0a0e050b0306fafa0509ff00ebe9e6e4dfdaece7e0dbcac1e1dadcd5ddd4f5f1    // raw_mem addr 00000940;  byte addr 00012800
1c1e07090303fffefcfcfbfbf5f5fcfbf4f2f5f60a0e060a02050307080d1419    // raw_mem addr 00000941;  byte addr 00012820
e0decec9eae7e7e5e6e0fdfbf5f41c1d242600ff2427393e2c312a2f171b191c    // raw_mem addr 00000942;  byte addr 00012840
0a0b07061a1a161907080d0efe000303090befeeedeae2e1e1deeceac8c3d1ca    // raw_mem addr 00000943;  byte addr 00012860
272d1c22161c1e21101204060000fdfe0302faf7fefcfffcf6f10a0a0e0e0908    // raw_mem addr 00000944;  byte addr 00012880
e5dfeeecc8c1d1cbe3e0ccc5e3e0e2dfe3e1f8f8eceb13171d22fdfe1d213139    // raw_mem addr 00000945;  byte addr 000128a0
f3ef0304090904030a0b07071617171909091112040405060c0ef3f2f1efe8e4    // raw_mem addr 00000946;  byte addr 000128c0
1f24121305062c3130392025202321291719080b010400000203f8f6f9f7fbfa    // raw_mem addr 00000947;  byte addr 000128e0
0c0e0709f4f2f3f2e5e0ece7e2ddcac0e1ddd9d2cfc8e7e4e4ddefedf2f0f8f7    // raw_mem addr 00000948;  byte addr 00012900
04040300f3f4fdfbf8f4f1f105040001010306080405191c0f140a0912140305    // raw_mem addr 00000949;  byte addr 00012920
e3e0e4e1e6e3efeff3f2181e1b1e0201282e3b401f26272e272a13170e100203    // raw_mem addr 0000094a;  byte addr 00012940
191b1719090b131609090b0c0c0df9f9f5f6e8e2e8e5e8e5cdc4dbd7dbd6cbc3    // raw_mem addr 0000094b;  byte addr 00012960
282e2f351e22161a050704030708f3f3f7f5f7f5ebeaff000102000005060403    // raw_mem addr 0000094c;  byte addr 00012980
f2eee2ddccc3e3ddcfc8cfc8ebe7dfdaece9eeebfcfb282e0d0f0a0b38402c32    // raw_mem addr 0000094d;  byte addr 000129a0
f3f10102010000010000090914180c100e100f0f050512140b0bfcfaf6f3e5e1    // raw_mem addr 0000094e;  byte addr 000129c0
ede923291d2002022b3030342a322c321e21141a070905060003fafbfafcefec    // raw_mem addr 0000094f;  byte addr 000129e0
01040a0e1114fafaf5f4e5e3eae8ebeac9c2d8d4d5d0c6bee6e4dedae5e3efec    // raw_mem addr 00000950;  byte addr 00012a00
12120b0c0d0e000000fff7f7ede903010204fffd03020002141512150a0b1112    // raw_mem addr 00000951;  byte addr 00012a20
ded8cdc7d3cdebe7ddd8e8e6e9e6ffff292f0e0f0b0c2c3230343237292f1e21    // raw_mem addr 00000952;  byte addr 00012a40
fcfefcfc0404161a0a0c090d0c0d000111140a0cf7f7f1eee6e2f2f1e2dfccc4    // raw_mem addr 00000953;  byte addr 00012a60
131800022329353d323a2a331d22141611150a0b03030000f0edf4f20303fefd    // raw_mem addr 00000954;  byte addr 00012a80
1212fcf8f4f3f0ecf4f1efeacfc6d9d6d9d2d3ceeae7ded9e3dfeeebf7f72025    // raw_mem addr 00000955;  byte addr 00012aa0
10140204fffcfbfbf3f100000102f9f7fdfd00001114111300000b0d09080c0c    // raw_mem addr 00000956;  byte addr 00012ac0
dcd6dddae4e1ddd9eceaf0ee0304202509090a0c3036373e2b322126181c1517    // raw_mem addr 00000957;  byte addr 00012ae0
feff06060b0d050700000607080706090304f9f7f1f1f2f0f8f5e2dfd1cde2dd    // raw_mem addr 00000958;  byte addr 00012b00
0f1007082a2e3038272b21241b20171c0c0f0303fe00fafbfcfaff00fbfaf7f6    // raw_mem addr 00000959;  byte addr 00012b20
0303fafbf7f6f4f2f7f7ece9d7d2e5e2e4e0ddd7e7e2e6e0eeebf3effefd1c1e    // raw_mem addr 0000095a;  byte addr 00012b40
1215070806050202fffe0000fdfef9f9fdfd04030609000100ff060901030202    // raw_mem addr 0000095b;  byte addr 00012b60
e8e8dedadfdbe8e4e3e0eceaeeeb0304191c03030d0e2c33282f202420261e22    // raw_mem addr 0000095c;  byte addr 00012b80
fbfaffff03040506f9fafbfb0305fe000001fefff7f8f8f8f7f5f8fae8e4ded9    // raw_mem addr 0000095d;  byte addr 00012ba0
03021414fefd0e10292d242924282427202416170a0b0e0f060701020606feff    // raw_mem addr 0000095e;  byte addr 00012bc0
fcfe01fffdfffcfdfdfdf9fb00ffeae9e5e1efede0dde3dde5e3e3dfe9e6e8e5    // raw_mem addr 0000095f;  byte addr 00012be0
212722261a1c0c0f0e110a0b04040607ff00fcfbfeff03020404f4f5faf70304    // raw_mem addr 00000960;  byte addr 00012c00
fefee6e4eeece9e6dddae3e2dbd7e0dde0ddebe80a0cff00fdfd191c23272427    // raw_mem addr 00000961;  byte addr 00012c20
0b0a0404fbfb02feffff05060000f5f40100000003030505f9f80001ff000100    // raw_mem addr 00000962;  byte addr 00012c40
dbd5e3dfdfdcf3f00a0df9f602001c2221242527242921241516111311130607    // raw_mem addr 00000963;  byte addr 00012c60
fffef9f70304010007080909fcfa000301010203f7f8e7e3f0efe4e1e0dce3e0    // raw_mem addr 00000964;  byte addr 00012c80
ff00161b1d231f251c211b2013170d120d0f07070b0d0302f9f9020102000305    // raw_mem addr 00000965;  byte addr 00012ca0
fffefefc01010304f6f2e8e5f0eee5e1e0dbe1ddd8d4e0dbdedbf2f10507f5f5    // raw_mem addr 00000966;  byte addr 00012cc0
151813150f120b0b0d0d0407fffe030206070607000000fe0504020308080809    // raw_mem addr 00000967;  byte addr 00012ce0
f3efebe7e2dfe7e1ddd7ddd7e0deeeec0302f8f9f7f614152025202521231c1f    // raw_mem addr 00000968;  byte addr 00012d00
ff01010206080609ffffffff0406020204030406fffefcf8fcfe0202f8f4e8e8    // raw_mem addr 00000969;  byte addr 00012d20
e1dfe9e4f8f6fdfef5f20203191d1d221f241c201517151912160b0e0b0e0508    // raw_mem addr 0000096a;  byte addr 00012d40
01020406ff000304fefdfcfbfcfdfcfbfffeefedede9f2f0e8e1e5e2e0dcdcd3    // raw_mem addr 0000096b;  byte addr 00012d60
0f101f2321231e231a1d181a171c131411130e0f06060909080808090809fdfc    // raw_mem addr 0000096c;  byte addr 00012d80
fcfcf9fcf7f7f5f4e8e5ecebedece2dfe3dedcd6dbd7e7e1eeeafcfbfbf9f9f6    // raw_mem addr 0000096d;  byte addr 00012da0
181c1a1c12130d0f0b0b0607090b070806070104fbfe03050004fe00ff00f8f9    // raw_mem addr 0000096e;  byte addr 00012dc0
ecebeceadfdbe0dddbd7e0dbebe8efedfdfafbfa00ff1717202221261e21171a    // raw_mem addr 0000096f;  byte addr 00012de0
0a0b0d100b0a070707070301090a060600000000f9f8fdfef9faf2f1efefe5e3    // raw_mem addr 00000970;  byte addr 00012e00
e0dfe9e8f1f2f8f8f8f7050516191e221e201a1d1d1e181a191a15150b0d0b0b    // raw_mem addr 00000971;  byte addr 00012e20
0606090b0305fffdfefdf7f8fafcf8f6ececeae9e7e4ebeae6e4dddddedbdad7    // raw_mem addr 00000972;  byte addr 00012e40
090d171a171b1a1e1619181d1718141412150c0a0b0b0c0c0e0f0b0b07050608    // raw_mem addr 00000973;  byte addr 00012e60
f9f8fdfbf6f4ebe8eae7ece8edebe4e3e3dee3e0dfdde8e5ededf5f6fbfbf8fa    // raw_mem addr 00000974;  byte addr 00012e80
101613170f100c0e0d0e0d0b0d0f10100c080809090909090a0b03030100fffe    // raw_mem addr 00000975;  byte addr 00012ea0
eae7efedebeae7e4ebe9e8e5f1eef2f2f6f60001fdff060911150f1413181014    // raw_mem addr 00000976;  byte addr 00012ec0
0a0c0a0a0b0d0908060609090403050700fefaf9fffcf6f3faf8f4f1ede8f1ec    // raw_mem addr 00000977;  byte addr 00012ee0
f1f0f8f7fdff00000302090d131710130f1510150c0f10130b0e080c0a0c0709    // raw_mem addr 00000978;  byte addr 00012f00
060803050200fefdf9f7fbf6f3f0f4f0f0ebe9e2efe9eeeaefeaedeaede9f3ee    // raw_mem addr 00000979;  byte addr 00012f20
0e120e0f121610130b0d0b100c11080a0509060a030706090508040804070102    // raw_mem addr 0000097a;  byte addr 00012f40
f5f3f3f1eceaede9eae4edeaefebece9f4f0f4eef7f6fefb0300050503010b0d    // raw_mem addr 0000097b;  byte addr 00012f60
0b0e0d10090b0809070b03060608030802020204ff0203040001fafcfbfbf5f3    // raw_mem addr 0000097c;  byte addr 00012f80
eeebf1eff7f4f7f4fffc00fe0301060403010c0b0f0f0c0c11130f120d0e0e0f    // raw_mem addr 0000097d;  byte addr 00012fa0
0204020600feff00ff00fbfbf9fcf6f7f7f9f3f5f3f3f3f2eeedeceaf0edf3f0    // raw_mem addr 0000097e;  byte addr 00012fc0
0202020104030b0b080a0a0c0c0b0a0b0d0e0d0d0d0e0a0b0a0a090a080a0707    // raw_mem addr 0000097f;  byte addr 00012fe0
f7f6faf9f7f8f7f5f6f6f3f2f3f1f2f0f3f3f4f5f2f1f6f7f7f7fafa0001ff00    // raw_mem addr 00000980;  byte addr 00013000
07060b0b090809090a0c05040b0c05050604080801010201fe00fcfbfffff8fb    // raw_mem addr 00000981;  byte addr 00013020
f6f6fdfcf8fafefdfbfcfafc0101fbfe01010304000007060406060709090809    // raw_mem addr 00000982;  byte addr 00013040
0203000001ffff00fdfd0000f9fafdfcfdfcf7f7fefef9f6fcfbf9f9faf8fcfc    // raw_mem addr 00000983;  byte addr 00013060
0504000102040304010205060002020401030102030500020404020201030200    // raw_mem addr 00000984;  byte addr 00013080
fafaf8f9fffef9f8ff00fdfafffcfdff00fe00fffdfe0100feff000000010000    // raw_mem addr 00000985;  byte addr 000130a0
0303050501000305010000000305fdfa0102fefffef90001f9f70000f7f9fdfc    // raw_mem addr 00000986;  byte addr 000130c0
fdfffefffffd0001ff0000000002010002020403030201030604010005060402    // raw_mem addr 00000987;  byte addr 000130e0
fcfe00fefffffdfdfffcfcfefcfbfcfdfcfffdfcfcfefdfffefcfefefefdfdfc    // raw_mem addr 00000988;  byte addr 00013100
feff0304ff0001000404feff02030202ffff01010102fefe0401fe0000000201    // raw_mem addr 00000989;  byte addr 00013120
020000ff00ff00ff0504fefc03030100feff0202fdfe0000fefefe000000fd00    // raw_mem addr 0000098a;  byte addr 00013140
ff00ff00fbfd0100fcfe0000fffe00000100010000ff030101ff02000200fefd    // raw_mem addr 0000098b;  byte addr 00013160
fe00000100ff000200ff00000000ffff0001fdfefefffe00fdfefcfc0001f9fb    // raw_mem addr 0000098c;  byte addr 00013180
fe00fdfe0000fffffffdfcffff00fdfdfeff010000ff02000201010000000101    // raw_mem addr 0000098d;  byte addr 000131a0
000000000403fefd01010101fdfc0102ff00fcfdff01fdfdff00fe00fcfc0000    // raw_mem addr 0000098e;  byte addr 000131c0
0001fdfeff000201feff03030201030207030302060404010100050500ff0202    // raw_mem addr 0000098f;  byte addr 000131e0
0101fefcffff0000fcfdfffffcfefdfefefefbfdfe0000fffcfeff00fffefdff    // raw_mem addr 00000990;  byte addr 00013200
0000fd00fefffffffe0000fffffffffe0100ff0000fe0000fbfc000000fffbfc    // raw_mem addr 00000991;  byte addr 00013220
02020000ffff0303feff0201000000010200000001020000ff000101ffff0000    // raw_mem addr 00000992;  byte addr 00013240
0000feff02ff0100ff000300000000000100030200ff01000201ffff0202fefd    // raw_mem addr 00000993;  byte addr 00013260
fd00fe000000ff00fe00feffff00fefe0000fcfffe000000fcffff00fffffffe    // raw_mem addr 00000994;  byte addr 00013280
fefdfffffffefefe000000fd0000000000ff000100000000ff000001ff000000    // raw_mem addr 00000995;  byte addr 000132a0
0200000001000000fdff0100feffff00ff00fcfefffefdfefefdfffffcfefeff    // raw_mem addr 00000996;  byte addr 000132c0
000003010000020204000101040305040100040402010300030400fe02020002    // raw_mem addr 00000997;  byte addr 000132e0
fdfdfbfffefefdfdfdfefcfefbfdfefefdfefdfdfefefffeff00fdff010000ff    // raw_mem addr 00000998;  byte addr 00013300
0001000200ff0201000001000101ffff02010000fe0000fefefdfe00fbfffcfe    // raw_mem addr 00000999;  byte addr 00013320
0101fcfdfefd0001fcfdfeffff00ffffffff000000ff0301000000000301fffe    // raw_mem addr 0000099a;  byte addr 00013340
0100060403010301040202000101000001ff0001fffe0201ffff00ff0001fdfb    // raw_mem addr 0000099b;  byte addr 00013360
fbfefefffdfdfdffff00fdfcfe000000fdff0001ffff0000040300fd02020302    // raw_mem addr 0000099c;  byte addr 00013380
0000fe000000ffffff00fe00fefffffffefdfefffffffdfdfdfefdfdfefefeff    // raw_mem addr 0000099d;  byte addr 000133a0
00000000000000ff000001010100ff0002010000ff000100fffe0100feff0100    // raw_mem addr 0000099e;  byte addr 000133c0
00000000020001010000000001020200020001020000ffff0000ff00ffff00ff    // raw_mem addr 0000099f;  byte addr 000133e0
fbff00fffbfdfe00fe00feff0000000000000000030001000001030001000101    // raw_mem addr 000009a0;  byte addr 00013400
0000fffe0001000000fffdff0000fdfefbff0100fcfeff00fffffcff00fffd00    // raw_mem addr 000009a1;  byte addr 00013420
fffe0202000000000100ffffff000000fdff0000fffffdff00ffff000000ffff    // raw_mem addr 000009a2;  byte addr 00013440
0101010000010000020001000100000000ff0201fdff00000101fcfe01010000    // raw_mem addr 000009a3;  byte addr 00013460
0000fefffeff0000fdfd00000000000002000000030001000000030100000000    // raw_mem addr 000009a4;  byte addr 00013480
fffe00000000fefe0001fdfd0001fdfffdfd0001fcfc000000fffeffff01fdfd    // raw_mem addr 000009a5;  byte addr 000134a0
fdfd00000100feff00000100fefe00000000fd000000fefefe0000ffffff0001    // raw_mem addr 000009a6;  byte addr 000134c0
010000ff0102000000ff0001000001000000ff000100feff0101fffffeff0202    // raw_mem addr 000009a7;  byte addr 000134e0
00000000000000000000010100000100020200ff0302010001ff0202ffff0100    // raw_mem addr 000009a8;  byte addr 00013500
fffeff00fdfefffffffffeffff00fefefefffefffefe00ffff0000ff0000ffff    // raw_mem addr 000009a9;  byte addr 00013520
00ffff000100fffe00000000feff0000fffe00010000feff0001fffeff00ffff    // raw_mem addr 000009aa;  byte addr 00013540
0000feff0000ff01ff0001fe00010000fffd0000ffffff00000000fe00010000    // raw_mem addr 000009ab;  byte addr 00013560
01000101000001010000000001010001020001000000020000000000ffff0000    // raw_mem addr 000009ac;  byte addr 00013580
fcfd0000fcfeffffff00fdfd000100ff0000000101000001000101ff01010000    // raw_mem addr 000009ad;  byte addr 000135a0
00000000000000000000fffffffefefefd00fdfdff00fcfdfffffd00fdfdfe00    // raw_mem addr 000009ae;  byte addr 000135c0
ffff02000000010000000100010000ff0000000000ff000000000000ff000100    // raw_mem addr 000009af;  byte addr 000135e0
0001ffff00ff0001fffeff00000000ff00000000ff0000fd0000fdff02ffff00    // raw_mem addr 000009b0;  byte addr 00013600
000000000000020000ff020102010101030101010302020101000201000001ff    // raw_mem addr 000009b1;  byte addr 00013620
fffc0000ff00fdfefcfffdfdfdfffafefffffdfefd00fdfefdfefffffefffeff    // raw_mem addr 000009b2;  byte addr 00013640
0000000203000000000100fe000100ff00fe0000000000ff0000000000000101    // raw_mem addr 000009b3;  byte addr 00013660
fefeff00ff00ffffffffffff0000ff00fdfd0000fe00ffff0000000000ff0200    // raw_mem addr 000009b4;  byte addr 00013680
0102020003020100040202010200040301ff0301030100ff010300ff00000000    // raw_mem addr 000009b5;  byte addr 000136a0
fe00fdfdfdfefcfffcfcfefefcfefdfffffffefeff00fe0000ff0001fffd0300    // raw_mem addr 000009b6;  byte addr 000136c0
0000000000000102fffe010201000000ff0000ff0000000000fdfeffff00fdfe    // raw_mem addr 000009b7;  byte addr 000136e0
0000fefffeffffffff00feff0000fffffe000201fffeff00010100fd00000000    // raw_mem addr 000009b8;  byte addr 00013700
030104010301020103020200010000000101000000fe0000feff0000fefffdff    // raw_mem addr 000009b9;  byte addr 00013720
fbfeff00fafcff01fffefdfe0000fcfd0001fffffe00020100ff010103000100    // raw_mem addr 000009ba;  byte addr 00013740
0200ffff00000100ffff000100ff0000ffff00feff00fdfdfffffafefdfffdfe    // raw_mem addr 000009bb;  byte addr 00013760
ff000000fffefe00ff0000fffe000000fffeff0000000000ffff0200000000ff    // raw_mem addr 000009bc;  byte addr 00013780
020202000000000001000000010000ff000300ff0100fe01fffefffffe00fefe    // raw_mem addr 000009bd;  byte addr 000137a0
0002fffeff000000fefdfffffeffff0001000200000102010300030202000302    // raw_mem addr 000009be;  byte addr 000137c0
0100010000000100fffeff00fefefdfeff00fbfcfd00fdfffbfdfe00fefdfdfe    // raw_mem addr 000009bf;  byte addr 000137e0
fffffdfffffffefe00ff00ffff00000001000100010101000102010002000000    // raw_mem addr 000009c0;  byte addr 00013800
03010100020303000100000100fe00000000fffffe00fffeff00fffefeffff00    // raw_mem addr 000009c1;  byte addr 00013820
ff00ffff0000000000ff00000000000001000000020202000100040201000201    // raw_mem addr 000009c2;  byte addr 00013840
fdfdfeffff00fdfdfdfefffffcfdfdfffefffcfdfe00fe00feff00fffffffd00    // raw_mem addr 000009c3;  byte addr 00013860
ff00fefe0100000000000102000002010103010002010000010001010000fefe    // raw_mem addr 000009c4;  byte addr 00013880
01000100010000ff000000ffff0000fffffeff00fffefdfdfffeff00fdfefefe    // raw_mem addr 000009c5;  byte addr 000138a0
ffffff00feff000000ff0000010000ff01000100000003010101010004000201    // raw_mem addr 000009c6;  byte addr 000138c0
fefffe00fffffffffffffe00fefffefdfe00fd00fefdfe00fe00fefd0000ffff    // raw_mem addr 000009c7;  byte addr 000138e0
ff0000000000010001000000010100ff0000010000ff0000000000fe00000000    // raw_mem addr 000009c8;  byte addr 00013900
0000010100ff00010000fffe0002ff00ffff0001fdfeff00fefffeff0001feff    // raw_mem addr 000009c9;  byte addr 00013920
fe00fefe0000fe000000fffe00ff000000fe0201020003000201010004020200    // raw_mem addr 000009ca;  byte addr 00013940
fe00fefefdfdfffefdfefdfdfefefcfcfefefdfffcfdfefdfdfefdfefdfd00ff    // raw_mem addr 000009cb;  byte addr 00013960
050502030304020501020201010201000100000100ff01ff0000000000fdfefe    // raw_mem addr 000009cc;  byte addr 00013980
0101010001000104030302020104030301020204020301030304030401030404    // raw_mem addr 000009cd;  byte addr 000139a0
f5f3f3eff3f3f5f2f4f1f6f4f8f5f9f6fcf7fefbfcf9fffcfffd00fd0000ffff    // raw_mem addr 000009ce;  byte addr 000139c0
070a090a07070407060602030103ff00fe01fe00f9fbfbfaf7f8f7f8f7f5f3f5    // raw_mem addr 000009cf;  byte addr 000139e0
07090a0c0d0d0a0e0e0d0d0d0b0e0f0e0c0c0c0e0e0e0a0b0b0b0b0a090b0b0a    // raw_mem addr 000009d0;  byte addr 00013a00
f2f2f0eeebe9eae9ebe9ececeaebedeaf0eeeff0f5f4f8f8fbfd0000ff000203    // raw_mem addr 000009d1;  byte addr 00013a20
0102000003030203060305030303060505020301020100fffdfbf9f9f9f6f4f1    // raw_mem addr 000009d2;  byte addr 00013a40
0b0f0c0e0b0e0b0e090a070b05090405040701040002010200000002ff000200    // raw_mem addr 000009d3;  byte addr 00013a60
efeef0edf3f0f9f6fbf800ff0000020208080a0a0e0f0d0f0d0e0e100d0e0b0e    // raw_mem addr 000009d4;  byte addr 00013a80
020302050001ff00fbfef8f7f7f9f3f2f3f1f0f0eeebedebeae6eceaeeecece8    // raw_mem addr 000009d5;  byte addr 00013aa0
04030302010100fe00fe000000ff0000ffff00ff00ff00000405030402040204    // raw_mem addr 000009d6;  byte addr 00013ac0
0d0e0a0d0b0d0b0d0a0e0d100c0f0b0e0d100b0c0a0b0b0c0a0a070705030303    // raw_mem addr 000009d7;  byte addr 00013ae0
f1ebedebefecf3ededebf0ecf0ebefeff6f4f7f5fdfcfcfcfdfd040406080a0d    // raw_mem addr 000009d8;  byte addr 00013b00
fd00000200030204040502050505050703040100fdfefdfbf9f8f7f6f6f4f0ee    // raw_mem addr 000009d9;  byte addr 00013b20
0b0a08060706030401020200fcfdfcfdfbf8faf9faf9f9f8fbfdf9f9fbfbfe00    // raw_mem addr 000009da;  byte addr 00013b40
02020406080a07090a0b0b0e0a0c0d0e0d100f100f110e100f0f0d0f0e0d0d0d    // raw_mem addr 000009db;  byte addr 00013b60
f9f6f8f5f0edf3efeeecefedf1efebeaf1eeefecf1f1f5f4f5f3fefdf9fafbfc    // raw_mem addr 000009dc;  byte addr 00013b80
f9fbfdfdfdfe0002050404060609070606070909050404050001fdfbfffef9f8    // raw_mem addr 000009dd;  byte addr 00013ba0
0c0b06070709060504050203fefefdfefcfbf9faf8faf7f6f5f6f4f5f8f6fafb    // raw_mem addr 000009de;  byte addr 00013bc0
04030306090a080906090b0a080b0a0b0e0e0c0f0d0d0d0e0c0e0e0e0b0e0c0e    // raw_mem addr 000009df;  byte addr 00013be0
f8f6f7f5f1eff1eeefecefeff4f1eeedf2f0f3f0f4f1f8f8f8f9fffdfbfcfdfe    // raw_mem addr 000009e0;  byte addr 00013c00
fafaf9f9fdfd0000000104030404030505040606040403020000fefcfefdfaf8    // raw_mem addr 000009e1;  byte addr 00013c20
070907070809070802040001fefffdfffefefbfbfbfcf7f7f5f5f8f8f7f9f9fa    // raw_mem addr 000009e2;  byte addr 00013c40
0607090a0807080907070808090b08090a0b090b090b0a0c0d0b0c0e0b0d0c0b    // raw_mem addr 000009e3;  byte addr 00013c60
f3eef4f1f1eff5f0f5f4f2f1f7f4f5f4f7f6fcf8f9f9ff00fffffdfe02050504    // raw_mem addr 000009e4;  byte addr 00013c80
feffffffff0002000102020202000103020000fefffffdf9fbfaf9f6f7f4f5f5    // raw_mem addr 000009e5;  byte addr 00013ca0
0405030401030002000000010000fe00fcfefcfcfcfdfbfcfcfbfcfffbfcfafa    // raw_mem addr 000009e6;  byte addr 00013cc0
0507050608070505050807080607060705060708090906070709050603050407    // raw_mem addr 000009e7;  byte addr 00013ce0
f5f3f8f6f8f7f9f9fdfcfcfafeffff0000000304040505050707050705060a09    // raw_mem addr 000009e8;  byte addr 00013d00
fefffdfefefdfdfdfcfbfcfafbf8fbf8f7f6f7f4f8f5f3f2f5f3f5f2f4f3f6f6    // raw_mem addr 000009e9;  byte addr 00013d20
00020101ff000101feff00000000fdfd0000fe00fdfd0000fdfefffffe00fefe    // raw_mem addr 000009ea;  byte addr 00013d40
0405060804050808040505070404040602040203050700010406020303010003    // raw_mem addr 000009eb;  byte addr 00013d60
ffff00fe0102020400ff0a0800000505090afffd0c0f00000706070901020908    // raw_mem addr 000009ec;  byte addr 00013d80
fdfaf6f4f8f8f9f7f6f3f7f8f8f5f9f8f8f6f8f5fcfcf8f5fafafefefbf9ff00    // raw_mem addr 000009ed;  byte addr 00013da0
0001fffffe00fefeff00fcfe00fefdfefdfefffefbfdfefefafafefcfaf9f8f8    // raw_mem addr 000009ee;  byte addr 00013dc0
040402050202030302050203030202050101040301030303000001020101feff    // raw_mem addr 000009ef;  byte addr 00013de0
0606010004050706020105040605020206060204040404070303050303070403    // raw_mem addr 000009f0;  byte addr 00013e00
fcf9fdfcf8f700fff9f9fcfcfffef9fa0202fbfcffff0403fcfd030301000001    // raw_mem addr 000009f1;  byte addr 00013e20
fbfaff00f7f7fffffafbfbfafffef9fb00fdfcfafdfcfdfafdfbfbf9fdfcfaf9    // raw_mem addr 000009f2;  byte addr 00013e40
000002020304fefe0606fefe00ff0201fafc0103fdfafeff0001f8f7ff01f9fa    // raw_mem addr 000009f3;  byte addr 00013e60
070701010302060600000a0afefe070703040000080700000405030400000708    // raw_mem addr 000009f4;  byte addr 00013e80
0808f6f50203fefefbf90505f6f60509faf90402fe00ff000505fafa090afdfc    // raw_mem addr 000009f5;  byte addr 00013ea0
f7f800010000f9f90605f8f50808fbfa00fe0706f4f20a09f9f700ff0404f5f4    // raw_mem addr 000009f6;  byte addr 00013ec0
f8f60608fffffbfa0608f6f60305fafb0000fbfc0000fefffafc0204f4f40507    // raw_mem addr 000009f7;  byte addr 00013ee0
f8f8070afbf80605fefd02010303fbfa0b0bf7f6090afefe00000406fafa0909    // raw_mem addr 000009f8;  byte addr 00013f00
00000000fefc0203fafa0100fe00fdfd0404f9f90305fafa0101ff00fdfd0705    // raw_mem addr 000009f9;  byte addr 00013f20
fbfa0608faf7040600fe00fe0606fdfb040300fffefd0504fffffffd0303fcfc    // raw_mem addr 000009fa;  byte addr 00013f40
0203fdfffffe0100fdfffffffffffd00fffffeff0103fafa0406fcf901010302    // raw_mem addr 000009fb;  byte addr 00013f60
0102010000fe040500ff0201010100010000020100ff0001ff0001000000fffe    // raw_mem addr 000009fc;  byte addr 00013f80
0101fefefdfd0101fafdff000101f7f80302fdfffdfd0201fe00ffff0202fefe    // raw_mem addr 000009fd;  byte addr 00013fa0
fdfd03020000fefc0203000000fe0101fefd0304fcfc0200ff00feff0000fcfc    // raw_mem addr 000009fe;  byte addr 00013fc0
fefffe00ff000000fbfc0202fffdff00000000ff0000fffd0203fbfc04020000    // raw_mem addr 000009ff;  byte addr 00013fe0
f9f8090afdfa01000508f8f60709fefefdfd00020100fdfc00020000fdfc0102    // raw_mem addr 00000a00;  byte addr 00014000
ffff0302f7f80607fcfcfeff0706f7f80508fefdff000202000000ff00000605    // raw_mem addr 00000a01;  byte addr 00014020
0100feff00ff00fe000000ffffffffff00fffefefefd0101ff00fcfb0403fcfd    // raw_mem addr 00000a02;  byte addr 00014040
f7f70405fffef9f70a0bf8f600010204faf60707fefe01000001ff000100ffff    // raw_mem addr 00000a03;  byte addr 00014060
fdfb0404fefe02000000fbfd0202fbfc00000000fdfe000000fffcfd00000202    // raw_mem addr 00000a04;  byte addr 00014080
ff00fdfefdfd0000fefefffffcfe0303fffc00000201fcfc0305fefb00010304    // raw_mem addr 00000a05;  byte addr 000140a0
0201fbf9090afefb00000404fdfd02010100fdfe01000000feff00ff0000fcfe    // raw_mem addr 00000a06;  byte addr 000140c0
f9fa00fe0506f8f9060400fffdfd0302fcfe00010200fdfd00010504fbf80507    // raw_mem addr 00000a07;  byte addr 000140e0
0304fffdff000305fefafdfe070afaf7feff0608f8f8ffff0203fcfdfefb0406    // raw_mem addr 00000a08;  byte addr 00014100
fdfe0100fefffafc0203ff00fcfd050500fefefd0404fffefefd0505fefefdfc    // raw_mem addr 00000a09;  byte addr 00014120
00ff0403fcfe02010100fdff0101fefe0001fefffe000101f9fbff000000fafc    // raw_mem addr 00000a0a;  byte addr 00014140
00000000ff00000000ff010100ff0000020100ff00010100000000000301ffff    // raw_mem addr 00000a0b;  byte addr 00014160
0203fefffefe0304fcfb00000103fcfb00010001fefefeff0000fefffefeff00    // raw_mem addr 00000a0c;  byte addr 00014180
feff0103fcfd000001020000fffe00000102fffe0100020300fe01000002fffe    // raw_mem addr 00000a0d;  byte addr 000141a0
00000404fcfbffff0403fdfcfcfd0303fdfefafb0001fdfffafafdff0001fbfb    // raw_mem addr 00000a0e;  byte addr 000141c0
ff000202fffdffff0200fffeffff0303000100fe0303010000fe00020302fffd    // raw_mem addr 00000a0f;  byte addr 000141e0
0001ffffffff0000ff000000fefdff010001fffdfbfc02010301fafc00ff00ff    // raw_mem addr 00000a10;  byte addr 00014200
fe00000100ff0000020100ff00ff03010001fcfa00010403fcfbff000200feff    // raw_mem addr 00000a11;  byte addr 00014220
000000ffff000000fffffdff0000fcfdfdff0001fdfefefffe00feff0000fe00    // raw_mem addr 00000a12;  byte addr 00014240
0000010100000000010102000000000004010100010001010000010000000000    // raw_mem addr 00000a13;  byte addr 00014260
ffff0000fe00fefefffffeffff00ff00ffff00000000fffe0000010100000000    // raw_mem addr 00000a14;  byte addr 00014280
000002000100000203000100000100ff0100000000fe0000000000ff01feff00    // raw_mem addr 00000a15;  byte addr 000142a0
ff00fe0000fefe00fefefefdfdfffefefefffdfefdfefe00fffefeff00000000    // raw_mem addr 00000a16;  byte addr 000142c0
000000000200010002010100030001000000020100ff00000100fffffd0000ff    // raw_mem addr 00000a17;  byte addr 000142e0
fdfeff00fffefcfffeff00feff00feff00ff0000ffffff00000000ffff000000    // raw_mem addr 00000a18;  byte addr 00014300
020002010001020001000000000000000001fe0000ff0000fefe00ffff00fdfe    // raw_mem addr 00000a19;  byte addr 00014320
ff00fffefcfffffffefffdfefe00fefffffefeffff0000000000000101000000    // raw_mem addr 00000a1a;  byte addr 00014340
020002020200000002010200ff0001000000ff0000000000fefeff00ff00fdff    // raw_mem addr 00000a1b;  byte addr 00014360
fdfeff00fefffe000000fefe00000000ff00000000ff01010000010002010001    // raw_mem addr 00000a1c;  byte addr 00014380
01000200000100000000ff0000fe0000ff0000fefd00feff00fefefeff00feff    // raw_mem addr 00000a1d;  byte addr 000143a0
fe00fefffefefe000000ffff00000000000001ff000001010100000002010000    // raw_mem addr 00000a1e;  byte addr 000143c0
00000000000000ff000000ff000000000000ff00ff00ffff00fffefffcfffffe    // raw_mem addr 00000a1f;  byte addr 000143e0
fffffe00000000000000010101ff000001020100010001000100000001000101    // raw_mem addr 00000a20;  byte addr 00014400
00ffff00fe00ff00ff00ffffff00ff00fefffe00fefefefffe00fefffe00ffff    // raw_mem addr 00000a21;  byte addr 00014420
000000000000000001000000010001000101010001000201020101ff00010000    // raw_mem addr 00000a22;  byte addr 00014440
00fffffe0000ff00fdff00fffefffcfffffefdfefe0000fffefe0000ffff00ff    // raw_mem addr 00000a23;  byte addr 00014460
00ff0001010000fe01020000000001010100000002000000ff0001ff00ff0000    // raw_mem addr 00000a24;  byte addr 00014480
fefefd0000fffffffd00fffffefffe00fffefdfffffffe00feffffff00000000    // raw_mem addr 00000a25;  byte addr 000144a0
0000000001000200010101000000020000000000010000010000ffffff000000    // raw_mem addr 00000a26;  byte addr 000144c0
fffffe0000fffdffff000000fcfffffffefffdff0000000000fe000001000000    // raw_mem addr 00000a27;  byte addr 000144e0
010000000200010000010000000001000000000000ff00ff0000ff00ff000000    // raw_mem addr 00000a28;  byte addr 00014500
ffffff00fefffdfeff00fefdfe000000ffffff0000000000ff00000000ff0000    // raw_mem addr 00000a29;  byte addr 00014520
000001000101000001ff0102000001ff000200000000ff00fffe0000ff00ff00    // raw_mem addr 00000a2a;  byte addr 00014540
ff00fefffefeff00fffeff00ff01fffd0000000100fe00000000000000010100    // raw_mem addr 00000a2b;  byte addr 00014560
00000000000000000000000000000000000000000000fffeff00ff00fe00ffff    // raw_mem addr 00000a2c;  byte addr 00014580
ffff00fffeff0000ff00fffe0000ff0000fe0000000000000100000000000100    // raw_mem addr 00000a2d;  byte addr 000145a0
000000010100000000000100000000000000ff01ffff000000ff0000ff00fefe    // raw_mem addr 00000a2e;  byte addr 000145c0
ff00fe00fffffffffdffff00000000ff0000000000ff00000100000000010000    // raw_mem addr 00000a2f;  byte addr 000145e0
000001ff0000000000ff0000ffffff00fffffffe0000feffffffff00ffff00ff    // raw_mem addr 00000a30;  byte addr 00014600
fe00feff00ff0000000000ff0000ff0000000000000000000100000000000100    // raw_mem addr 00000a31;  byte addr 00014620
00000000020000010000000000000000ff00000000ff00000000feffff00fffe    // raw_mem addr 00000a32;  byte addr 00014640
ff0000ffff0000000000feffff000000ff00ff0000ff00000000000000010100    // raw_mem addr 00000a33;  byte addr 00014660
00000000ffff0000000000ff00000000000000000000ffffff00ff00fffeff00    // raw_mem addr 00000a34;  byte addr 00014680
00ff000000ff00000000fffe01000000ff0001010000ff000100000000000000    // raw_mem addr 00000a35;  byte addr 000146a0
0000000001000000000100feff00000000feff00feff00ff0001feff00fefe00    // raw_mem addr 00000a36;  byte addr 000146c0
ff00fefffffeff00ff00fffffe00ff000000ff0000ff00000000020000000100    // raw_mem addr 00000a37;  byte addr 000146e0
00ff00ff000000ff0000000000ff00000000fffefe000000ffff0000fefffdfe    // raw_mem addr 00000a38;  byte addr 00014700
0000000000000000000000ff0000000000ff000100ff00ff0002000000000001    // raw_mem addr 00000a39;  byte addr 00014720
0100010100000000000000ff0001ff0000fefe00feff00fdff000000ffffff00    // raw_mem addr 00000a3a;  byte addr 00014740
fffefd00fffefdfefd0000ffff00000000ff00000100ff000000000000ff0000    // raw_mem addr 00000a3b;  byte addr 00014760
ff000100000000000000ff000000ff00ff000000fefe00000000ffffff00ffff    // raw_mem addr 00000a3c;  byte addr 00014780
ff00ff00ffffff0000000000ff000100ff0000000000ffff020000fffffe0000    // raw_mem addr 00000a3d;  byte addr 000147a0
010000ff0000000000ffff00ffff00ff0000000000000000000000ff00000000    // raw_mem addr 00000a3e;  byte addr 000147c0
010100000000fefefffefdfdfefe0000fffe000000fefefe00010000ffff0001    // raw_mem addr 00000a3f;  byte addr 000147e0
0000ffff0100fefefefdfffefeff000000010000000100000001000200000102    // raw_mem addr 00000a40;  byte addr 00014800
fffdfe00fefefffeffffffff000000ff0000000000fefe0000fe0100fe000100    // raw_mem addr 00000a41;  byte addr 00014820
00ff0000feff0000ff00ffff0001000000ff000000000000000000fefe00ff00    // raw_mem addr 00000a42;  byte addr 00014840
ff000000fffffefffefefefffffffffe0000000000ff00000000010000000000    // raw_mem addr 00000a43;  byte addr 00014860
01000101000101000101000100ff0000000000000000fffe00fffd0000000000    // raw_mem addr 00000a44;  byte addr 00014880
000000000101000000000000ffff000100fffffe0000fffefeff00000000ff00    // raw_mem addr 00000a45;  byte addr 000148a0
ff0000fe000000000100000000ff0000fdff0000fffefcfdfeff00fffe00ff00    // raw_mem addr 00000a46;  byte addr 000148c0
0000fcfefcfcfefdfcff00fe0000000101000102000100ff0000000000fe00fe    // raw_mem addr 00000a47;  byte addr 000148e0
01010000ff00fffeff00ff000000fe0000000001fe000000ff0000000000fdff    // raw_mem addr 00000a48;  byte addr 00014900
00000000feff00ffffffffffff0000000000000000ff00000202020000000201    // raw_mem addr 00000a49;  byte addr 00014920
000100ff0000ff00feff00fffefefdfffefffffffe00ff000000fe0000000000    // raw_mem addr 00000a4a;  byte addr 00014940
fffefefefeff0000000000000201000000000100000001000001000001000001    // raw_mem addr 00000a4b;  byte addr 00014960
000002010003010101000000fffffefffe00fdfdfffffffffeff0000ffffff00    // raw_mem addr 00000a4c;  byte addr 00014980
0000000000000304030404040305020202010000feff00fe00fffefe01000001    // raw_mem addr 00000a4d;  byte addr 000149a0
fdfffefffefffcfbfcfefdfdfdfcfdfffdfdfefefefffeffffff00000000ffff    // raw_mem addr 00000a4e;  byte addr 000149c0
fefffcf9fcfafafafbfafcfbfcfcfcfcfbfbfffdfefefeff00fffdfefefeff00    // raw_mem addr 00000a4f;  byte addr 000149e0
0607080b0808050705060405030401000101010100ff000000000000fffffeff    // raw_mem addr 00000a50;  byte addr 00014a00
000004050708060706060505040606060807080a080a090a0809070808090708    // raw_mem addr 00000a51;  byte addr 00014a20
f3f4f8f5fafafafcfcf8fbfdfefefcfbf7f8f4f2eeebeae8eae7ece8f1effaf9    // raw_mem addr 00000a52;  byte addr 00014a40
0a0a070804050404070606070709080902040001fdfdf7f7f5f2eeececebf0ee    // raw_mem addr 00000a53;  byte addr 00014a60
08080f121216131311130f120f120e120e0f0d0f0c0f10110d100e0f0f100a0c    // raw_mem addr 00000a54;  byte addr 00014a80
00ff00ff00000100010303040101fbfff9f6f1ede5e4e1dbddd9e1ddedeafbfb    // raw_mem addr 00000a55;  byte addr 00014aa0
0a0c0b0d080b060607070100fcfcf8f6efece9e8e9e6ebe8efedf5f3f9f9fdfd    // raw_mem addr 00000a56;  byte addr 00014ac0
151815161114101410120e100b0b090a0607020302040302020405080a0a0b0e    // raw_mem addr 00000a57;  byte addr 00014ae0
0b0b090c07080404fbfbf2efe8e5ddd7d5d0d7d1e1dcf3f104030f1417191716    // raw_mem addr 00000a58;  byte addr 00014b00
080a080a0201f8f7efeeeae7e6e3e6e3e9e5ecebf3f2fafa0000040305070808    // raw_mem addr 00000a59;  byte addr 00014b20
11150f110d0d0a0d070805040203fefdfffe010305050d0e0e100a0d0c0d090a    // raw_mem addr 00000a5a;  byte addr 00014b40
0406fdfdf2efe1ded5d1cec7d1c9e3def7f80b0c1819171d181b171b161b1517    // raw_mem addr 00000a5b;  byte addr 00014b60
f8f8f0edebe6e7e5e5e1e8e5efeef7f5000003040506090a0c0d0e100e100b0e    // raw_mem addr 00000a5c;  byte addr 00014b80
080b04070201fbfbf9f8fbfc000008080a0d0c0d0c0f0c0d101010120a0901ff    // raw_mem addr 00000a5d;  byte addr 00014ba0
e6e2d6cfc8c0cbc4dbd5f4f30e0e1a1c191e1b1e1a1d161d191c14170f130f10    // raw_mem addr 00000a5e;  byte addr 00014bc0
e2dfe0dae1dde7e5f5f1fdfe000105030406080a0e11121412120a0c0001f2ef    // raw_mem addr 00000a5f;  byte addr 00014be0
fdfcfaf8fafafdfe01010506060809090a0d0f1112140b0f0806fdfdf2f1ebe7    // raw_mem addr 00000a60;  byte addr 00014c00
c1bad0c8e6e600001819191f191e1c1e191d1a1b171a141815160e10090a0402    // raw_mem addr 00000a61;  byte addr 00014c20
e2deebe9f9f6ff000203040505060c0c111614171113080afbfbebe9ded7cbc6    // raw_mem addr 00000a62;  byte addr 00014c40
f9f9fffd030402020606070b0a0a111311140f0f080afdfdf2efe7e4dfdbded9    // raw_mem addr 00000a63;  byte addr 00014c60
eeea0809191d181b191c191b181c1a1d171a161913170b0d0606ff00f9f7f9f8    // raw_mem addr 00000a64;  byte addr 00014c80
fafb00fe0404030606040e0f1518171a13150c0bfafae8e4ded7c9c1c6bdd9d4    // raw_mem addr 00000a65;  byte addr 00014ca0
ffff0101040306060b0d111312151215090bfbfbefede2dfddd7dedce1dfeeeb    // raw_mem addr 00000a66;  byte addr 00014cc0
171c14171a1c181d181b1a1d1719161914170c0e0406fdfdf8f8faf8fafafdfd    // raw_mem addr 00000a67;  byte addr 00014ce0
0202060603050e0f1719171c14170b0df9f9e6e2ddd8c7c1c2b9d9d5e9e70505    // raw_mem addr 00000a68;  byte addr 00014d00
040608090a0c1113141613150d0dfcfcefede4e1dcd8e2dce3e0ebe9faf7fcfd    // raw_mem addr 00000a69;  byte addr 00014d20
171b1a1e1d1d181d1a1e161812160d0d03040000f7f6f7f8fdfbfdfc00010202    // raw_mem addr 00000a6a;  byte addr 00014d40
0608090b1011191c191f13140708f4f3dfdad6d2c8c2c8c0dfd9efed0607191b    // raw_mem addr 00000a6b;  byte addr 00014d60
0a0c1013191b14151014090af7f3eae9e0dbdad3e1dee5e2eceaf8f7fefe0203    // raw_mem addr 00000a6c;  byte addr 00014d80
1d231d211e211c1e131612130e0e0205fffdfbfbf9f7fcf9ff0100ff0000080b    // raw_mem addr 00000a6d;  byte addr 00014da0
0b0b0e10171b1b1f16180c0dfbfae4dfdad5cdc5c4bbd5d2eae50101171b1c1d    // raw_mem addr 00000a6e;  byte addr 00014dc0
1115161916170e100708f9f7e9e7e1dcd9d3dcdae6e2eae8f5f3fdfb00000808    // raw_mem addr 00000a6f;  byte addr 00014de0
1d211d221f2215180f110f0f03050000fffdf7f7fdfb00000001050409090f11    // raw_mem addr 00000a70;  byte addr 00014e00
0f101213171a191e12140506f4f5dcd6d5cfcfcacac3dfdbf1f006051d1f2023    // raw_mem addr 00000a71;  byte addr 00014e20
16191a1d1516080b00ffeeece2deded9d7d2dcd7e8e5edebf6f6fefc02010a0c    // raw_mem addr 00000a72;  byte addr 00014e40
21251c1d191e16190c0e09090304ff000000fdfefefd01020607090a0e111516    // raw_mem addr 00000a73;  byte addr 00014e60
0d0e13141415161a18190d0f0000ebe7d6d0d2cccdc8d4cce8e5fcfb13132028    // raw_mem addr 00000a74;  byte addr 00014e80
161a181c181b0e100000f2f0e4e0dbd7dad4d9d5e2ddefebf4f4fcfc00000404    // raw_mem addr 00000a75;  byte addr 00014ea0
20252024191b161a12140c0d070a050603030202040401000404090b0f101519    // raw_mem addr 00000a76;  byte addr 00014ec0
000209080f1313151517151a0e0f0203f0efd8d2d2cdd1cad5cde7e4faf90e0f    // raw_mem addr 00000a77;  byte addr 00014ee0
16181a1e1a1e181a12140002efede2ddd8d3dcd5dcd9e2deefebf5f7fdfc0000    // raw_mem addr 00000a78;  byte addr 00014f00
ffff13161b1f191b10130e100e10080a0c0e080906080b0b0504040607080c0d    // raw_mem addr 00000a79;  byte addr 00014f20
fefd00fffe00070711121216151915160a0dffffeae6d5d1d1ccd1cbddd9eeec    // raw_mem addr 00000a7a;  byte addr 00014f40
08080c10171b1c201a1d1518080afaf8eae8ddd9d9d4e0d9e5e2eae8f5f2f9fb    // raw_mem addr 00000a7b;  byte addr 00014f60
dfddf0ee01001111191d1518101210120e0f0c100e100c0c070a070704040204    // raw_mem addr 00000a7c;  byte addr 00014f80
f4f4f7f5fcfbfffdfeff070811121518171d14160a0afcfde9e2d6d1d1cbd4cc    // raw_mem addr 00000a7d;  byte addr 00014fa0
0102040306060b0e181c1e221d21171b0808f9f8ece8dcd6d7d2dfdae6e0edeb    // raw_mem addr 00000a7e;  byte addr 00014fc0
d4cdd4ccdedaeeebfbfa090a15161316101110121012121413140e100b0e0708    // raw_mem addr 00000a7f;  byte addr 00014fe0
e5dfefedf3f0f3f0f7f6f9f8fcfb05040c0f15181a1f14180b0c0000ece9dbd5    // raw_mem addr 00000a80;  byte addr 00015000
0e0f04050000010304040c0d171c1f2225281e230c0efffeedecded8dad6dcd9    // raw_mem addr 00000a81;  byte addr 00015020
f8f8e4e2dcd6d5cfd8d3e6e2eeedfbfc07070c1012150e111115161813171316    // raw_mem addr 00000a82;  byte addr 00015040
e2dcdcd9ded8e6e3eeeaf0ebf0f0f8f5fbfa0000090a10141a1c191d0f120604    // raw_mem addr 00000a83;  byte addr 00015060
1617111712140a0b010400ff0103040610111d202124262b1b200b0cfdfeebe7    // raw_mem addr 00000a84;  byte addr 00015080
181a0e100302fbfaeae8dfd9dcd6dbd8e5e1edecf7f602010a0d11130e121316    // raw_mem addr 00000a85;  byte addr 000150a0
0e120202f3f3e2dedfd9dcd8dfd9e6e5ece9f0ebf6f5fcfb00000a0a11141618    // raw_mem addr 00000a86;  byte addr 000150c0
0b0d0f1111121419151813150d1107090101030408090a0d191d1e2321272126    // raw_mem addr 00000a87;  byte addr 000150e0
00000a0b0d101214131508080000f9faebe7e4e0e0dbe0daeae6eeebf5f30302    // raw_mem addr 00000a88;  byte addr 00015100
16191b1d1f2524271619070bfbf9e8e5e0dcded8d9d7e4e1edeaeeecf9f7fcfd    // raw_mem addr 00000a89;  byte addr 00015120
e5e1ece9eff0fbf90404090d100e1316181b171713180e0f0503060705050709    // raw_mem addr 00000a8a;  byte addr 00015140
e6e0e7e5f3f2fbfafffe06070c0e10100f13090d0100f9fbefeee5e1e1dfdfdb    // raw_mem addr 00000a8b;  byte addr 00015160
0c0f080a080706080c0d12141b1e21251c2016180c0dfbfaede9e5e0dcd9e0da    // raw_mem addr 00000a8c;  byte addr 00015180
fefff4f2e3e2e2e0ddd7dedceae7eae5f5f4020407080e11131717191a1d1518    // raw_mem addr 00000a8d;  byte addr 000151a0
0201f3f1ebe8ded9dfdbe4dee2ddece9faf8fffc03040d0e101212160f100102    // raw_mem addr 00000a8e;  byte addr 000151c0
0e11141816181a1d151a0e120a0c05080607090b0e1315171f251e2315181317    // raw_mem addr 00000a8f;  byte addr 000151e0
0a0b0c0d12121213050700fff9f6eae7e4e0dfd9dcd7e6e2eae6efed00000707    // raw_mem addr 00000a90;  byte addr 00015200
101315181c211a1d12170d0e0001f4f5eae5dedbe0dce0dbe2dfefecf8f60101    // raw_mem addr 00000a91;  byte addr 00015220
e0dde8e3ede9f0effefd06080b0d14141318181a1a1b111410110c0e0a0c0e12    // raw_mem addr 00000a92;  byte addr 00015240
e2dfe3dee4e0eae6f5f3fefd0406090a090b0b0e0406fafcf8f5edeae5e2e4df    // raw_mem addr 00000a93;  byte addr 00015260
191c181b1316111210100e120e0f0e111517151710150e0e0305fbfcf2eee6e4    // raw_mem addr 00000a94;  byte addr 00015280
0303fafbf1eee8e6e3dfe0dcdfdbe6e3ececf5f2ffff04050d0d111414161819    // raw_mem addr 00000a95;  byte addr 000152a0
0e0f0b0c080a0101f9f8f0f0eae6e6e3e4e1eae6eff0faf8020206090a0d0808    // raw_mem addr 00000a96;  byte addr 000152c0
f9f90000090a12131618191d1c1f1c1f191e171912150e100d0f0b0d0c0c0e10    // raw_mem addr 00000a97;  byte addr 000152e0
ebe6f3f1fbfb03020a0b090d07080101f7f6eeeae6e3dedbdfdae1dee6e4efee    // raw_mem addr 00000a98;  byte addr 00015300
171a11140d0e0a0c080a0709090808090709050500fefaf9f1f1ebe6e8e4e6e3    // raw_mem addr 00000a99;  byte addr 00015320
ebe9e4e0e2dee4dfe8e4eeedf7f5ffff06070c0d121616191a1d1c211a1f191d    // raw_mem addr 00000a9a;  byte addr 00015340
0302fefff9f8f1efebe8e9e6e8e5ececf5f4fdfb0303070807070203fbfbf4f1    // raw_mem addr 00000a9b;  byte addr 00015360
10131517181c1b1e1c1f1a1d171914180e100b0c070a06060608060606070607    // raw_mem addr 00000a9c;  byte addr 00015380
fcfc00000100fffff9faf4f2edebe6e5e4e1e7e2e8e6f0ebf7f4fcfe05040b0d    // raw_mem addr 00000a9d;  byte addr 000153a0
080a0405020203030405030403030101fefdf8f6f3f0efedebeaeeebf2f0f6f6    // raw_mem addr 00000a9e;  byte addr 000153c0
eeeaf1f1fbfbfcfb02040b0d0c0d1214171a1618191a181b141813160e100a0b    // raw_mem addr 00000a9f;  byte addr 000153e0
f9f7f9f7f2f1f2f1f6f4f5f2f8f8fbfbfbf8fcfcf8f7f3f0f2f1edeaeae8efed    // raw_mem addr 00000aa0;  byte addr 00015400
12171213111410130d0d0b0c070903030403010000000101000000ff0000fafa    // raw_mem addr 00000aa1;  byte addr 00015420
f3f1efeff2ecf0eceeedf5f0f7f6fafa02000406090b0c0e0e1010130f131114    // raw_mem addr 00000aa2;  byte addr 00015440
fffffcfefdfcfbfafbfbfcf9f8f9fafaf8f7f6f6f8f6f5f5f8f7f8f5f4f3f6f3    // raw_mem addr 00000aa3;  byte addr 00015460
0b0f0d0f10100e120f120f0f0d100d100c100b0f0b0c090b0709050602030000    // raw_mem addr 00000aa4;  byte addr 00015480
f3f2f5f3f5f4f3f3f5f4f4f6f5f2f4f3f3f3f5eff6f6f8f8fdfa000204040a09    // raw_mem addr 00000aa5;  byte addr 000154a0
090c06090607040402020000fdfefdfbfbfafafbf9f9f9f8f9f7f5f6f6f5f5f3    // raw_mem addr 00000aa6;  byte addr 000154c0
fdfffffe010305070606090b0a0c0b0c0c100c0e0e0e0d0f0b0d0c0e0a0b0b0b    // raw_mem addr 00000aa7;  byte addr 000154e0
f9f9f9f6f6f5f7f4f5f3f4f4f6f4f5f4f5f4f7f6f7f6f8f6f8f9f9f9fcf8fdfb    // raw_mem addr 00000aa8;  byte addr 00015500
090a090a0709080806090606050503030201010000fffefefefdfcfbfcfafafa    // raw_mem addr 00000aa9;  byte addr 00015520
fdfcfdfcfefefefe00ff01000000020303050304070807090709090b0a0a070a    // raw_mem addr 00000aaa;  byte addr 00015540
fbfcfcfbfbfbfaf9f9f8f7f8f7f6f6f5f8f5f7f6f6f5f8f7f9f9faf8fafafbfc    // raw_mem addr 00000aab;  byte addr 00015560
0506070704060607060805080606050605060405030203020102fe00fefefdfe    // raw_mem addr 00000aac;  byte addr 00015580
fcfbfbfbfcfcfefdfefd00000100000000010101010204030205030305040305    // raw_mem addr 00000aad;  byte addr 000155a0
00000100fefffdfefefefcfafafcfcfbfbf9f9fbfbfafaf9f9f9fbf9fafafcfa    // raw_mem addr 00000aae;  byte addr 000155c0
0102020403020102030303030305040303040304010103040504010103030202    // raw_mem addr 00000aaf;  byte addr 000155e0
fcfafcfbfdfdfdfdfffefffeffffff0000ff000001000000ff00020101000100    // raw_mem addr 00000ab0;  byte addr 00015600
0000020300000200000100000000fffefffefefefdfbfdfcfdfefcfbfbfcfefe    // raw_mem addr 00000ab1;  byte addr 00015620
000000000000000000000000000100000001000100ff01020002010002030000    // raw_mem addr 00000ab2;  byte addr 00015640
fffefdfefffffdfdfffeff00fdfefffcff00fe0000ff0000feff00ffffffffff    // raw_mem addr 00000ab3;  byte addr 00015660
0000ff01010001010000010000000101000000000102fffeff000001fefdffff    // raw_mem addr 00000ab4;  byte addr 00015680
ff00000000ff00fffe0000fe00000000ff000000fffdff00000100fe000100ff    // raw_mem addr 00000ab5;  byte addr 000156a0
01000000ffffff000100ff0000000000ff0000feff0000ff00fffeff00ff0000    // raw_mem addr 00000ab6;  byte addr 000156c0
010100fffffeff000000ff0000000000fdff00000101000000000100ff000000    // raw_mem addr 00000ab7;  byte addr 000156e0
00ff00000000000000ff0000fe00ffff00fefffffefe00ffffff00ff000000fe    // raw_mem addr 00000ab8;  byte addr 00015700
01000000000002000000000000000100000000000100ff0000000100000000ff    // raw_mem addr 00000ab9;  byte addr 00015720
fe00ffffff00fd00fffe0000feff00ffff00fffeff00feff00ffff0100000000    // raw_mem addr 00000aba;  byte addr 00015740
0101000000ff0000ff000000ffff0000ff00fffdffffff0000fe0000fffffefe    // raw_mem addr 00000abb;  byte addr 00015760
000000000000000000000000000000000000000100000101000002000001fffe    // raw_mem addr 00000abc;  byte addr 00015780
00000000ff000000ffff00ffff00ffff01000000feff00ff0000000000000000    // raw_mem addr 00000abd;  byte addr 000157a0
00000000ffff01010000fffe01010000ff000000000000ff00010000fffefe00    // raw_mem addr 00000abe;  byte addr 000157c0
fe00ff0000010000fffe00000000ff000100ff00ff0001000000ff0000000000    // raw_mem addr 00000abf;  byte addr 000157e0
00000100ffff00fe0000ff0000ff00000000fefe0000000000ff000000ffffff    // raw_mem addr 00000ac0;  byte addr 00015800
fffefe00ff0000ffff010000ffff00020000ffff0001000000ff000000000000    // raw_mem addr 00000ac1;  byte addr 00015820
fffffe00000000feffff000100fe00000002fffd00ff000000ff000000010000    // raw_mem addr 00000ac2;  byte addr 00015840
ff000100ff00ffff0000feff00ffff00fefe00ffff00ffff00fffeffff010000    // raw_mem addr 00000ac3;  byte addr 00015860
02ff00000002010000010002020000000000000000ff00000001000001000000    // raw_mem addr 00000ac4;  byte addr 00015880
fffffffffeff0000ff00fffeff00ff0100fdffff0001ffff00000100fffe0000    // raw_mem addr 00000ac5;  byte addr 000158a0
00000000000000ff000000fe01000000fefeff00ff0000ffff00fe00ffffffff    // raw_mem addr 00000ac6;  byte addr 000158c0
0000ff0000ff0000000000000000ffff00000000000000000000000000ff0001    // raw_mem addr 00000ac7;  byte addr 000158e0
00ff0000fdfd0000fdfffefe0000fcfe000000000000000100000100ffff0000    // raw_mem addr 00000ac8;  byte addr 00015900
000000ff0102ffff01000002fffd0000000100fd00000000fffeff00ff00fdfe    // raw_mem addr 00000ac9;  byte addr 00015920
00000100000000ff00ff000000ff00010000fffe000100000000000000000001    // raw_mem addr 00000aca;  byte addr 00015940
fffeff00fdfffffe00ff00fe00000000fffe0000000001000001000002000000    // raw_mem addr 00000acb;  byte addr 00015960
0000000000000000fffffe0000fefdfefc0000fefcfefdfffffffd00ff00feff    // raw_mem addr 00000acc;  byte addr 00015980
0000000000ff00ff0203000000ff000100ff0101010000000101000000010000    // raw_mem addr 00000acd;  byte addr 000159a0
ffff0000feff0000ff00ff00ffffff000000ff0001010100fe00000000000000    // raw_mem addr 00000ace;  byte addr 000159c0
01000000000000fffe00ff00fefeff0000fffdfdfefffefffefefefeff00fefe    // raw_mem addr 00000acf;  byte addr 000159e0
00000000000100000101000000fe0201ff00fffe0200ff00ff00010000000000    // raw_mem addr 00000ad0;  byte addr 00015a00
00ffff0001000100000001000101000000000000020000000200010100000001    // raw_mem addr 00000ad1;  byte addr 00015a20
ff000000ff00ff00fefffffefefffdfffefffefdfeffffff00ffff00ff000000    // raw_mem addr 00000ad2;  byte addr 00015a40
0000000200000000000000ff00feff0000fe0000ff0000ffff00fe0000fffdff    // raw_mem addr 00000ad3;  byte addr 00015a60
ff0000000000000000000000000000000200000100000000000100ff00000000    // raw_mem addr 00000ad4;  byte addr 00015a80
fffffefeff00ff00fefffefffefffefffeffff0000fefefffe00ffffffffff00    // raw_mem addr 00000ad5;  byte addr 00015aa0
000101000201000000000000ff000100000000ff00fffcfe00ff0000ff0000ff    // raw_mem addr 00000ad6;  byte addr 00015ac0
00ff00ff0000000000ff01000000000000000001000000000000010001000100    // raw_mem addr 00000ad7;  byte addr 00015ae0
000000000000fd00feff00ffff00ff0000ff00ff000000000000ffffff000000    // raw_mem addr 00000ad8;  byte addr 00015b00
0001fe0000fe0000000000ff000100000000000100ffff00ffff00ffffffffff    // raw_mem addr 00000ad9;  byte addr 00015b20
fe0000ff0000000000ff0000000000ff000000ff0000000000ff0101ff0000ff    // raw_mem addr 00000ada;  byte addr 00015b40
0000ff000000ff00ff000000ffffffff000000ff0100000000ff0001000000ff    // raw_mem addr 00000adb;  byte addr 00015b60
000000ff0000fffffdffffff00fefe00fdff00feff00fd00ffffff00feffffff    // raw_mem addr 00000adc;  byte addr 00015b80
010000000000020000000101020100ff01000100000000000000000000ff0000    // raw_mem addr 00000add;  byte addr 00015ba0
ffffff000000ff000000ff0000000000fe00000000ffff0000000000000000ff    // raw_mem addr 00000ade;  byte addr 00015bc0
00ffff0000ff00ffff0000ff00000000010000000000000000000000000000ff    // raw_mem addr 00000adf;  byte addr 00015be0
00ff00000000010000000000000000000000ffff000000000000000000000000    // raw_mem addr 00000ae0;  byte addr 00015c00
fdfefeff0000feffff000000fefffffefefffefffffefefffffffefe00000000    // raw_mem addr 00000ae1;  byte addr 00015c20
00000001ff010101010000000001000100ff000000000000ff00fffffe00ffff    // raw_mem addr 00000ae2;  byte addr 00015c40
0000000001ff00ff000000ffff0000000000ff00fe0000fffffffeff00000000    // raw_mem addr 00000ae3;  byte addr 00015c60
00fffe00fefefffdfcfefcfbfcfafdfbfcfafcfcfefafdfcffff00fe00000100    // raw_mem addr 00000ae4;  byte addr 00015c80
06040404060606070606090b080b0806070a040603030205ff0101020001fdfe    // raw_mem addr 00000ae5;  byte addr 00015ca0
f1efedeaf0edf1eff1eef4f3f7f3f7f5f7f5fcf9ffff01000405050606060607    // raw_mem addr 00000ae6;  byte addr 00015cc0
0d0f08080406ff00fefcfbfbfbfb00fe00000202060503040000fffdf8f7f4f1    // raw_mem addr 00000ae7;  byte addr 00015ce0
c7c0d7d1dddaeceb0102090c0e1210110d111112131512181517151812161215    // raw_mem addr 00000ae8;  byte addr 00015d00
e8e3dcd8dad6e1dde2dff4f0010306091a1d22271b1f171c0707f0eee4e0cfc9    // raw_mem addr 00000ae9;  byte addr 00015d20
111210110a0f00fefefcff0000fc080915181d1f23291e2213140d0ffdfcebe8    // raw_mem addr 00000aea;  byte addr 00015d40
15190f11faf9e8e5e1ddd7d2ddd9edeaf1efff00070806070c0e0b0c0b0d1115    // raw_mem addr 00000aeb;  byte addr 00015d60
29301d2114130f13f3f0efece9e4d5cce1dee3dce0dcf5f300fb0709191e1c1e    // raw_mem addr 00000aec;  byte addr 00015d80
07080c0f12150e0e1b202126181c181c0a0af9faf9f6f1eef4f2080911151a1b    // raw_mem addr 00000aed;  byte addr 00015da0
edeaf8f70002141622271f25191c0b0bf0efe5e1d2cbc7c2dfd9e7e4efee0705    // raw_mem addr 00000aee;  byte addr 00015dc0
f0eef2f2ffff0c0d1a1e262b1f2312150708f9f8ebe9e1dee1dde3e1e0dce1dc    // raw_mem addr 00000aef;  byte addr 00015de0
c1bad7d4e4e1f4f30b0c1215101107090c0f17191b1e1e221c1f12140100f4f3    // raw_mem addr 00000af0;  byte addr 00015e00
e2e0ebe8e4e2e4e1e8e2e7e7f0eef9f70c0f2327222921261417f9fbe6e3cbc3    // raw_mem addr 00000af1;  byte addr 00015e20
1d221c1f14170000f3eff0efefecf6f50b0d1e22252c222712150506f7f4e1de    // raw_mem addr 00000af2;  byte addr 00015e40
262a1015fdfbdbd5bdb5c7bdd6cfe5e004051c1e1d1f0f1309090f1011131819    // raw_mem addr 00000af3;  byte addr 00015e60
1a1e13160104e5e0e0dce9e6e6e4eae9ece9eceaefeeedeaf8f812151e23252a    // raw_mem addr 00000af4;  byte addr 00015e80
0d100f110b0b0d0f11151317181b0a0bf9f9f8f7eeedece8fdfe0e0f2022252c    // raw_mem addr 00000af5;  byte addr 00015ea0
f8f4090c14182225242a1d200c0ee8e5cbc3c6c0cac3d9d2f5f6141721251518    // raw_mem addr 00000af6;  byte addr 00015ec0
f7f60103141921241c211c220d0defede6e2e3dededce8e3ebe9f1eff6f4eeed    // raw_mem addr 00000af7;  byte addr 00015ee0
f4f30e101b1d181c16171517101311120d100e1112170709fefffcfdf1f0eceb    // raw_mem addr 00000af8;  byte addr 00015f00
e4e0efecf5f3efebfbfa0c0e1616202524291e201012ece9d1c8cfc9cac1d4cb    // raw_mem addr 00000af9;  byte addr 00015f20
fffdfafcf1eff3f0f8f9fefe1114191e1b1e21250d0ef7f6f1eee2dcddd9e5e0    // raw_mem addr 00000afa;  byte addr 00015f40
d4cecdc6c6bce2dd000010121619131514181318121311150d130f100d120406    // raw_mem addr 00000afb;  byte addr 00015f60
f1eee3dfe3e0e3dee5e0f1efeeebf0eb04040b0d1718262b1e231a1e0404ddd7    // raw_mem addr 00000afc;  byte addr 00015f80
0c0e0f120b0c00000003faf9f2f1f9f8f8f70305131410141e201a1e0407fefc    // raw_mem addr 00000afd;  byte addr 00015fa0
1c1f1012ebe8d9d4d4cdc2bbd4cff8f505081013121311161418111311151115    // raw_mem addr 00000afe;  byte addr 00015fc0
202212140301fefdede9e4e0e4e2e4deeeebf0ecece7fdfd08080d0d1f242126    // raw_mem addr 00000aff;  byte addr 00015fe0
1215101414180e1110131113050503020000f7f6f9f6faf8fefd0c0b10121618    // raw_mem addr 00000b00;  byte addr 00016000
040414191e22191f171df7f7dcd9dad5c4bdc9c4ecedfeff0a0c0d130b0f1316    // raw_mem addr 00000b01;  byte addr 00016020
010007060b0c181c15180c0d0707f5f2ebe6e9e8e2ddeae6eeefeae5f5f30102    // raw_mem addr 00000b02;  byte addr 00016040
0d110b0f121510120f131516121210141312090a06070503fbfafefcfdfbf7f6    // raw_mem addr 00000b03;  byte addr 00016060
e9e7f1f00000feff0c0e1c1f171e1b200002e1dedfddc8c3c6beeaeafdff090b    // raw_mem addr 00000b04;  byte addr 00016080
fdfcfefef9f8000001010505151612150d0f0a0cfbf8edeae8e6e3dfe6e3eeed    // raw_mem addr 00000b05;  byte addr 000160a0
eae400000c0b11120c0e14151315101016161213121215170d0e08070706fefd    // raw_mem addr 00000b06;  byte addr 000160c0
e0dde3e1ebebe9e7eeedfcfffcfd0508151c1a1c1c210609e9e4e4e0cecac6bc    // raw_mem addr 00000b07;  byte addr 000160e0
07080607fffdff00fffefcf90000000002010c0f0e130c0e070afefff1efe5e5    // raw_mem addr 00000b08;  byte addr 00016100
e7e2ccc2c7bff2ef0000090915170f11121313150e11131411110d1114150d0d    // raw_mem addr 00000b09;  byte addr 00016120
fbfcedebe4e2dedbe4e3ebeae7e5f5f50101fdff0d0f1a1b181e1d200200e7e4    // raw_mem addr 00000b0a;  byte addr 00016140
101112140c0c07080405fdfdfffefbfdfafa0100fdff01020d0f0c0f0a0c070a    // raw_mem addr 00000b0b;  byte addr 00016160
1c1efbfaede8e5dfc4bbd2c9f5f300000e0f1316121314151112111312141010    // raw_mem addr 00000b0c;  byte addr 00016180
060b0509080afdfdeeece5e2e2dce8e6eceaece7fdfd030400001314191c1d20    // raw_mem addr 00000b0d;  byte addr 000161a0
131510100a0d0d110e1005070305ff02fbfbf8faf8f9fdfefe01fafc00040c10    // raw_mem addr 00000b0e;  byte addr 000161c0
1618191b20211516f3f0eae6dcd6c3bbdcd6fbf9050410111212121414161414    // raw_mem addr 00000b0f;  byte addr 000161e0
fdfe06080f110b0d0a0b0608fbfaece9e2dee3dfece8ebe8eeec00fe00010405    // raw_mem addr 00000b10;  byte addr 00016200
0d1112140f120e110d0f080b0b100a0d04060104ff00fcfffbfbfafcff020000    // raw_mem addr 00000b11;  byte addr 00016220
0604020109091a1d1a1d1d200d0dedebe7e4d5cbc2bae8e20000030612121013    // raw_mem addr 00000b12;  byte addr 00016240
fdfd0101000000000a0c0f120b0c0c0d0507f7f3e9e6e3dee6e0efebeeeaf4f2    // raw_mem addr 00000b13;  byte addr 00016260
060911160f110f130e130b0e0c11090e080b0d10080c03050102fefffcfcfbfc    // raw_mem addr 00000b14;  byte addr 00016280
eeebeee7f9f8070504020c0e1818191d1c200502e9e8e7e4ccc2c3bcebeafdfd    // raw_mem addr 00000b15;  byte addr 000162a0
fdfdfffffbfafbfd0302000000010b0b0e100b0d090a0203f6f3e6e4e1dbe8e3    // raw_mem addr 00000b16;  byte addr 000162c0
d1cbf6f6fdff0c0d12160f12131410120e1010120c0e090d0c11080a06070202    // raw_mem addr 00000b17;  byte addr 000162e0
e5e0e0dbe9e7efebedeafeff0303000110121417161c1417f4f4e8e5dfdcbeb8    // raw_mem addr 00000b18;  byte addr 00016300
080906060101fffd0000fdfc0301060601000807101110100e0d0b0a00fef0ed    // raw_mem addr 00000b19;  byte addr 00016320
e9e7cecabfb9e0def7f702040e121012111510150e100f110d11090b0c0d0f10    // raw_mem addr 00000b1a;  byte addr 00016340
0203fbf9ece6ded9e5dfeceaebe8f4f202040202060712151418181d0507ecea    // raw_mem addr 00000b1b;  byte addr 00016360
0a0c0f110a0c09090404fffe0000fffefdfb0404050201010b0d100e0e100d0d    // raw_mem addr 00000b1c;  byte addr 00016380
171af6f5ebe8e4e1c2bbd2cbf5f3fbfd0b0d12150f1415170f120e1112150a0c    // raw_mem addr 00000b1d;  byte addr 000163a0
0b0e090c0508fbfbf0eddfdfdad6e7e5eaeaebe8fbfe0305010210131316161a    // raw_mem addr 00000b1e;  byte addr 000163c0
141313130f0e110f12120d0d0b080202ffff0100fcfbffff0606000001030c0e    // raw_mem addr 00000b1f;  byte addr 000163e0
0d101117191cfafde8e5e8e3cbc6cbc3eae7fbfa0a0a12121214191b16171012    // raw_mem addr 00000b20;  byte addr 00016400
03000a0d0c0f1211090efafaf5f4e5e4d6d1e3e1ebe9e9e7f6f7010101050a0d    // raw_mem addr 00000b21;  byte addr 00016420
17191212101210110e0e0e110f100c0d0b0a0202fcfd02010000fcfa05050305    // raw_mem addr 00000b22;  byte addr 00016440
05060c0f131613151a1e0608eae6e8e6d3cec5bde1dff7f6040311131315171a    // raw_mem addr 00000b23;  byte addr 00016460
fe000304fe00080a0f100c0f0c0ffffef3f2e9e7d9d4ded9ece9ebeaf3f20301    // raw_mem addr 00000b24;  byte addr 00016480
141417191b1c1315121310110c0f0e0f0c0d0a0d070c0202fbfbfafefdfef7f8    // raw_mem addr 00000b25;  byte addr 000164a0
f1f1000203040d0f151812141c1e0c0eede9eae5dad2c9bee3def9f506041617    // raw_mem addr 00000b26;  byte addr 000164c0
0000fdfcfcfd0103000204060e100d120d10fe00ecede8e6d7d4d6d3e9e7ebe9    // raw_mem addr 00000b27;  byte addr 000164e0
0100101215191818181b151711110e120f0e0f100e100c0b0a0d0405fdfbfefd    // raw_mem addr 00000b28;  byte addr 00016500
ebe8f0edf3f3010105070c0e15161014171a0c0eeae6e7e1dbd7c6bdded7f7f6    // raw_mem addr 00000b29;  byte addr 00016520
fdfbfafdfefdfbfafcfd030403040a0b121512130c0efefff0ede6e5dcd6dbd5    // raw_mem addr 00000b2a;  byte addr 00016540
d9d2f5f4fffe0d1115191517161a11150f110d110a0d0d0e0c0f090b070b0303    // raw_mem addr 00000b2b;  byte addr 00016560
dfdad8d3ece8f3f1f6f2020208080e0e1719141516171011efede5dfe0dac9c0    // raw_mem addr 00000b2c;  byte addr 00016580
05070408fdfef7f8ff00fcfcfafa01010305070b111310120e110202edeae8e3    // raw_mem addr 00000b2d;  byte addr 000165a0
ded9cbc1dbd6f6f40000101216191517181a161810130f110c0f0b0d0c10080b    // raw_mem addr 00000b2e;  byte addr 000165c0
e9e6e2dfdedad8d4e9e6f5f3f4f3000108070b0d171a131313140d10ede9e3de    // raw_mem addr 00000b2f;  byte addr 000165e0
0e0f0a0c070805050101fbfaffff00fffcfb0504090a0c0f171912140a0cfffe    // raw_mem addr 00000b30;  byte addr 00016600
ede9dddadfd9cbc3d7d2f4f4fe000c0f12151215151b10150f110e110b0e0e10    // raw_mem addr 00000b31;  byte addr 00016620
0b0dfefde9e5e3e0e1ddddd9ede9faf6f7f6020009090b0e171811130f120d0d    // raw_mem addr 00000b32;  byte addr 00016640
0b0d0d100d0f090a060605060001fbf8ff00ff00fcf8030308090d0f15171012    // raw_mem addr 00000b33;  byte addr 00016660
0b0e0706e7e2dcd9ddd7cec8dedafaf802030c0f161915181216121511130d11    // raw_mem addr 00000b34;  byte addr 00016680
16190e0f0504f4f0e1dde2dee1dce0dbf1eefaf9f9f805040c0b0c0f161a0f10    // raw_mem addr 00000b35;  byte addr 000166a0
12140f1410110d0e0c0f0a0b0405040700fff9f7fefffcfcfcfc07080f111518    // raw_mem addr 00000b36;  byte addr 000166c0
1619090c07090001dddcdad6dbd7cdc9e4dffafb02030f111417151614191316    // raw_mem addr 00000b37;  byte addr 000166e0
10121618171808070201f3f0dfdae3dfe4dfe3dff2f1faf9faf90405070a0b0e    // raw_mem addr 00000b38;  byte addr 00016700
151814150e130f120b0d0b0d0d0f090a050504070100fafafefe000001020c0c    // raw_mem addr 00000b39;  byte addr 00016720
0a0c0e101518080a05060100dfdcdad3e0dbd2cee4defffe02040d0f171a1419    // raw_mem addr 00000b3a;  byte addr 00016740
04050f101417161a13130405fcfbede9ddd9e2dde6e2e5dff4f0fcfdfbfa0505    // raw_mem addr 00000b3b;  byte addr 00016760
161918191517121410130f110b0d0b0d0e100a0b060504060000fbf8fdfe0101    // raw_mem addr 00000b3c;  byte addr 00016780
fffe04080c0b0e1010150606ff00f8f9dfd9d6d2dedad8d2e7e3000007081011    // raw_mem addr 00000b3d;  byte addr 000167a0
fffd0303090b11141518171b10100000f8f6e8e6dcd8e2dee5e2e6e3f2f4fdfd    // raw_mem addr 00000b3e;  byte addr 000167c0
070811121419141a16180e110e110d0f0a0b0c0d0e100b0c0606050400fffbf9    // raw_mem addr 00000b3f;  byte addr 000167e0
f8f4fe00ffff0807080b0d0c1216040600fdfcfcdfdcd7d0dedad8d3e4e1fcfe    // raw_mem addr 00000b40;  byte addr 00016800
0102fafa0001050609091418131714141114fdfef7f1eeecdfdae4dee9e9ebe6    // raw_mem addr 00000b41;  byte addr 00016820
e9e6fdfd0a0d131414191518151610130e0f0e100d0f090c0e100d0e02040303    // raw_mem addr 00000b42;  byte addr 00016840
eceaedebf4f1fdff00ff0504060909090d0f0303faf9f6f6e1dcd5d1ddd8ddd8    // raw_mem addr 00000b43;  byte addr 00016860
080803030203fefd000006070c0e1617161713160e0efdfcf0efece9dfdce0dd    // raw_mem addr 00000b44;  byte addr 00016880
dcd6e0dde7e5fbfb090b0e11141812140f130e12080a0c0d0f100c0d0d0e0f10    // raw_mem addr 00000b45;  byte addr 000168a0
e8e5e6e3efecf2f0f7f400fd00000605070806070c0c0303f6f4f2f2e2e1d5d1    // raw_mem addr 00000b46;  byte addr 000168c0
0d0f0f0f08090303040300000202090a0c0f121512140d0f0709fdfcf1f0edec    // raw_mem addr 00000b47;  byte addr 000168e0
e2e0d9d4e1dae5e4edebfffe0b0e1012131513141111100f0d0c0c0f10110f0f    // raw_mem addr 00000b48;  byte addr 00016900
f1f2f1f0edeae8e7f1eef2f0f3f2fafbfcfd0001020501020506fe00f3f1efec    // raw_mem addr 00000b49;  byte addr 00016920
1114121310100e110c0b050705050404040409090a0e0e110f10080b0507fffd    // raw_mem addr 00000b4a;  byte addr 00016940
f1f2eae9e4e5dddadfdae7e5efedfbfa06070d0e0f110f100f0f0e0e0d0d100e    // raw_mem addr 00000b4b;  byte addr 00016960
09080302fbfbf9f5f6f4f1eef3f0f4f3f3f0f5f5fafbfdfcfe00fe00fefffbfe    // raw_mem addr 00000b4c;  byte addr 00016980
0a0c0b0c0e110e110b0e0c100c0d070806060607050608070b0d0f100e0e0a0d    // raw_mem addr 00000b4d;  byte addr 000169a0
fffdfffff8f7f0ededeae7e2e2dee9e4f1edf8f603000c0b0f100e0f0f0f0e10    // raw_mem addr 00000b4e;  byte addr 000169c0
0d0c0b0d05080303fcfef7f6f5f5f0f0efedf0f0f2f1f2f2f6f6fafafdffffff    // raw_mem addr 00000b4f;  byte addr 000169e0
0e0e0c0c0b0e0c0c0c0e0f110f100e110e0f0c0d080a070907080706090a090c    // raw_mem addr 00000b50;  byte addr 00016a00
f8f9fcfdfdfcfcfcfcfcf6f4efecedeae7e3e5e1eee9f3f0fbf906060a0b0c0e    // raw_mem addr 00000b51;  byte addr 00016a20
0a0a0a0a0d0f0b0c070a07070001fafbf5f7f3f4f1efedeef2f0f1f0f1f3f8f5    // raw_mem addr 00000b52;  byte addr 00016a40
03030a0b0b0c0a0d0d0e0b0d0a0c0f1011130e11131212120b0d0d0d0909080a    // raw_mem addr 00000b53;  byte addr 00016a60
f7f4f7f5fbf700fdfefdfffd00fefcfbf6f1efecebe8e5e1e3e1ece8f1f1fafa    // raw_mem addr 00000b54;  byte addr 00016a80
060a0507030805070608080c0b0d070b05060102fbfcf9f8f7f6f4f0f3f1f5f3    // raw_mem addr 00000b55;  byte addr 00016aa0
ede8f2eff6f604030b0d0c0d0e0e0c0e0c0d0c0d0a0d10110d0f0c100f10090c    // raw_mem addr 00000b56;  byte addr 00016ac0
f3f1f2eef5f3f6f5f6f3faf8f9fafcfbfdfcfbfcfcfbf6f5efedeeeae6e4e2e0    // raw_mem addr 00000b57;  byte addr 00016ae0
0f100d130c0e0709060a05070507080a090d0d0e0a0b07090305fcfcf7f6f6f4    // raw_mem addr 00000b58;  byte addr 00016b00
eeebeae7e3dfe7e2f0eef5f300000a0c0b0d0e0e0e0f0d0e0c0d0c0e0f121010    // raw_mem addr 00000b59;  byte addr 00016b20
0100fbf8f7f5f2f1f2f0f4f1f2f2f6f4f5f5f6f7fbf9f8f9fbf9fcfaf8f9f2f1    // raw_mem addr 00000b5a;  byte addr 00016b40
080c0b0e0d110d1010120e110b0d0b0b070908090a0b0c0d0f1010120c0d0707    // raw_mem addr 00000b5b;  byte addr 00016b60
fafafffdf6f5f0edeeebe2e0e1deeae7ecebf8f804070a0c0e0f0b0f0a0d0a0d    // raw_mem addr 00000b5c;  byte addr 00016b80
10120b0e080a0304faf9f3f0f2f0eeebeeecf5f4f5f3f6f7fbf9f8f8fcfbfbf9    // raw_mem addr 00000b5d;  byte addr 00016ba0
10100c100e110c0d0c0f10110d110d1110100b0f0a0c0a090609090a0a0b0d0f    // raw_mem addr 00000b5e;  byte addr 00016bc0
faf9fbfbfaf7f9f8fdfcf7f5f0eff2f0e8e5dfdbe8e5ebe8f1f0010107090c11    // raw_mem addr 00000b5f;  byte addr 00016be0
0b0a090c0d0e11110c0f0b0b0809fbfcf6f2f3f2ede9eeeaf4f2f6f3f7f7fcf9    // raw_mem addr 00000b60;  byte addr 00016c00
fdfd06090c0d0f120f1211120d0f0d1012120e0f101113130f100e0e0b0d0a09    // raw_mem addr 00000b61;  byte addr 00016c20
f5f4f2effbfcfcfdf8f7faf9f6f6f8f8f7f7efeeefeee9e8dfdbe6e2eaeaeeeb    // raw_mem addr 00000b62;  byte addr 00016c40
0a0d0e0f080b08090c0d0b0d0f0f0e110a0c090b0202f6f4f5f5f1eee8e3f0f0    // raw_mem addr 00000b63;  byte addr 00016c60
e3e2ede8eae8f6f805050a0b0f12101110120f120d0f0f130d0f0b0e10130d0f    // raw_mem addr 00000b64;  byte addr 00016c80
f1efeae8eeedf3f1f4f2f8f7fbfafaf9faf9f8f7f7f6faf9f4f0eeedefede4df    // raw_mem addr 00000b65;  byte addr 00016ca0
0c0f101212120b0e0c0e0d0d090b0b0b0c0c0c0f0d0e0a0b090c0404faf8f6f6    // raw_mem addr 00000b66;  byte addr 00016cc0
eeecefede8e6e5e1ebe8eeebf6f303030a0b0f0f1013121311120e1011121011    // raw_mem addr 00000b67;  byte addr 00016ce0
0506fefef6f5f3f2edebeceaf2f1f4f2f5f4fafaf7f9f6f6f5f5f2f3f7f5f2f2    // raw_mem addr 00000b68;  byte addr 00016d00
10120f1010120e100e1011140c0e0d0e0e0f070a0a0b0c0c090c0d0e0b0d0609    // raw_mem addr 00000b69;  byte addr 00016d20
f3f2f5f3f4f3efecefedebebe6e1ece8eeeef3f1000008090a0d0f1110100f11    // raw_mem addr 00000b6a;  byte addr 00016d40
0a0c0a0a08090405fefdf8f9f5f4efedeeeef2f1f2f0f5f4f9f9f6f7f6f5f6f5    // raw_mem addr 00000b6b;  byte addr 00016d60
0e1010120f100f110f110f100e110f110f110d100e100e0f0b0c090c0b0c0b0c    // raw_mem addr 00000b6c;  byte addr 00016d80
f6f7f5f3f6f2f1f1f3f0f5f0eeecefedefeceae5edeaf3f0f7f500000a090c0d    // raw_mem addr 00000b6d;  byte addr 00016da0
0b0d0a0d0908080c07090404000500fdf8f8f5f7f3f1eff0f4f2f4f3f3f4f8f6    // raw_mem addr 00000b6e;  byte addr 00016dc0
ff000507090b080b0c0d0c0e0b0d0d100d110e0f0f120f130f0f0f100e110c0c    // raw_mem addr 00000b6f;  byte addr 00016de0
f6f3f6f5f6f4f6f4f4f4f3eff1eff2f0f1eeefeef1eeefeceeebf2f0f6f3f9f7    // raw_mem addr 00000b70;  byte addr 00016e00
0e0f0a0c0a0c080c0808080a0509040604060002fefffcfbfafaf6f5f6f4f6f5    // raw_mem addr 00000b71;  byte addr 00016e20
faf9fcfb0100030508080809090a0b0a090d0b0d0c0c0c0e0d0e0f100d110e0f    // raw_mem addr 00000b72;  byte addr 00016e40
f9f9f6f6f6f4f5f2f3f1f3f1f2f0f2eef1eff1eef2f0f3f1f5f1f6f4f5f3faf6    // raw_mem addr 00000b73;  byte addr 00016e60
0a0c090b0708060905070505020601030303000402040203ff000000fefdfafc    // raw_mem addr 00000b74;  byte addr 00016e80
fcfcfdfdff00010203030506090908080a0a090b090a0c0c0a0a0a0d0b0d090a    // raw_mem addr 00000b75;  byte addr 00016ea0
f8f5f9f5f7f6f6f3f5f2f2f1f2f0f3f1f1f1f2f1f5f2f2f3f6f4f7f7f7f7fbfa    // raw_mem addr 00000b76;  byte addr 00016ec0
0b0d0b0d090b070c060806070508010402020000fe00fffefcfbfcfafcfafaf9    // raw_mem addr 00000b77;  byte addr 00016ee0
ffff000003020404060407090b0a0c0c080e0c0d0e0e0a0d0c0d0b0f0b0f0d0e    // raw_mem addr 00000b78;  byte addr 00016f00
f4f2f3f2f1edf0eff1eef0edf1eef1eef1eff3eff6f3f6f4f5f3faf8faf9fcfb    // raw_mem addr 00000b79;  byte addr 00016f20
0d100c0e0a0f0a0d0a0a080a06090507030401030101fefefbfbf9f8f7f7f6f3    // raw_mem addr 00000b7a;  byte addr 00016f40
fdfc000000020502050605070808080b0b0a0b0d0d0f0f100e110f110e110c10    // raw_mem addr 00000b7b;  byte addr 00016f60
f4f1f2eeeeeceeebeceaeceaede8ece8ece9edeceeedf0eef3f1f3f4f9f7fbfa    // raw_mem addr 00000b7c;  byte addr 00016f80
111611140e120f120c0e0c0e0b0c08080708040503010200fdfdfefbfcf9f5f3    // raw_mem addr 00000b7d;  byte addr 00016fa0
f9f6fcfaff0000000304050607080d0e0f121013121512171015111512170f14    // raw_mem addr 00000b7e;  byte addr 00016fc0
f8f8f4f0f1edefedede7ebe6e7e3e6e2e7e2e8e3e9e5eae6ede8eeebf1eef4f4    // raw_mem addr 00000b7f;  byte addr 00016fe0
16191317131812150f140f120d0f0d0e090c0707050602030000fefffbf9f9f7    // raw_mem addr 00000b80;  byte addr 00017000
f0eef4f0f7f7fdfe01000405080a080b0c0d101311171617141913191517151a    // raw_mem addr 00000b81;  byte addr 00017020
f8f6f8f7f4f3efedeeecece9e8e4e5e2e4e0e4e0e3e1e6e0e7e2e7e5e9e5ebe8    // raw_mem addr 00000b82;  byte addr 00017040
181a181a161a16191518151613150f100e0f0c0f080806060404010100fffcfa    // raw_mem addr 00000b83;  byte addr 00017060
e9e7eeedf4f1f5f4fcfd00000203060806090a0c0f1311161519171a161a161b    // raw_mem addr 00000b84;  byte addr 00017080
fefbf9f7f9f7f9f4f1eff4eff0eaeae7ece5e7e2e6e2e6e0e5e1e5e2e8e3ebe6    // raw_mem addr 00000b85;  byte addr 000170a0
161915191519151713171216121411130e100d0e0b0d0809060606050102ffff    // raw_mem addr 00000b86;  byte addr 000170c0
e9e4eaeaf1f0f4f2f7f7fefeff000406070906090c100f14121714181419161b    // raw_mem addr 00000b87;  byte addr 000170e0
fefdfbf9f9f7f7f5f4f1f1efefedece7e8e5e6e2e7e1e5e1e3dfe4e0e4e2e7e4    // raw_mem addr 00000b88;  byte addr 00017100
151a14181618141914171418131511140f130d0c0a0e090b0606040703020000    // raw_mem addr 00000b89;  byte addr 00017120
e7e6ebe7f0f1f3f2f8f5fbfe00000504050a050a0e0e121613161618151a1619    // raw_mem addr 00000b8a;  byte addr 00017140
01fffffdfbf7faf6f5f4f2eff0eeebeae9e6e6e2e6e2e4e1e2dfe4e1e6e2e8e6    // raw_mem addr 00000b8b;  byte addr 00017160
1317131916191518151816171215121311110e0f0c0c0b0b0807060607040200    // raw_mem addr 00000b8c;  byte addr 00017180
e8e5eceaefedf2f2fafafbfa000105070406070c0c0e0e121118131613171418    // raw_mem addr 00000b8d;  byte addr 000171a0
fcfbfcf8f7f6f6f3f3f0f0eeefeaebe8e7e5e5e1e6e2e2e0e2dee4e0e4e4e8e4    // raw_mem addr 00000b8e;  byte addr 000171c0
151b15171519151813151216131310120d100d0d0a0a0808060504030201ffff    // raw_mem addr 00000b8f;  byte addr 000171e0
edebf3f1f5f4fafa000002040706090b0b0d0e12111613161217131a15191517    // raw_mem addr 00000b90;  byte addr 00017200
f8f7f6f2f1f0efefeee9eae9e8e4e5e1e5e3e3dde0dde4e0e6dfe6e2e9e5e9e6    // raw_mem addr 00000b91;  byte addr 00017220
17181718141914161415121510100f0f0e0d0b0907060604040100fffefdfbfa    // raw_mem addr 00000b92;  byte addr 00017240
f7f7fcff00010305050807090b0d0e110f14121611171216151815181518161a    // raw_mem addr 00000b93;  byte addr 00017260
f3f0f0ecedeaeae7e7e3e5e1e3dee0dde2dde3dee3e1e6e2e7e6eae9efedf3f3    // raw_mem addr 00000b94;  byte addr 00017280
0f13111310110f120e0e0c0c0c0b090705060304030000fffdfafcf8f8f6f5f1    // raw_mem addr 00000b95;  byte addr 000172a0
070808090a0c0d1110120f141115121310151316121610161314101511161212    // raw_mem addr 00000b96;  byte addr 000172c0
e8e5e6e4e2dfe2dee0dde2dde4e2e5e1e8e5e9e8eeebf3f1f6f5fdfc00000404    // raw_mem addr 00000b97;  byte addr 000172e0
11100f0f0f0d0c0c0a0808060606030000fffffcfaf8f8f7f4f1efeff1eeebe8    // raw_mem addr 00000b98;  byte addr 00017300
0d1110130e130e120e120e121012101410141112121510141011121310121110    // raw_mem addr 00000b99;  byte addr 00017320
e5dee2dfe3e1e7e3e7e5eae7eeebf1eff3f4fafafefe000404060407090c0b0f    // raw_mem addr 00000b9a;  byte addr 00017340
07060706050501010000fffdfcfafaf6f7f4f5f0f2eff0ecece7e8e4e5e1e3df    // raw_mem addr 00000b9b;  byte addr 00017360
0f120e120f110e110e110e120c100c100c0f0b0e0a0e0c0b0b0d090d0a0a080b    // raw_mem addr 00000b9c;  byte addr 00017380
eae8eceaf1eef6f5f9fafeff030306070708080b0e0f0f12121612140e121012    // raw_mem addr 00000b9d;  byte addr 000173a0
0300fffcfcf9f9f6f7f4f4f2f0edede9e9e5e6e3e4e0e2dee3dfe4e0e4e2e7e4    // raw_mem addr 00000b9e;  byte addr 000173c0
0b0f0a0e0c0c0b0e0b0e0b0d0c0c0c0d0b0c0a0a08090a070909080605030302    // raw_mem addr 00000b9f;  byte addr 000173e0
ff0001020406060908090b0e0d1210110f120e120e110c110d0f0c0f0b100d0f    // raw_mem addr 00000ba0;  byte addr 00017400
f5f1f2eeede9ebe6e8e5e7e1e5e0e7e1e8e3e8e5e9e5ebe8efecf3f1f8f5fafb    // raw_mem addr 00000ba1;  byte addr 00017420
0a0c070906070607010404050507010402020002ff00fefcfcfcf9f8f8f6f6f5    // raw_mem addr 00000ba2;  byte addr 00017440
080a1115151915181518151a1417151715181215141711130c0f0d100a0b090a    // raw_mem addr 00000ba3;  byte addr 00017460
ebe9ece7ece7ebeaeeebebe8e7e6eae7ece8eeebf3f1f5f4f5f6f8f8faf9ffff    // raw_mem addr 00000ba4;  byte addr 00017480
040500010000fffe00000305040303010100fffcfffcfefbfcfaf9f7f7f3f1ee    // raw_mem addr 00000ba5;  byte addr 000174a0
10141013111612140e12090d090a080c080b080a070903050203030402050505    // raw_mem addr 00000ba6;  byte addr 000174c0
e9e4e4e0dfdae4dfe8e4ece8f1eff2eff2effeff0e0f12161418131811141215    // raw_mem addr 00000ba7;  byte addr 000174e0
fafafdfd0000fdfefbf9fdfdfe00030105040102fefef6f5f3f1f9f5f8f5eeeb    // raw_mem addr 00000ba8;  byte addr 00017500
050804040606040405060a0a06060303020101000202ff00fcfbfbfaf8f9f8f7    // raw_mem addr 00000ba9;  byte addr 00017520
ece9f7f70809131512151418171b16181519151814160f130b0d0a0f0a0c090a    // raw_mem addr 00000baa;  byte addr 00017540
0404090a0807040500fe00fe0000fbf5f1eeeae6e3dcdfdae1dbe6e1ebe6eae6    // raw_mem addr 00000bab;  byte addr 00017560
05070707020201030102fafafcfdf9f6ebe9f5f5fcfbf7f7f7f7f8f6fbfafefe    // raw_mem addr 00000bac;  byte addr 00017580
171a191d1b20161811140e11080906080507000102040202fafc02050c0c0609    // raw_mem addr 00000bad;  byte addr 000175a0
fafaf4f0ebe9dfdbd9d3dcd6e2dee6e2e7e2e8e3f5f40b0d161915171a1c1b20    // raw_mem addr 00000bae;  byte addr 000175c0
fdfbf1f0f0eff5f2f2f2f4f2f6f3f4f3f8f802020809090a0606fd0001010305    // raw_mem addr 00000baf;  byte addr 000175e0
06060001000001010001fefe00000607090b080c0a0b090a0607050502020000    // raw_mem addr 00000bb0;  byte addr 00017600
e7e3dfd9e5e3ffff0a0c0f121617191c1d211a1e1b1d1b1e171b15170e11090c    // raw_mem addr 00000bb1;  byte addr 00017620
efecf7f6000008090c0d030404050d0b0304fbfcf7f5ebe9dedbdad5dcd6e3df    // raw_mem addr 00000bb2;  byte addr 00017640
030206070a0c0c0d0a0d070a040504060404f9f9f3f2f4efefeff0eef2efefee    // raw_mem addr 00000bb3;  byte addr 00017660
191a191e1b1e1a1e191c171b1217100f0c0e0305fcfbffffff00fbfbfcfcff00    // raw_mem addr 00000bb4;  byte addr 00017680
0a0b0100fefff6f4e5dfe2dfe0dcded9e8e4dfdbdcd6f6f407090b0b0f121518    // raw_mem addr 00000bb5;  byte addr 000176a0
0707f9f9fcfaf8f7f2f0f0eeeeeeeeebeae7f1effbfa0001090804040002090c    // raw_mem addr 00000bb6;  byte addr 000176c0
0b0e060500ff0101fefcf8f7fefcfdfcfcfc03050708080a0a0b070507081012    // raw_mem addr 00000bb7;  byte addr 000176e0
e9e5dfd9ded8f5f3040607080a0c10131516181c1b221e201a1c191e171d1012    // raw_mem addr 00000bb8;  byte addr 00017700
e7e4efedf6f600ff020602010101090b0a0802040204f6f3e5dfe5e1e4e1e5e0    // raw_mem addr 00000bb9;  byte addr 00017720
fbfa000005050709070a09090708080a0b0c0405fbfbf7f5f3f3f3f2f5f1e9e9    // raw_mem addr 00000bba;  byte addr 00017740
14171519181c191d171c191c191b131711120a0b02030000fdfffbfbf9f9f8f8    // raw_mem addr 00000bbb;  byte addr 00017760
040402050502f2f1e4dfe8e4e7e5eae5e8e5dbd6e2ddfbfa0506070909090d0f    // raw_mem addr 00000bbc;  byte addr 00017780
0a0c0305fcfaf5f3f5f4f8f7f4f3eae6e9e6f3f1faf9ff00040200fe00030909    // raw_mem addr 00000bbd;  byte addr 000177a0
0f1107090002000000fdfbfbf8f9f8f6fafb0000010404060a07060806070b0a    // raw_mem addr 00000bbe;  byte addr 000177c0
e6e2d9d5eae700ff0505060809090c0e11161619181b1a1c181b181a181b1416    // raw_mem addr 00000bbf;  byte addr 000177e0
eae9f5f2f9f8feff0201ffff03020708030206080303ebe9e5e1ece8e9e8edea    // raw_mem addr 00000bc0;  byte addr 00017800
fcfb0301020504030808060908060b0b080bff00f8f8f5f4f5f4f6f6f0ece7e2    // raw_mem addr 00000bc1;  byte addr 00017820
11131418171b181b181b181b1a1c15160e11080b03030304ff00f8f9faf8f9f8    // raw_mem addr 00000bc2;  byte addr 00017840
080708090406efece5dfece9eeebece8e5e1dcd7e7e3fffe07090505060a0d10    // raw_mem addr 00000bc3;  byte addr 00017860
090cfdfdf7f6f8f8f5f4f1f2ede9e4e0e8e7f4f2f7f6fcfb010200ff02010909    // raw_mem addr 00000bc4;  byte addr 00017880
0f100b0d070802030000f9f8f7f6fcfafdfc0100050503050505090b080b0c0d    // raw_mem addr 00000bc5;  byte addr 000178a0
e8e2dad5dcdaf9f70507040608070d0f13161618171a181b171c1a1d1b1c1518    // raw_mem addr 00000bc6;  byte addr 000178c0
e7e3f1eef4f2f7f5ff00ff00fdff06060809060a0a0af6f4e1dfede9f0ede9e8    // raw_mem addr 00000bc7;  byte addr 000178e0
fcf9fdfd030304030505090a0e0f12120d0d0203fbfbfdfcfafaf3f1ede9e4e1    // raw_mem addr 00000bc8;  byte addr 00017900
101113131417171a1b1d1c211c20161810100e110b0d04050000fbf9f6f5f9f9    // raw_mem addr 00000bc9;  byte addr 00017920
080b0a0d0a0cf8f9e4e2ebe7f3f1efece8e3ddd8e0d9f4f20403060307070c0d    // raw_mem addr 00000bca;  byte addr 00017940
0b0c030300000100fdfdf4f2edebe7e5e5e1ebe8eeeef2f2fcfbfdfefbfa0100    // raw_mem addr 00000bcb;  byte addr 00017960
141612140e10090a0205fdfcf8f5f8f7fcfaffff0000ffff000209090f100f12    // raw_mem addr 00000bcc;  byte addr 00017980
e9e5ddd8d7d4e5e0fdfe050704030a0c100f0e1012151717191c1b20191d151a    // raw_mem addr 00000bcd;  byte addr 000179a0
e8e2eae6eeecf3f1faf8fcfbf8f9fcfc090a0f110e0f0100ebe9e9e5f3f3f2f3    // raw_mem addr 00000bce;  byte addr 000179c0
fcfcfefefcfdfaf9fbfb04070f101012090b0305040305040204faf8f0edebe9    // raw_mem addr 00000bcf;  byte addr 000179e0
0a0b0c0e0e1317171a1d1b1e1d1d1a1c171a141612150d1006060000f9faf9f7    // raw_mem addr 00000bd0;  byte addr 00017a00
070612150f110406eef1e6e3f2eff7f8eceae0dbd5d2dcd6f5f4030605040508    // raw_mem addr 00000bd1;  byte addr 00017a20
080904050608060806070000f3f1ecebe9e5e6e4edebf3f0f5f4fbf8f8f8f7f6    // raw_mem addr 00000bd2;  byte addr 00017a40
15181317161711140b0b0403fbfcfbf9fefbfcfffafaf6f4faf903030c0e0f12    // raw_mem addr 00000bd3;  byte addr 00017a60
f4f1e3e2d6d1d8d1eeec010306080506070a090a0a0e10141416161a15191618    // raw_mem addr 00000bd4;  byte addr 00017a80
e9e6e6e3ebe9f2eff3f2f5f4f6f3f7f60505151613150809f9f7ede8f3f3fefc    // raw_mem addr 00000bd5;  byte addr 00017aa0
010100fffcf9f7f4f9f902020b0c0c0e0708040606080a0c09090100f6f6edeb    // raw_mem addr 00000bd6;  byte addr 00017ac0
02040509090c0e11111514181318141814171317151913150c0d030500fe00fe    // raw_mem addr 00000bd7;  byte addr 00017ae0
0202141614160709fdfaefedf3f300fff7f5e6e2d9d3d6d1e9e6ff0005070203    // raw_mem addr 00000bd8;  byte addr 00017b00
0406020408080d100b0c0202faf9f0edebe7ebe6eae9f0eef4f0f2eef1f0f5f4    // raw_mem addr 00000bd9;  byte addr 00017b20
13171518171a14180c0e0304ff000000ff00fcfdf7f4f2f2f8f70201090b0b0b    // raw_mem addr 00000bda;  byte addr 00017b40
fbfbeae7ddd5d7d0e2defbf70909090907080a0b0d0d0f111114121612161215    // raw_mem addr 00000bdb;  byte addr 00017b60
ecebece8e9e7ececf3efeeeef0eef5f2fd000f131316080afdfdf2f0f3f100fe    // raw_mem addr 00000bdc;  byte addr 00017b80
0202fcfef6f6f3f1f5f600ff07070809070807080a0a11110f100708fffef3f1    // raw_mem addr 00000bdd;  byte addr 00017ba0
0605090b090b0f0f131412161414121413171517141a13160c0d040700010000    // raw_mem addr 00000bde;  byte addr 00017bc0
fbfa0b0d151a0f100100f8f8f5f3fcfb0000f1edddd8d6d1d9d5efeb04040607    // raw_mem addr 00000bdf;  byte addr 00017be0
0406010306060b100c10080a0002f8f7efedebe9ebe8eeebefededebedebf0ef    // raw_mem addr 00000be0;  byte addr 00017c00
1616161a1a1b191a10140b0a060503050305fefff7f6f4f1f5f4fefd03040506    // raw_mem addr 00000be1;  byte addr 00017c20
0002f8f8e4e0d4d0d3cce2dffafb0809070806070a090d0e1013131412151315    // raw_mem addr 00000be2;  byte addr 00017c40
f6f5eeebebe9f0ebf2eef1efeeeaf1eefcf90808161915160406fcfaf6f4faf9    // raw_mem addr 00000be3;  byte addr 00017c60
0706fefff6f3f3f1f5f6fdfd000200010000000205070d0f0c0f080b0000f9fa    // raw_mem addr 00000be4;  byte addr 00017c80
07080506090a0d0f10121211111412131514181b181b171a10110909080a0708    // raw_mem addr 00000be5;  byte addr 00017ca0
f3f200031213151a0a0bfdfcf7f7faf9000000ffebead8d1d1cbd9d6f1ed0304    // raw_mem addr 00000be6;  byte addr 00017cc0
0402030504050b0c0e110b0d070a0000f5f3efededeaecebefeeeeede9e9ebe7    // raw_mem addr 00000be7;  byte addr 00017ce0
11131518181a161810140c0c090b090a090a0204fcf9f7f5f4f4fdfb03030202    // raw_mem addr 00000be8;  byte addr 00017d00
03020504faf8e3dbd1cad6d1e6e0fafa0808080706080b0d101210120e100f11    // raw_mem addr 00000be9;  byte addr 00017d20
faf8edeeeceaeceaebecefece9e9e6e3f0ecfdfe0c0d171a10130102fcfafcfc    // raw_mem addr 00000bea;  byte addr 00017d40
0a0b0505fcfdf5f4f6f3f9f9ff00020101000103030407070d100f100a0c0204    // raw_mem addr 00000beb;  byte addr 00017d60
fffc060906090c0e10110e0f0c100e0f12131519181b171b12150c0f0b0d0c0b    // raw_mem addr 00000bec;  byte addr 00017d80
e8e8f6f4050612151617080dfdfcfafafcfe01010001eeead6d2cfc9d6d1e7e7    // raw_mem addr 00000bed;  byte addr 00017da0
00000200000306060c0c0e1210100a090000f8f5f0eef0edf0eef1f0f0ece8e5    // raw_mem addr 00000bee;  byte addr 00017dc0
12141517191a181b14170f110d0f0b0c0a0b0808ff00f8f6f5f3f5f6fefc0002    // raw_mem addr 00000bef;  byte addr 00017de0
fcfc00010201fbfbe9e4d5cfd0cbdbd5edeb00ff080a0a0c0e0e111210111011    // raw_mem addr 00000bf0;  byte addr 00017e00
0505fdfbf1f1eeecf0edeeededeceae7e7e3ecebfbfa080a121710120306fcfb    // raw_mem addr 00000bf1;  byte addr 00017e20
0d0e090b0403fefcf8f6f6f4fafafffe000002020100040409090b0e0f110b0e    // raw_mem addr 00000bf2;  byte addr 00017e40
dbd6efed000106090a0b0a0d0a0d0b0d0b10121415181419151813140f100e0f    // raw_mem addr 00000bf3;  byte addr 00017e60
e9e7e8e5f3ee00000d0e14170f13060500fe000004030504faf9e7e2d5ced0c9    // raw_mem addr 00000bf4;  byte addr 00017e80
00fd01010303040205070b0a0d0e0f130b0b0102fbfdf1f0efecf0eeedeceee9    // raw_mem addr 00000bf5;  byte addr 00017ea0
0d0f0f121517181a151a14161414101210100e10090a0302fdfcf9f6faf8fdfb    // raw_mem addr 00000bf6;  byte addr 00017ec0
0506fefefcff00000101fafae7e4d5cfcdc7d4d0ebe90000090a0c0d0a0c0c0d    // raw_mem addr 00000bf7;  byte addr 00017ee0
0f100d0c0304f9faf6f3f0edeeecf0edeceaeae7e9e6efeefdfe090c13151013    // raw_mem addr 00000bf8;  byte addr 00017f00
0d100f10080e0506ff00f6f9f5f3f6f5fbfbffff00000201030507080c0d1012    // raw_mem addr 00000bf9;  byte addr 00017f20
dad4cec7d3cde7e1fcfa09090e100f0f12101113121517181619131714160e13    // raw_mem addr 00000bfa;  byte addr 00017f40
eeededeaece7eae7efedfafa070912151015080aff00fdfe00000203fdfeedea    // raw_mem addr 00000bfb;  byte addr 00017f60
f8f7fbfafffeff00030104050a0a0f10101312110e0f0706fefcf5f4efecedeb    // raw_mem addr 00000bfc;  byte addr 00017f80
0b0e0c0f0e1212141519161a191a1418111411130e110c0f07090001fafbf9f6    // raw_mem addr 00000bfd;  byte addr 00017fa0
1011151812160809fefefdfefe000000f7f7e4e3d3ccc9c5d4cee9e7fdff0a0a    // raw_mem addr 00000bfe;  byte addr 00017fc0
07090a0e0b0f0a0d06090002f9f7f1f0eeebefecf0eeefeaedeaeeeaf4f20102    // raw_mem addr 00000bff;  byte addr 00017fe0
181b17161416141513110d0e0606fffef9f9f8f6f8f8fbfdfefdfeff01030404    // raw_mem addr 00000c00;  byte addr 00018000
0000fefef4f5e1decfcac7c4d2cfece900000a0b0e100f12131515191819191c    // raw_mem addr 00000c01;  byte addr 00018020
f6f6f2eeeeeaeeebf1eef1ecf0ebf1eff9f504051113161812160608fefefefe    // raw_mem addr 00000c02;  byte addr 00018040
030200fdf8f8fdfafefdfefe00000000020306090c0e0e0f0d0f0b0b06070000    // raw_mem addr 00000c03;  byte addr 00018060
d7d2ebebffff080c0c0f0e12101613161418141a131711130e120f100f0f070b    // raw_mem addr 00000c04;  byte addr 00018080
eeeaf1eef7f706051214161913140506fe00fefdfffefe00f5f3e3ddd2cdcdc5    // raw_mem addr 00000c05;  byte addr 000180a0
0402040405050a0a0e100e110d0f08090003fbfcf4f4eeedece9eae8eae9ebeb    // raw_mem addr 00000c06;  byte addr 000180c0
101211181318121412161113101211130f100b0a0403fefefcf9fffc01000301    // raw_mem addr 00000c07;  byte addr 000180e0
1315090800fcfdfdfefdfefbf4f4e3e0d6cecfc9d7d3eeebff00080a0d100f12    // raw_mem addr 00000c08;  byte addr 00018100
10120a090101fbfbf5f4efedece9ebe8edeaefedf0ecf3f1faf9040410121516    // raw_mem addr 00000c09;  byte addr 00018120
0d110d0f0c0f060b0202fffffafbfbfafefe01010302020305040a0b10101214    // raw_mem addr 00000c0a;  byte addr 00018140
f6f4e8e5ded7d5cfd6d1eae3fafa06071010111513171418131611160e130e11    // raw_mem addr 00000c0b;  byte addr 00018160
efecedebeae7ede9eeedf0eef7f70000070a0e110f12070bfffef9faf6f7f9f6    // raw_mem addr 00000c0c;  byte addr 00018180
fffefcfcfeff03010304050507050a080f0e1415171714140909fffef9f5f1ee    // raw_mem addr 00000c0d;  byte addr 000181a0
f2f1ffff0d0d1014101214161116101410120b100b0f0a0d070d090b0405ff01    // raw_mem addr 00000c0e;  byte addr 000181c0
f5f5fcfa0204080b0f0f0c0e0404fffdf8f6f6f4faf8f3f1e9e4e2dbd8d1e1da    // raw_mem addr 00000c0f;  byte addr 000181e0
0203020606070b0a0d1110100a0a0003fcf8f6f2f2f1f1f0efeceeecf0ecf2f0    // raw_mem addr 00000c10;  byte addr 00018200
0f1311120f110c0f0c0e0b0e0a0c080a050802040001ff00ffffff0100010202    // raw_mem addr 00000c11;  byte addr 00018220
ff00f9faf8f4f1f1f1f1edece2e1e2dee0dde8e5f5f5fefe08080c0e0e101012    // raw_mem addr 00000c12;  byte addr 00018240
0b090503fffffcf7f7f4f7f4f7f0f4f1f5f2f6f1f8f900fe0502060a07090705    // raw_mem addr 00000c13;  byte addr 00018260
090a070a0709050704040102000301030001000300020303040606080b0a0a0c    // raw_mem addr 00000c14;  byte addr 00018280
ede9e8e6e7e5eae5f3f2fcfc04050e0e0e0f0e1010130d100e100d10090c0b0b    // raw_mem addr 00000c15;  byte addr 000182a0
f6f4f5f4f6f2f7f4f7f5fbfa000002020404030200fefbfbf8f6f4f2f2f0f2ef    // raw_mem addr 00000c16;  byte addr 000182c0
060905070405020401030104020403040406050706050103ff00fdfbf7f8f6f3    // raw_mem addr 00000c17;  byte addr 000182e0
00000507090c0a0e0a0d090b090b0a0c080c060a060906090606060906090606    // raw_mem addr 00000c18;  byte addr 00018300
00fe01000302010000fefcfbf8f3f6f3f4f1f2f0f3f0efededebf0edf1f0f8f7    // raw_mem addr 00000c19;  byte addr 00018320
000101020004010302030002ff01fdfefdfcfbfbfbf8f8f8f9f6f9f7f8f6fcf9    // raw_mem addr 00000c1a;  byte addr 00018340
0709090a0a08080a09090909080907080708070a080b09080809040805050304    // raw_mem addr 00000c1b;  byte addr 00018360
f7f6f6f4f6f4f4f3f5f3f5f3f5f4f8f6f7f5faf9fefd000109080809070a0a09    // raw_mem addr 00000c1c;  byte addr 00018380
0001fefeff00fefefdfefcfcfaf9f9f8f7f6faf8faf9f9f8fdfbfcfbfbf9faf8    // raw_mem addr 00000c1d;  byte addr 000183a0
0306030603070507050705090407010403060103000200020001000300010001    // raw_mem addr 00000c1e;  byte addr 000183c0
fffdfffd00fc00ff020004020404060506060405050404050505060505080406    // raw_mem addr 00000c1f;  byte addr 000183e0
fcfdf8fbf7f7f9f7f6f7faf6f9f8f9f8fbf6f9f5faf7faf8fbf8fcfafdfbfffb    // raw_mem addr 00000c20;  byte addr 00018400
0406020604020204000102020103000301010101000000000000fefffdfffcfd    // raw_mem addr 00000c21;  byte addr 00018420
0000010000010102020202030303040404040305050305050304040304060403    // raw_mem addr 00000c22;  byte addr 00018440
fdfbfdfdfefefefdfffd00feff0000ff00feffff00ff01fe0000ff0001000000    // raw_mem addr 00000c23;  byte addr 00018460
fdfffefffcfffbfdfcfefcfdfbfdfbfefbfdfbfefbfcfcfcfbfcfbfbfcfdfbfc    // raw_mem addr 00000c24;  byte addr 00018480
02ff0502030302000303010102010103000001010000ff000002fefffffffe00    // raw_mem addr 00000c25;  byte addr 000184a0
ff00000000ff0000020001000201030103000301020002000301010004010303    // raw_mem addr 00000c26;  byte addr 000184c0
0000ff00ff00ff00fdfffefffefffdfffefefdfffdfffefffffffeffff000000    // raw_mem addr 00000c27;  byte addr 000184e0
00ffff0000000000fefe000000000000000000000000000000ff000000000000    // raw_mem addr 00000c28;  byte addr 00018500
0000010002010100020003010100010101000000010100ff0000000000000000    // raw_mem addr 00000c29;  byte addr 00018520
fbfefbfdfbfefbfdfbfcf8fefcfdfbfdfafefefefdfefe000000000000000100    // raw_mem addr 00000c2a;  byte addr 00018540
010101000200000001000302000101000101ff0000fffd00fd00fefffcfffcff    // raw_mem addr 00000c2b;  byte addr 00018560
0101020002000202020103000201020001010200010001010200020202000100    // raw_mem addr 00000c2c;  byte addr 00018580
fdfefdfefcfefcfdfd00fdfefdfe00ffffffff0000ff00000000000000000100    // raw_mem addr 00000c2d;  byte addr 000185a0
000001000000010001000000020100fffe000000ff00fdff00fefdfffcfffefe    // raw_mem addr 00000c2e;  byte addr 000185c0
02000200020303000200020101000000000001ff000000ff0000000000ff0000    // raw_mem addr 00000c2f;  byte addr 000185e0
f8fbf9fdfbfefafcfbfefcfdfefefefffefe0000000001000200010002000202    // raw_mem addr 00000c30;  byte addr 00018600
010001010100000001ff0000fe01fefefefefc00fbfcfbfbfafefafcfafcfafe    // raw_mem addr 00000c31;  byte addr 00018620
0001020003010100010002010200010001010301010001000300010002010300    // raw_mem addr 00000c32;  byte addr 00018640
fdfefdfefd00feffff00ff0000ff010001000301020003000201010003000300    // raw_mem addr 00000c33;  byte addr 00018660
00000000ffff00ffff00fefffefefcfffdfefdfdfbfefdfffdfefcfffdfefdfe    // raw_mem addr 00000c34;  byte addr 00018680
0300020100000200010001000200000001010100000002000000000002000100    // raw_mem addr 00000c35;  byte addr 000186a0
fbfefbfcfcfdfefffefe00ffff00000001000000000000000000000000000100    // raw_mem addr 00000c36;  byte addr 000186c0
00fffdfdfefefefefcfdfcfefcfefcfffbfefbfcfbfffbfdfbfcfafffbfcfbfd    // raw_mem addr 00000c37;  byte addr 000186e0
0200030000000200030001030403030201000100030203010304060402030102    // raw_mem addr 00000c38;  byte addr 00018700
ffffff0000000100010001000301030001000200010000000200010104030301    // raw_mem addr 00000c39;  byte addr 00018720
00fd0000fefffefefbfefbfdfcfdfafbfcfffefffdfdfcfefdfefefdfdfdfd00    // raw_mem addr 00000c3a;  byte addr 00018740
000102000000010102000201030101000101020102000100010100fefefffe00    // raw_mem addr 00000c3b;  byte addr 00018760
000000000000ff00fefefdfcfefcfffeff0000ffffff000002000102020200ff    // raw_mem addr 00000c3c;  byte addr 00018780
fefefdfefbfdfcfbfbfdfafefcfdfcfdfdfffe00ff00ff00ff00ff00ff020000    // raw_mem addr 00000c3d;  byte addr 000187a0
010002010302040202010202030102010101010000000001000000ff0000ffff    // raw_mem addr 00000c3e;  byte addr 000187c0
0102030301010101fffd01000001020106040303030101000000000002000201    // raw_mem addr 00000c3f;  byte addr 000187e0
fcfcfbfefeffff00fcfffcfdfbfcfcfdfeffff000000ff00fdfefcfcfefefeff    // raw_mem addr 00000c40;  byte addr 00018800
000000fc01ff01010202020100000000fffffefe0000ff00000100fefcfefcfd    // raw_mem addr 00000c41;  byte addr 00018820
ff00fffefdfdff000000000100020102000000ff010002010402040403020201    // raw_mem addr 00000c42;  byte addr 00018840
fdfdfe00fefffdfefefffefefe000000ff00fe00fdfefcfcfcfdffffff00feff    // raw_mem addr 00000c43;  byte addr 00018860
0201020301000100ffff0000000000fe0000ff0000fffefefcfefefcfefefdff    // raw_mem addr 00000c44;  byte addr 00018880
ffff00000000ff00010000ff0000020001000201030004030202020004020100    // raw_mem addr 00000c45;  byte addr 000188a0
fffffdfefe00ffff00ff0000feff00fffe00fefffffffe00ff00ff00ff000000    // raw_mem addr 00000c46;  byte addr 000188c0
0000010000000001010000ff000001000000ff00ff00fefefefffefffdfefdff    // raw_mem addr 00000c47;  byte addr 000188e0
0000ff0001000000000001000000010002000001020103000100000001ff00ff    // raw_mem addr 00000c48;  byte addr 00018900
ff00fffe00000000fffffe00fffffefefdfefcfefe00fffffe00fffffefffe00    // raw_mem addr 00000c49;  byte addr 00018920
00ff000000ff00000000000000000000fffe00000001ffff0000ff0000ff0000    // raw_mem addr 00000c4a;  byte addr 00018940
00fe0000000000fe00ff01000000020000000100010000000201000000010100    // raw_mem addr 00000c4b;  byte addr 00018960
0302030200040301000000020000fd00ff00fdfefcfefefffdfefeffffffffff    // raw_mem addr 00000c4c;  byte addr 00018980
fdfdfcfcfefdfdfefeff01000001010202020002020304030202030505030003    // raw_mem addr 00000c4d;  byte addr 000189a0
fbfcfbf9f9f8fbf9fbf8f9fafdf8fcf9fbfcfcf7fbf9fbfafbf9fdfdfcfbfdfb    // raw_mem addr 00000c4e;  byte addr 000189c0
0f100d0f0b0d080b090c070a06090608020501030002fe00fffefcfffcfdfcfc    // raw_mem addr 00000c4f;  byte addr 000189e0
ede9eae8e7e4ebe8ebe8e9e7edeaf0eefdfd0b0a0e0f12131314111212131213    // raw_mem addr 00000c50;  byte addr 00018a00
fcfaf8f9f9f8fbf9f8f8fdf9fcfcfbfaffff0001040306060000faf9f6f4eeec    // raw_mem addr 00000c51;  byte addr 00018a20
1618151713171619151a141912170f140e100a0e06090505030603050000fbfd    // raw_mem addr 00000c52;  byte addr 00018a40
0d0d0706fefdf8f8f4f0f3eeeeeceae6eee8eae7e6e3eae4eeebfdfc0b0a1114    // raw_mem addr 00000c53;  byte addr 00018a60
040604080000fafaf6f6efedeeebf0eef2f0f7f3faf8fcfc00fe030307070a0a    // raw_mem addr 00000c54;  byte addr 00018a80
edeafdfc0c0d12131316141514171419131714191518121711150c0d070a0709    // raw_mem addr 00000c55;  byte addr 00018aa0
fcfd0304090a0c0d0b0e070700fff7f8f4f1f1efeeecebe7ebe8e7e3e4dce7e3    // raw_mem addr 00000c56;  byte addr 00018ac0
0b100a0f0709070b070a0203ff01f8f6efedeceaeae6ecebf1eff2f1f8f7fbfa    // raw_mem addr 00000c57;  byte addr 00018ae0
ebe7e5e0e7e0ebe9fafa09090d100e120f100e120e14121512171217151a1015    // raw_mem addr 00000c58;  byte addr 00018b00
efebf5f0f7f6fdfa05040a0b100f12120a0a030200fdfaf7faf6f6f3f1ecf2eb    // raw_mem addr 00000c59;  byte addr 00018b20
1518151812160f120d0f0c0f0d100b0e05070203f8f9f1eeeeedeae9eee9efee    // raw_mem addr 00000c5a;  byte addr 00018b40
f7f5edeaedebe9e5dfdbe4e0eae6f6f607080c0d0d0f0e100e11101313161317    // raw_mem addr 00000c5b;  byte addr 00018b60
ebe8ecebeeebece8f1eff5f4fafa020207090b0c0c0e06070000fffefaf9f9f8    // raw_mem addr 00000c5c;  byte addr 00018b80
10130f1213171214101410140c100c100c0f0b100c0e04070104faf9f0f1f1f0    // raw_mem addr 00000c5d;  byte addr 00018ba0
00fffdfbfaf9f8f5efebece9eae4e2dee7e2efe9f9f907070d0c0c0f0b0c0e11    // raw_mem addr 00000c5e;  byte addr 00018bc0
fafbf7f5f2f0efecf1eeedeceeeaf5f1f9f800ff07060a0c0c0c0c0d060600ff    // raw_mem addr 00000c5f;  byte addr 00018be0
0e100d1012121215121411140f130e120d110e100e110e110f110a0c07080302    // raw_mem addr 00000c60;  byte addr 00018c00
06080001fcfefefcfbfaf7f9f3f0ebe9ebe7e5e0e2e0e9e5efebfdfd07090c0c    // raw_mem addr 00000c61;  byte addr 00018c20
060900020002fafaf3f3eef1eceaebeaeaeaede9f4f3fafa0000050708080709    // raw_mem addr 00000c62;  byte addr 00018c40
02020f0c100f121213121314141313161215111310140d110d100c0f080c0a0d    // raw_mem addr 00000c63;  byte addr 00018c60
08080809070804040000fefffefdfaf9f7f7f1eee9e7eae5e6e1e7e2f0eaf7f3    // raw_mem addr 00000c64;  byte addr 00018c80
0a0d080b0809050404050000faf7f5f5f1eeece9ecebefeaf1f0faf800000305    // raw_mem addr 00000c65;  byte addr 00018ca0
e9e6f3f1fcfa08090d0e0e0f0f100f101112101313151315121513140e110d0f    // raw_mem addr 00000c66;  byte addr 00018cc0
ff00000204040406010401020000fffefefffcfcfaf7f2f2ece8e8e3e5e2e5df    // raw_mem addr 00000c67;  byte addr 00018ce0
11130d0e080b06090606060703060303fdfef5f7f2f0ececebeaeeedf1f1f8f8    // raw_mem addr 00000c68;  byte addr 00018d00
ece8ebe5efebf8f4fefd07060d0c0d100d0e0d0d0f1110111113121612141113    // raw_mem addr 00000c69;  byte addr 00018d20
f3f4f8fbfdffffffff00ff00fffefffffefefefdfffefefbfaf9f7f6f0eaeae6    // raw_mem addr 00000c6a;  byte addr 00018d40
0e0e0d0f0c0b0809060805020305020602030003fbfef7faf3f6eef0eeeff0f1    // raw_mem addr 00000c6b;  byte addr 00018d60
f4eff3f0f4f1f6f2f9f900fc020108080c0b0c0d0e0c0f0c0d0f0e0f100f0f10    // raw_mem addr 00000c6c;  byte addr 00018d80
fafafafbfbfcfbfcfdfbfcfdfcfcfbfafaf9fdf9fafafbf9fcf8f9f9f9f7f7f4    // raw_mem addr 00000c6d;  byte addr 00018da0
090a090a0a090808070706050403030300020101000200000000fcfefafcfafc    // raw_mem addr 00000c6e;  byte addr 00018dc0
f5f2f5f6f5f7f9f7fbfcfefe0201060507080a0909080a0b090908090a0a0909    // raw_mem addr 00000c6f;  byte addr 00018de0
fcfcfbfcfcfbfaf9f9faf7f9f6f6f6f8f4f5f7f5f6f7f6f5f6f8f6f6f7f6f5f6    // raw_mem addr 00000c70;  byte addr 00018e00
090a08090808080807060404030302020000fffffe00fe00fefefefefdfefdfc    // raw_mem addr 00000c71;  byte addr 00018e20
fcfbfdfdffff000003030504060609080a0b0b0b0c0b0c0b0b090b090a0b0a0a    // raw_mem addr 00000c72;  byte addr 00018e40
fbfbfcf9f8f8f7f7faf8f6f7f8f5f9f8f7f7faf9f9faf9f8fafafaf8fafafbfb    // raw_mem addr 00000c73;  byte addr 00018e60
0407050705070304020402010000ff00fffffdfdfffdfefcfdfcfdfdfcfbfcfb    // raw_mem addr 00000c74;  byte addr 00018e80
0101ff0200000102000302020204030603040205020604060407020705070508    // raw_mem addr 00000c75;  byte addr 00018ea0
fbf9fdf9fcf9fbf9fcf7fcf9fbfafdf9fdfbfefdfffdffffffff01ffff000000    // raw_mem addr 00000c76;  byte addr 00018ec0
010301030002ff0000010000fdfffcfdfdfcfdfcfbfafcfafcfafaf9fcf9fbf9    // raw_mem addr 00000c77;  byte addr 00018ee0
0403060304040505050303040405030304050203020403050203030502040003    // raw_mem addr 00000c78;  byte addr 00018f00
fbfafbfbfcfcfefbfefcfdfdfffe01feff000200050001010401030203020402    // raw_mem addr 00000c79;  byte addr 00018f20
fe00fcfffefefcfffcfdfcfdfbfdfbfbf9fcfafbf9faf8fbfafaf9f9fafbfcfc    // raw_mem addr 00000c7a;  byte addr 00018f40
060304040503050404020405020401ff020301020200010301010000fe000000    // raw_mem addr 00000c7b;  byte addr 00018f60
f9fbfbfcfcfefdfdfffeffffffff000000000100020003000202050104020403    // raw_mem addr 00000c7c;  byte addr 00018f80
000001000000fe0000fffefffffffcfefbfdfdfef9fcfbfbf8fcf8fbfafcf9fc    // raw_mem addr 00000c7d;  byte addr 00018fa0
0000000000000000010000010200010002010100010003020200010101020200    // raw_mem addr 00000c7e;  byte addr 00018fc0
000000ffff000000ffff00000100fffeff00ff00fe00fffffe00000000ff0000    // raw_mem addr 00000c7f;  byte addr 00018fe0
01000100010000000000010000ff01000200ff0000000000ff0000ff00ffffff    // raw_mem addr 00000c80;  byte addr 00019000
fffffafdfdfffffffcfeff00ff00000000000000040101000101020102010301    // raw_mem addr 00000c81;  byte addr 00019020
00000101010001010100000001000000ff0001000001ff00fffeff00fdfffdfe    // raw_mem addr 00000c82;  byte addr 00019040
fdfefe0000fffdfffefffefdfd00fdfefdfefefffefefefefefffffe00ffff00    // raw_mem addr 00000c83;  byte addr 00019060
010100ff00000102000000000100000002000100000000000001fffeff000000    // raw_mem addr 00000c84;  byte addr 00019080
00ff0100000001ff0001000002000000ffff000000ff00000000000000000100    // raw_mem addr 00000c85;  byte addr 000190a0
fe00fffeff00fdffff00fe00fdfe00fffeff00fefe0000ff0000ff0000000000    // raw_mem addr 00000c86;  byte addr 000190c0
00ff010102000200020201ff0100000100ff0100000000ff00000000ffffff00    // raw_mem addr 00000c87;  byte addr 000190e0
00000001fffefe00ffffffffffff00000000ffff00ff00ffff00000000000000    // raw_mem addr 00000c88;  byte addr 00019100
fffffefffe00fdfffdfd0000fe00fdfeff00feff00ff0001ffff01ff000100fe    // raw_mem addr 00000c89;  byte addr 00019120
010002000101000101ff000000000300ff00000000ffff0002010101ff00ffff    // raw_mem addr 00000c8a;  byte addr 00019140
fdfefbfcfcfffefffcfdfefffffffdfefefefefffffffefffeff000001010000    // raw_mem addr 00000c8b;  byte addr 00019160
000003020100020103030300020002000201010001000000ffffff00fefffcfe    // raw_mem addr 00000c8c;  byte addr 00019180
ff00ff0000fefe000001ffff0002000000010000fdfa02010402ffff03010100    // raw_mem addr 00000c8d;  byte addr 000191a0
0100ffff020100000000ff00fefefcfefdfefefdfdfffffffdfeff00fefeffff    // raw_mem addr 00000c8e;  byte addr 000191c0
fffd010101000200030300000203020201ff0403020000ff0203020000ff0301    // raw_mem addr 00000c8f;  byte addr 000191e0
fbfcfbfffbfef9fafbfffbfefbfcfbfefcfefcfefbfdfdfdfcfffdfeff00fe00    // raw_mem addr 00000c90;  byte addr 00019200
010106030101040305020201020001010200010000000100000000fefdfffd00    // raw_mem addr 00000c91;  byte addr 00019220
fefffd00fdfdfefeff00ffff0000000000000301010002000402000005010302    // raw_mem addr 00000c92;  byte addr 00019240
0000000100ffff00ff00fefdff00fffffdfefdfefcfefdfffdfdfd00fd00fdfd    // raw_mem addr 00000c93;  byte addr 00019260
00000101000002000101020001000100020200ff0101010201000100000000ff    // raw_mem addr 00000c94;  byte addr 00019280
ff00fefffdfefefdfd00fdfefefefc00fdfefdfefb00fdfdfdfeff000000ff00    // raw_mem addr 00000c95;  byte addr 000192a0
020000010000040002000201020001000202020003010101010001010000ff00    // raw_mem addr 00000c96;  byte addr 000192c0
fcfffdfffbfcfdfffdfefbfbfdfefdfffbfdfeff0000ffff0000000000ff0001    // raw_mem addr 00000c97;  byte addr 000192e0
02ff00000303030002020300ff00000100fffe00ff00ff00fffffe000000fefe    // raw_mem addr 00000c98;  byte addr 00019300
fefefb00fffd00fffe00fefe0100010001000402010104010503010002000202    // raw_mem addr 00000c99;  byte addr 00019320
0201ffff0000ff00fdfffffffcfdfcfefbfefbfdfdfffafdfbfdfcfdf8fefcfc    // raw_mem addr 00000c9a;  byte addr 00019340
0100010003020300040206030501060406010400040406020302040203000201    // raw_mem addr 00000c9b;  byte addr 00019360
fafdfcfdf8fffafcfbfef8fcfafdf9fdf9fbfcfffcfffdfefeff0000ffff0000    // raw_mem addr 00000c9c;  byte addr 00019380
0300020103020200020102010101010000010000fffffe00fefefcfefcfdfaff    // raw_mem addr 00000c9d;  byte addr 000193a0
fdfefdfefffffffffdff000100ff000000010000010101010100010000000303    // raw_mem addr 00000c9e;  byte addr 000193c0
04000100030201010000000100fffffefe00fffffd00fe00fefdfcfefdfffdfd    // raw_mem addr 00000c9f;  byte addr 000193e0
fefd0000ff000000020000000300030102020401030104000401050105030403    // raw_mem addr 00000ca0;  byte addr 00019400
fdff0000fd00fcfefffefafefdfdfbfdf9fdfdfefdfdfbfefcfefdfcfd00fdfe    // raw_mem addr 00000ca1;  byte addr 00019420
0001000101000101010002000102020003000202010001000201000000000100    // raw_mem addr 00000ca2;  byte addr 00019440
fdfefcfefefefdfffdfdfbfdfdfefcfdfcfffdfffcfdffffff00ffffff000000    // raw_mem addr 00000ca3;  byte addr 00019460
0503040104020301030103010300020201000100010000ff0000fffffcfffeff    // raw_mem addr 00000ca4;  byte addr 00019480
fd00fdfffffffe00ff0000ff00ff020102000200040102010301050102020302    // raw_mem addr 00000ca5;  byte addr 000194a0
0000ff0000fffefefcfffefffcfdfbfefcfdfbfefafefcfcfcfefcfefcfefdff    // raw_mem addr 00000ca6;  byte addr 000194c0
0000000001ff0000010003010300030304010200030103000301030101000100    // raw_mem addr 00000ca7;  byte addr 000194e0
fdfefefefb00fefefdfefcfffefefcfefcfefefffdfffe00fefffffffffffffe    // raw_mem addr 00000ca8;  byte addr 00019500
0101020002010201030102020201010001000000000000fffefffc00fffefdfe    // raw_mem addr 00000ca9;  byte addr 00019520
fcfefefffe00fefe0000000000ff010001000000020001000100020002000201    // raw_mem addr 00000caa;  byte addr 00019540
000100000100fe00fffffffffdfffefefcfffcfefdfdfbfefcfefbfefdfefdff    // raw_mem addr 00000cab;  byte addr 00019560
0001000000ff000000ff00000000000001000200020003000301030101000200    // raw_mem addr 00000cac;  byte addr 00019580
000000ffff000000ffffff00ff00ffffff00fffffefefe00ffff00ff000100ff    // raw_mem addr 00000cad;  byte addr 000195a0
ffff00fe0000000101ff03000001020001000000010000ff0000010000ffff00    // raw_mem addr 00000cae;  byte addr 000195c0
fdfcfcfcfcfdfcfafbfcfbfcfcfcfcfdfcfdfffefefefffffffefdfefffdfefe    // raw_mem addr 00000caf;  byte addr 000195e0
05070707080806070808070a08070607020703010002ff000000fe00fdfefe00    // raw_mem addr 00000cb0;  byte addr 00019600
efecedecf2eff3f1f4f3f8f6f8f7fcfd01000302050606060907070907070906    // raw_mem addr 00000cb1;  byte addr 00019620
03040403010200010100ff00fefefdfcfafbf8f8f7f5f3f3f1f0f1f0eeedefec    // raw_mem addr 00000cb2;  byte addr 00019640
151914191417141612151213121411131213111410100f0f0c0b080807070704    // raw_mem addr 00000cb3;  byte addr 00019660
0000fffefdfefdfdfdfdf8f5eeede7e4e1dbdbd9ddd7e1ddecebfcfa07091213    // raw_mem addr 00000cb4;  byte addr 00019680
070803060101fcfbf3f3eeebe6e5e6e3edeaf3f3fcfd02030506070905060104    // raw_mem addr 00000cb5;  byte addr 000196a0
0e0f0d110d0e0d0f0f12101314161718171b1a1c181a13160f100a0b07090809    // raw_mem addr 00000cb6;  byte addr 000196c0
010200fefefdfffe00fffffffafaf1efe7e4e2ddded8ded9e5e2efedfbfd090a    // raw_mem addr 00000cb7;  byte addr 000196e0
0707040702030000f8f7f1f0ece9e7e2e7e6edeaf7f3ffff0504080909090506    // raw_mem addr 00000cb8;  byte addr 00019700
080b0b0e0c0e0b0d0a0d0d0d0f0f11141518181a191c191b14160f110b0d0807    // raw_mem addr 00000cb9;  byte addr 00019720
040500fffcfbfafafcfbfcfbfaf9f6f6eeede8e6e3e0dfdde3e1eae8f5f50001    // raw_mem addr 00000cba;  byte addr 00019740
030602040000fffffcfbf7f7f4f2efecedeaeeeaf0eff9f7fffe040507060607    // raw_mem addr 00000cbb;  byte addr 00019760
09090d0d0e0f0d0e0e110e120e0f0f110f130f141316121712150f120b0f0809    // raw_mem addr 00000cbc;  byte addr 00019780
06070302fefdfdfbfbf9f7f7f7f6f1f0ede8ece8e8e4e8e1ebe8efebfaf70404    // raw_mem addr 00000cbd;  byte addr 000197a0
0105ff01fcfef9f9f8f6f4f3f1f0f1eef0edefedf5f1fbfafeff040407070708    // raw_mem addr 00000cbe;  byte addr 000197c0
0b0b0f0d0f100e10111111140f121013101311130f130f120f110c10080c0508    // raw_mem addr 00000cbf;  byte addr 000197e0
04060100fcfdfdfcfaf9f8f8f9f6f3f0efecede9eae5eae4ede8f2f000fd0808    // raw_mem addr 00000cc0;  byte addr 00019800
06050000fdfffaf7f7f4f1f2efecefedebebeceaf2f1f4f6fbfb010204060607    // raw_mem addr 00000cc1;  byte addr 00019820
0f0e0d0e0c0b0e0f0f1111121315121614161416121411120e130e100b0d080d    // raw_mem addr 00000cc2;  byte addr 00019840
0003fbfef7f8f1f3f3f3f4f4f2f2f0eeeeecece8eae5ece7f1edfbf706050d0c    // raw_mem addr 00000cc3;  byte addr 00019860
05050102fdfbf7f3f1efefedf1ecf0efefeff0f0f4f5f7f5fcfd000201020407    // raw_mem addr 00000cc4;  byte addr 00019880
0d110c0e0d0f10111111111213151518181a16191416121310110e0f0c0d0b0a    // raw_mem addr 00000cc5;  byte addr 000198a0
0201fbfef3f4f1eef0eff0ededebefeceeebeae9ece8eceaf3f10000060a0c0d    // raw_mem addr 00000cc6;  byte addr 000198c0
020300fffcf9f7f3f0ecefecf2eff4f1f7f4f9f7fdfb00ffffff000002030304    // raw_mem addr 00000cc7;  byte addr 000198e0
090a0a0c0b110e100f130e130f1310141115121610140e120c0e0a0c08080403    // raw_mem addr 00000cc8;  byte addr 00019900
fefdf9f6f3f1f3eff0eef0eef2eceeebedeaedeaeeecf7f4000106070b0b0a0f    // raw_mem addr 00000cc9;  byte addr 00019920
fcfdf9faf5f4f2efecececebf2eff6f6f9f6fcfaffff00ff0000040303030000    // raw_mem addr 00000cca;  byte addr 00019940
0c0d0f1010131113151612161215131510130f110f120c0f070905080203fefe    // raw_mem addr 00000ccb;  byte addr 00019960
f5f2f0efefebeee9efedf3ecf1edf0eef0eaf1effcf704020d0d0f0e0e0e0f0f    // raw_mem addr 00000ccc;  byte addr 00019980
fdfbf8faf5f2f0efedecf1eff4f4f7f8fcfcfcfcfcfdfcfdfd000000fdfff8fb    // raw_mem addr 00000ccd;  byte addr 000199a0
0d10101112151317151715171114111312130f110c10090c05060101ff01fffd    // raw_mem addr 00000cce;  byte addr 000199c0
edeaece8e8e6eceaf0eaedecefedefebefedf7f703040b0b0e0f0e100d0c0d0e    // raw_mem addr 00000ccf;  byte addr 000199e0
fcfcfbf8f3f1f0eff3f1f5f5fbfbfffffffeff00fcfefbfbfffefdfdf8faf3f2    // raw_mem addr 00000cd0;  byte addr 00019a00
0d120f121215141915181217121210100f1210100a0c080a050100000000fffb    // raw_mem addr 00000cd1;  byte addr 00019a20
ede9e8e5ece8eeebeee9f2eeeeedefedf7f8000007080b100c0c0c0f0c100c0d    // raw_mem addr 00000cd2;  byte addr 00019a40
faf7f7f6f5f4f2eff6f6fdfbfefd00000000fefefefefcfbfbfafbfaf3f3efeb    // raw_mem addr 00000cd3;  byte addr 00019a60
111411171215131710150e100c0e0a0e0a0d090a03060102fe00fcfafbf9fbfd    // raw_mem addr 00000cd4;  byte addr 00019a80
e9e5f0eaf2ebf0ecf5f1f3eff5f3fefd03030b0b0e100d0f0d0e10110e110d0f    // raw_mem addr 00000cd5;  byte addr 00019aa0
f4f6f3f3f2f2f5f7fafcfdfdfdfefcfefdfafcfbfafafaf8faf7f3f0efecefe9    // raw_mem addr 00000cd6;  byte addr 00019ac0
15161719151a13140f120d0f0d0d090b08090405fe00fefffafbf8fbfafbf7f6    // raw_mem addr 00000cd7;  byte addr 00019ae0
ebe7ebe7eeedf1eff1f0f8f6fffe06060d0d0f10101111121213111212141317    // raw_mem addr 00000cd8;  byte addr 00019b00
fdfbf9f9fcfbfdfdfcfdfdfef8f9f7f6f7f6f2f1f3f3f1efebe7e8e8e5e2e4e3    // raw_mem addr 00000cd9;  byte addr 00019b20
151717171215100f0f100c0d0c0a090a060504030000000000000000fffdfcfc    // raw_mem addr 00000cda;  byte addr 00019b40
e8e7e9e9f0eef0eff4f7fdff0103090e0c110d100e120f131212111514161417    // raw_mem addr 00000cdb;  byte addr 00019b60
fffe00ff00ffffff00fdfdfaf8f6faf6f5f4f4f0f3eeeae8e8e3e6e1e3e0e9e5    // raw_mem addr 00000cdc;  byte addr 00019b80
0c12090d080a070b06080607030601020101ff020000020201020100010000fe    // raw_mem addr 00000cdd;  byte addr 00019ba0
f7f4f9f7fbf800fe030306060b0e0a0d0b0d0c100b0e0b110d110e120c120d10    // raw_mem addr 00000cde;  byte addr 00019bc0
fffbfafcfcfafaf7f6f5f6f1f6f1f4eff3eef3ecefe9edeaefe9efeaf1eff5f2    // raw_mem addr 00000cdf;  byte addr 00019be0
06080507030702060405000400030203000301040303000100020000fdffffff    // raw_mem addr 00000ce0;  byte addr 00019c00
03030706080808070b09090909080907070809080a0908090a0a0a0b0809080a    // raw_mem addr 00000ce1;  byte addr 00019c20
eff2f0eeeeeeedeff0eeefefefeff2f1f3f4f6f5f9f8fdfafefeff0002000303    // raw_mem addr 00000ce2;  byte addr 00019c40
090806050605050402020201010000fffffefdfdfafcf9fbf7f6f5f6f5f3f2f1    // raw_mem addr 00000ce3;  byte addr 00019c60
050707080607070807070809090909090b0a090808090a0a08080a0a08090707    // raw_mem addr 00000ce4;  byte addr 00019c80
f7f6f7f6f9f6f8faf8f9fbfcfbfcfdfefe00ff00010302040205030505070408    // raw_mem addr 00000ce5;  byte addr 00019ca0
fcfdfdfefcfbfdfafbfafcf8fcf8faf8fbf6f9f7faf6f8f4f8f5f9f4f6f5f7f5    // raw_mem addr 00000ce6;  byte addr 00019cc0
0709060805090507040802070204020701040002fe040001fe00fc00ff00fcfe    // raw_mem addr 00000ce7;  byte addr 00019ce0
00fe00ff0200040305010603070507060a080908080a0a080909080b0907090a    // raw_mem addr 00000ce8;  byte addr 00019d00
f4f4f4f4f2f5f4f4f5f5f5f5f5f4f7f4f7f6f7f6faf7faf9fbf7fdfbfcfcfffa    // raw_mem addr 00000ce9;  byte addr 00019d20
0d0c0c0b0a09070806050403010200fffefffdfefafbf8f9f6f9f7f8f5f6f2f6    // raw_mem addr 00000cea;  byte addr 00019d40
fbfdff00ff01000203030505070808080a0b0c0b0e0c0f0e0f0d0e0e0e0d0e0c    // raw_mem addr 00000ceb;  byte addr 00019d60
fbfafcfafaf9fafbfbf8f8f9f8faf7f7f5f8f7f8f5f8f6f9f8faf6fafafcfafe    // raw_mem addr 00000cec;  byte addr 00019d80
04030503030202000200010001fd00fefffd00fbfffbfefafef9fdfafdfafcf8    // raw_mem addr 00000ced;  byte addr 00019da0
fe0200020002fe03010400040005030602070506050705080706040605060604    // raw_mem addr 00000cee;  byte addr 00019dc0
03ff020001ff020002000100010000ff000001000000ff000000000000000001    // raw_mem addr 00000cef;  byte addr 00019de0
f6f9f5f8f5f7f5f7f6f6f5f7f7f6f8f7f9f8fbf9fcfafdfbfefb00fd00ff01fe    // raw_mem addr 00000cf0;  byte addr 00019e00
09090d0a0a0a0708080707080506020402030001fe00fc00fafff9fcf7fbf7fa    // raw_mem addr 00000cf1;  byte addr 00019e20
fffe000002010100030204010402040305030805080509080a080b080c0a0a08    // raw_mem addr 00000cf2;  byte addr 00019e40
f8f8f7f6f6f6f5f5f5f6f3f7f4f5f6f6f5f8f7f8f8f9f8fafbfbfcfcfcfbfffe    // raw_mem addr 00000cf3;  byte addr 00019e60
08070a0808070706080606030503050302000000fefffefcfcfcfafbfaf8f9f8    // raw_mem addr 00000cf4;  byte addr 00019e80
fbfdfc00fe00fd00fd00ff010002ff0100040305040404070807070808080907    // raw_mem addr 00000cf5;  byte addr 00019ea0
00fcfffc00fd00fd00fd00fe00fe000000fe00fefefffdfffefefbfdfbfefcfe    // raw_mem addr 00000cf6;  byte addr 00019ec0
00000000fdfefefeff0000fdfefefffd00fcfcfdfefbfefafdfcfffcfdfafffd    // raw_mem addr 00000cf7;  byte addr 00019ee0
0303030504050102020301040002010300040001ff02ff020000ff010000fe00    // raw_mem addr 00000cf8;  byte addr 00019f00
00fe00fe00ff0100020003000301030104020404030105030403040203040403    // raw_mem addr 00000cf9;  byte addr 00019f20
fbfdfbfbfafcf7f9f8f8f6f9f7f8f4f7f6f8f7f9f6f9fbfaf8fafdfbfcfdfcfd    // raw_mem addr 00000cfa;  byte addr 00019f40
05050605050406060506060405040403060402030301030200000000fffefefd    // raw_mem addr 00000cfb;  byte addr 00019f60
fbfcfbfdfcfdfcfefe00fefd0002030201020304060304050404050607050604    // raw_mem addr 00000cfc;  byte addr 00019f80
00ff00fefcf9fcfcfffffdfefcfcfafbfbfcf7f8fbfdfefffbfcfefefafdfbfe    // raw_mem addr 00000cfd;  byte addr 00019fa0
0002020201020302030404050603010102030504030203010100fdfcfefc00fe    // raw_mem addr 00000cfe;  byte addr 00019fc0
0000000100020000000000020000000001020000fe000000ff00ff010000ff01    // raw_mem addr 00000cff;  byte addr 00019fe0
fdfbfefdfefcfefbffff00feffff00ff00fe000000ff01000101020000000001    // raw_mem addr 00000d00;  byte addr 0001a000
fdfefdfffdfcfcfcfcfcfafafbfcfafaf9fbfcfafbfafbfbfdfafbfafefbfefd    // raw_mem addr 00000d01;  byte addr 0001a020
0808090706090706080707080707070605070505020302040103ff000000ffff    // raw_mem addr 00000d02;  byte addr 0001a040
f5f4f6f7f6f5f7f9faf9fdfb0000000001020503040505050605050707060708    // raw_mem addr 00000d03;  byte addr 0001a060
01020001fdfcfcfcf9f9f8f5f7f7f2f3f2f3f2f3f0f0f2f3f3f1f1f0f3f4f4f2    // raw_mem addr 00000d04;  byte addr 0001a080
0c0e0f0e0f0f0e0f0f100d0d0c0d0a0c0a090b0b060909070806040506060203    // raw_mem addr 00000d05;  byte addr 0001a0a0
eae8ecebecececebf1f0f3f5f9fafcfbfbfd01020808090c0c0f0b0e0c0d0e0f    // raw_mem addr 00000d06;  byte addr 0001a0c0
030004000100010100ff00fffefdfbf8fcfafaf9f6f6f2f2f0edecebededefee    // raw_mem addr 00000d07;  byte addr 0001a0e0
0d110e1410130c0e0b10090b080b070a06040507030303010403060205040000    // raw_mem addr 00000d08;  byte addr 0001a100
e8e3e9e5e9e5e5e2ece9f1eff6f6fcfef8f9ff00090b0b11111710140d131015    // raw_mem addr 00000d09;  byte addr 0001a120
01010100040208080807080806050301030000fffdfbfaf5f0eeebe7ece8ece9    // raw_mem addr 00000d0a;  byte addr 0001a140
141b141a11160e140c0f060802060003fefffbfefbfafaf9f7f8fdfc00feffff    // raw_mem addr 00000d0b;  byte addr 0001a160
e7e1e8e1e5dfe2dde9e3ebe7f7f4fcfbf8f803020c0e13181a1d171b181d181c    // raw_mem addr 00000d0c;  byte addr 0001a180
fcfdfdfe000000040609060705090607010103030100fbf9f6f2ede8ebe6ede7    // raw_mem addr 00000d0d;  byte addr 0001a1a0
1c1e1b1e1a1c151712150c0d080905060000fdfffcfaf7f6f5f5f5f4f7f7fbfc    // raw_mem addr 00000d0e;  byte addr 0001a1c0
e9e6e3dde5e1e1dcdfd9e7e4ebe6f6f3fefcfcf906051313191b1e201e211e22    // raw_mem addr 00000d0f;  byte addr 0001a1e0
f7f9fbfcfcfbfbff0203060805090709050800030105ff00faf9f4f5e7e7e7e6    // raw_mem addr 00000d10;  byte addr 0001a200
20231e2121221f1e1c1c181912110e0c07050201fefefaf9f8f6f4f1f3f3f7f5    // raw_mem addr 00000d11;  byte addr 0001a220
e9e9e3e2dedce0dfd7d4d9d8e0dee4e3f1f3f4f3f7f703050d0f171b1b202022    // raw_mem addr 00000d12;  byte addr 0001a240
fbf6fef9fefd00ff030007070c0b0b0b0c0c090a06060708ff01fcfdf5f4e8e5    // raw_mem addr 00000d13;  byte addr 0001a260
1b20191f191f1b1f181c171a13140e0e0a0b070502ff00fcfdfaf9f4f7f2f8f5    // raw_mem addr 00000d14;  byte addr 0001a280
ebe9eae9e5e1e0dfdedbdbd5dedce1dfebeaf2f2f2f2f9fc03071114151c161b    // raw_mem addr 00000d15;  byte addr 0001a2a0
f4f3f9f8fcf8fefd01ff05040b0b0e0d0e0d100d0c0a080808070302f9faf2ee    // raw_mem addr 00000d16;  byte addr 0001a2c0
191d1d211b211a1d181e131a11140b11060b0204fdfffafbf6f6f4f4f2f3f1ed    // raw_mem addr 00000d17;  byte addr 0001a2e0
f2ecf0edede8e9e1e5e1e1dbe2dbe7e1eae6f7f3fbf7f8f805041010181a1a1e    // raw_mem addr 00000d18;  byte addr 0001a300
eff0f1f1f3f5f6f9f8f8fcfe00030504070c0b0d0a0806090a0806040100faf6    // raw_mem addr 00000d19;  byte addr 0001a320
1e1f1f2221231d211d201b1c161912150c0d07080102fcfef7f9f5f6f2f2eced    // raw_mem addr 00000d1a;  byte addr 0001a340
e8e9ecebe6e5e2dfe6e1dfdae2dde8e1e8e3f8f4fcf6fbf709051210181a1f1f    // raw_mem addr 00000d1b;  byte addr 0001a360
f7f6f3f1f6f6f9f9f9f9fcfffcfe0003050a030701050003ff03fd00fbfcf0f3    // raw_mem addr 00000d1c;  byte addr 0001a380
1a1b23242021222223241e1e1d1d171814140f0d08070503fffcfffef8f6f3f1    // raw_mem addr 00000d1d;  byte addr 0001a3a0
eaeaeaece2e1e0dfe0ded9d6dedededee6e3f2f2eeedf7f5030609091618191d    // raw_mem addr 00000d1e;  byte addr 0001a3c0
fbf9fcf800fcfcfa00fe04010000070509090507040401040203ff00fafcf1ef    // raw_mem addr 00000d1f;  byte addr 0001a3e0
0f15151c141b161b161b111913150f120d100b0b0708020102ff0302fcf7fbf6    // raw_mem addr 00000d20;  byte addr 0001a400
f7f3f4eeeae5edeae4dee2dde9e5e4e1efeef4f3edebfafc0103050710171015    // raw_mem addr 00000d21;  byte addr 0001a420
f5f4f7f8fbfbfbfafdfd0200050307040a080906070309070501030000fdf3ef    // raw_mem addr 00000d22;  byte addr 0001a440
1618171a181e1518171b13180e120d14060902060006fbfdfafef9faf3f5f4f7    // raw_mem addr 00000d23;  byte addr 0001a460
f6f4ece7efeaeee9e3def0eaeee7efeafef8f6f1fdfb07040808121316151618    // raw_mem addr 00000d24;  byte addr 0001a480
f5f8f6f7f6fbf3f5f6f8fa00f9faf9fdfafff9fafc00fafbf8f7fbfdf2efefed    // raw_mem addr 00000d25;  byte addr 0001a4a0
1b191d1e1d1d1e1d1d1d1719161813140c0d090b08090002ff00fcfef9f9f8fa    // raw_mem addr 00000d26;  byte addr 0001a4c0
e8e6e2e2e8e8dfdbe3e3e9e6e7e3f7f5f7f3faf608050b07131118161a191c1b    // raw_mem addr 00000d27;  byte addr 0001a4e0
fffefffe00fffefd000000fffcfdfcfefbfcfafbfafcf3f6f2f4f0f1e6e7eced    // raw_mem addr 00000d28;  byte addr 0001a500
121414161417191b17171515151512110f0e0b0b0a070404020102ff00ff0101    // raw_mem addr 00000d29;  byte addr 0001a520
ece9ebe9e4e5ece9e9ebeaecf3f3eef2f5f7fdfefd01080b0a0c080d0f120f10    // raw_mem addr 00000d2a;  byte addr 0001a540
020003ff070100fd030001fefcf9fefcfbf7fbfaf8f6f6f1f4f3efedf1efeded    // raw_mem addr 00000d2b;  byte addr 0001a560
0a110d110e120b110a0f0b0e080c080c07090205030501000000040204000504    // raw_mem addr 00000d2c;  byte addr 0001a580
f7f1f3f1f2ecf9f8fbfbfefb00000404060508070b0d0a0b0a0b0b0f0e0e0b0e    // raw_mem addr 00000d2d;  byte addr 0001a5a0
f8f8fafcf5f6f9f8f8f7f2f2f7f5f2eef6f2f8f5f1eef6f3f3eff3edf3f1f1ec    // raw_mem addr 00000d2e;  byte addr 0001a5c0
0e0f0f0e0f100b0c0b0d080b0608040800030004fe01fcfffd01fbfefd00fafd    // raw_mem addr 00000d2f;  byte addr 0001a5e0
fdfcfdfd0100050406050a080d0b0f0c0d0c0f0e0e0d0d0d100e0e0e0d0e1010    // raw_mem addr 00000d30;  byte addr 0001a600
f8f6f4f2f0f1eeecefefecebeae9ebececebebedecebf0f2eff0f3f1f5f6f7f6    // raw_mem addr 00000d31;  byte addr 0001a620
0c0c0b0c0c0b0c0c090b0b0b090b050507070606030102010000fffefaf9f8f9    // raw_mem addr 00000d32;  byte addr 0001a640
fd010306fe00020602050105040503060507070809060a09090b0a080a0b090a    // raw_mem addr 00000d33;  byte addr 0001a660
f6f1f6f3f6f1f5f2f6f4f5f2f7f7f8f7f7f6fbfef9f9fbfcff00f8fa0003fe00    // raw_mem addr 00000d34;  byte addr 0001a680
0405fe0104050201000304010100ff0000fffffdfefbfdf9fcf9fcf7faf7f9f5    // raw_mem addr 00000d35;  byte addr 0001a6a0
040602030909030308090201070b00000506020700000709fd010406ff010006    // raw_mem addr 00000d36;  byte addr 0001a6c0
fbfafefdfdfafdfcfffe00fd0101fffd0606fefe07060505fefd0e0effff0909    // raw_mem addr 00000d37;  byte addr 0001a6e0
f7f9fdfef9faf7fafcfef5f4fcfcf7faf2f5fffff3f4fbfafcfbf7f9fefcfcfa    // raw_mem addr 00000d38;  byte addr 0001a700
090701000e0d030006030a09fefb080800fe01ff0404fdfa0203fdfdfefefcfe    // raw_mem addr 00000d39;  byte addr 0001a720
f8f90000fcfdf9fcff02fdfd00010000030200010806030201010a09ff000908    // raw_mem addr 00000d3a;  byte addr 0001a740
06050300fcfb0909fcfc02000301fefe0506faf80002fefffcfc0002fafbff01    // raw_mem addr 00000d3b;  byte addr 0001a760
fdfc0101fcfcffff0202f9f70203fcfefaf80406f7f80705fefffdfc0b09f8f8    // raw_mem addr 00000d3c;  byte addr 0001a780
ffff0000fe00fdfefefffc00fdfdfdfffd00fdfffbfdfdfffdfffafbff00fcfe    // raw_mem addr 00000d3d;  byte addr 0001a7a0
fefd0b08fdfc070605010201080600fe090701fd040303000100010301fe0102    // raw_mem addr 00000d3e;  byte addr 0001a7c0
fbfdff01f9f90001fcfdf9fa0003f9fafefffefffeff00000202fffd05030103    // raw_mem addr 00000d3f;  byte addr 0001a7e0
fffd0000040300fe0201020100fe02010102fdfa0605fcfd00000000fbfc0100    // raw_mem addr 00000d40;  byte addr 0001a800
fefd0000fd000000fefcff000301fdfb0605fcfc010200fefdfe0202fcfb0505    // raw_mem addr 00000d41;  byte addr 0001a820
fefc030100020000fdfdff010101f6f70609f4f600000001f6f80103f8f8ff01    // raw_mem addr 00000d42;  byte addr 0001a840
00010000000001010302ffff0201020100000200040400fe03010405fefb0707    // raw_mem addr 00000d43;  byte addr 0001a860
0405f8f70202fcfc00fffe00fdfe0000fbfe0001fcfbff01fffffcfc0003fdfc    // raw_mem addr 00000d44;  byte addr 0001a880
fffffbfb0202faf903020000fefe04020101010001000305f9f70908fcfcfeff    // raw_mem addr 00000d45;  byte addr 0001a8a0
0203fafc0001fffffdff0000fcfc0002fcfc00010100fffe010000ff00000000    // raw_mem addr 00000d46;  byte addr 0001a8c0
03020300040400ff0605fefe0304000100ff0104fcfd0404fbfb0000fe00fafc    // raw_mem addr 00000d47;  byte addr 0001a8e0
fbfc0002fdfdfefe0205faf90708fefd01fe0606fbf90908fdfd000005030201    // raw_mem addr 00000d48;  byte addr 0001a900
0303fefc0001fcfb0001fcfdfbfa0003f8f80000fe00fafa0101fbfdfefe0000    // raw_mem addr 00000d49;  byte addr 0001a920
00ff0405fbfb0404fefefefe0305fbfa04060000fefa0708fafa04030200fdfd    // raw_mem addr 00000d4a;  byte addr 0001a940
0102fffefbfb0407f8f902020000fafb0203ff00fbfa01020000fcfa0608fcfc    // raw_mem addr 00000d4b;  byte addr 0001a960
fcfc050300fe00000404fefc040400ff01000100fffe010300fe00000203fcfb    // raw_mem addr 00000d4c;  byte addr 0001a980
0203f7f7080afaf8ffff0407f8f70405fdff0000000001000100fefe03030000    // raw_mem addr 00000d4d;  byte addr 0001a9a0
ffff0405fdfb040400fe02000001ffff0101fcfc0204fdfdfdfd0204f9f90100    // raw_mem addr 00000d4e;  byte addr 0001a9c0
0000fcfefcfc0103f8f80305fcfc00000001fcfb0102fbfc0203fdfc01020100    // raw_mem addr 00000d4f;  byte addr 0001a9e0
040400ff00000100fefefe02fdfbff03f8fa0301fafefbfc0204f8f90103f9fa    // raw_mem addr 00000d50;  byte addr 0001aa00
fcfc0607fefc03010503fffc0503020201ff070500fe0604010100fe0807fdfb    // raw_mem addr 00000d51;  byte addr 0001aa20
f9fafcfc0003f9fa0102fcfdfdfd0101fbfdfdff0101fbfc0203fefc01010202    // raw_mem addr 00000d52;  byte addr 0001aa40
faf70909feff00ff0506fcfd0403fefd0405fcfc0302fcfefdff0505f4f40305    // raw_mem addr 00000d53;  byte addr 0001aa60
fbfb000000000000fcfd0504fdfb05050100fcfb0b0bf9f508090000fffc0608    // raw_mem addr 00000d54;  byte addr 0001aa80
0709f9f700010104f6f40305f6f8fffffe00f6f90001f9fcfe00fefdfcfc0002    // raw_mem addr 00000d55;  byte addr 0001aaa0
f7f70b0afcfc01000606fafb0805fffd01010501fefd0605fffd01020504faf8    // raw_mem addr 00000d56;  byte addr 0001aac0
faf80606fdfffdfc0405fcfc00000404f9f904050000fcfb080af8f903010607    // raw_mem addr 00000d57;  byte addr 0001aae0
0202fcfc00010001fcfa0708fafa00000203f9f80607f8f70304fefffdfc0304    // raw_mem addr 00000d58;  byte addr 0001ab00
0000f7f60a0df7f501010204faf80204ff00fdfc020300fefdfc0203fdfdff00    // raw_mem addr 00000d59;  byte addr 0001ab20
0908f9f705060000fafa0909fafaff000707f5f20a0cfbfcfcfb0b0ef1f00809    // raw_mem addr 00000d5a;  byte addr 0001ab40
010200fffdfa010400fffefc0305faf806060000faf90b0bf8f7070800fffffe    // raw_mem addr 00000d5b;  byte addr 0001ab60
00010609f1ef0d10fbfbf7f50a0cf2f2050700fff6f60408f9f9ff000102faf9    // raw_mem addr 00000d5c;  byte addr 0001ab80
0808fcfdfdfc0809f6f405040102fbf907080000fdfa0405fffefcfd0709f7f4    // raw_mem addr 00000d5d;  byte addr 0001aba0
fffe0101fcfb0305fcfa0102ff00fcfa0407f8f900010303fafa04060101f8f7    // raw_mem addr 00000d5e;  byte addr 0001abc0
0204fefb05050101fffd0708fafa0203ff00fbfa0304fcfc0100fcfd0001fffe    // raw_mem addr 00000d5f;  byte addr 0001abe0
fffffbfb0204f9fa01000002fefe0401010202000403000000ff0101fffd0100    // raw_mem addr 00000d60;  byte addr 0001ac00
f6f50508fcfcf9fa060afbfbfbfb0408fbfafcfc0609f8f600000507f6f70306    // raw_mem addr 00000d61;  byte addr 0001ac20
02040402fdfa00020101fcfb00010000f9f80408fffdfcf9090bfaf601020505    // raw_mem addr 00000d62;  byte addr 0001ac40
ff00fcfa00000001fcfb00010302fffc0303000001ff0403fafa00010303f9f8    // raw_mem addr 00000d63;  byte addr 0001ac60
fdfb01010604fbfa04040402fefc0304000000fe0202fefefe00ff00fdfdfe00    // raw_mem addr 00000d64;  byte addr 0001ac80
fcfb0609f6f601000204f6f700010000fcfb00010202fbfa04030302fefd0706    // raw_mem addr 00000d65;  byte addr 0001aca0
0101fdff0101ff00fcfc0303fefefffd0102fefffffe00000202fcfb0304fefe    // raw_mem addr 00000d66;  byte addr 0001acc0
ffff00010000fdfe0001fffeff00ff00fffdfeffff000000fffe0102ff000000    // raw_mem addr 00000d67;  byte addr 0001ace0
00ff0000fefe0203ff0000000101fffe0102feff0101000000ff0302feff0000    // raw_mem addr 00000d68;  byte addr 0001ad00
0001fefd0200010000fe01000200000001000300ffff01020000fefd0202fefe    // raw_mem addr 00000d69;  byte addr 0001ad20
fdfffefffcfffcfefefefdfdfdfdfe00fe00fcfcfe00fefefcfd0001fefd0000    // raw_mem addr 00000d6a;  byte addr 0001ad40
0101000101000100010102000000010001000102010000000100000000000000    // raw_mem addr 00000d6b;  byte addr 0001ad60
feff000000fffe00000000ff0000fdfefeff0000feff0000fffe000002010000    // raw_mem addr 00000d6c;  byte addr 0001ad80
01020100fe00000100fffe00000000feff000000fefffe00ff00fcfefeff00ff    // raw_mem addr 00000d6d;  byte addr 0001ada0
feff00ff00000001000002010100010001010200020102020201020003000000    // raw_mem addr 00000d6e;  byte addr 0001adc0
fe0000ffff00fc00ff00fefffdfeff00fffffdfffd00fffefd00fd0000fefdfe    // raw_mem addr 00000d6f;  byte addr 0001ade0
ff0001000000010101000000030001000000020000000000010000ff00ffff00    // raw_mem addr 00000d70;  byte addr 0001ae00
fd00fdfefefefc00fffdff0000ff00ffff0202000000000000feff01010000ff    // raw_mem addr 00000d71;  byte addr 0001ae20
01000200000001000100000000ff00000000fefefdfffefefdfefcfefdfdfeff    // raw_mem addr 00000d72;  byte addr 0001ae40
fefeffffff000000010000000000010000000000010001000201020003000102    // raw_mem addr 00000d73;  byte addr 0001ae60
0100010001010000000000000000fe00fffffffffcfeff00fefefdfefe00feff    // raw_mem addr 00000d74;  byte addr 0001ae80
ffffffffff00feff0000feff0000000000000001000000000000000000ff0100    // raw_mem addr 00000d75;  byte addr 0001aea0
00000000fdfffffffefffdfffdfefdfe0000fe00feffff0000000000feff0001    // raw_mem addr 00000d76;  byte addr 0001aec0
0001020000ff03000200ff0003000101000101ff0001010000ff0000000000ff    // raw_mem addr 00000d77;  byte addr 0001aee0
fffefefffefffefffd00ffffff00fefffefffe00fefe00000000fe00000000ff    // raw_mem addr 00000d78;  byte addr 0001af00
00000000010000000200020000000100020002010000000000ff00ffff00fe00    // raw_mem addr 00000d79;  byte addr 0001af20
00ffffff0001fffefefffe00fffefe0000ff00ff000000ff0000000000ff0002    // raw_mem addr 00000d7a;  byte addr 0001af40
00000100ff000000ff00fe0000fefdfffe00fdfdfcfefe0000ffffffff000000    // raw_mem addr 00000d7b;  byte addr 0001af60
ff00fd000000000000000101020100000000000000000101000000000200ffff    // raw_mem addr 00000d7c;  byte addr 0001af80
0000010000ffff000000fe0000000000ff0001000000000000ff0000fd0000ff    // raw_mem addr 00000d7d;  byte addr 0001afa0
00ff01000000000000ff00ffff00fffe0000000000ff000001ff000101010200    // raw_mem addr 00000d7e;  byte addr 0001afc0
0000000000fe000001000000ff00fdffff00fefffcfdfffffefffeff0000ff00    // raw_mem addr 00000d7f;  byte addr 0001afe0
0000ffff00010000000000000000000000000000ff00ff0000fffe00ff0000fe    // raw_mem addr 00000d80;  byte addr 0001b000
00feff00fefffeffff00fffffeffffff00000100000001000000000000ff0000    // raw_mem addr 00000d81;  byte addr 0001b020
0100000000000000ff0000ffffffff0000ffff0000ff0000000000ffff000000    // raw_mem addr 00000d82;  byte addr 0001b040
000000000100010100000200010100000100000000000000000001000000ff00    // raw_mem addr 00000d83;  byte addr 0001b060
fdfffffffffffeffff000000ff0000ffff00ff00fffefffffefffefefeffff00    // raw_mem addr 00000d84;  byte addr 0001b080
01000000000000000000000000ff0000ff0000000000feffff00ff00fdfefefe    // raw_mem addr 00000d85;  byte addr 0001b0a0
000001ff000000010000000000000000000000000000010000ff0102000000ff    // raw_mem addr 00000d86;  byte addr 0001b0c0
ff00fe0000fffefefe00fffefffffe00fefe00ffffff000000ff000001000000    // raw_mem addr 00000d87;  byte addr 0001b0e0
fffffe00ffff0000000000ff00000100000000000000ff000000ff00fd000000    // raw_mem addr 00000d88;  byte addr 0001b100
fe00ffffff00fdfffffeff00ffff00ff000102ff0100000100000000000000ff    // raw_mem addr 00000d89;  byte addr 0001b120
fffeff00000000ffff0000ffffff00000000ffff000000020000000000000000    // raw_mem addr 00000d8a;  byte addr 0001b140
0201000001000200010001000000000000ffff010000fefeff00fefefeffff00    // raw_mem addr 00000d8b;  byte addr 0001b160
0000ffff00000000feff01000000ffff0000ffff00000000feff00fffffffeff    // raw_mem addr 00000d8c;  byte addr 0001b180
ffff0100ff00fefeff00ff00ffff00000000000000000000000001000000ff00    // raw_mem addr 00000d8d;  byte addr 0001b1a0
00ff00000000ffffff00fffffcfefcfefcfefd00fcfefffe0000ff0001000001    // raw_mem addr 00000d8e;  byte addr 0001b1c0
00ffff000101010000000100010000000100010000000100000001000100ff00    // raw_mem addr 00000d8f;  byte addr 0001b1e0
ff00ff00fefffffffe00ff0000ff000102000101010101ff00010100fe000000    // raw_mem addr 00000d90;  byte addr 0001b200
0000ff000000fe00ff00000000000000ff00ff000000ff00fffffeffff0000ff    // raw_mem addr 00000d91;  byte addr 0001b220
ffff00ff010100000000020000ffff0000ffff00fefffffe00000000ff0000ff    // raw_mem addr 00000d92;  byte addr 0001b240
0000000001000100010000000000fe00fefe00fefefffefefefffd00feffff00    // raw_mem addr 00000d93;  byte addr 0001b260
00000000ff00fe0000fffeffff00000000000000020100000000000000000100    // raw_mem addr 00000d94;  byte addr 0001b280
0100ff000000000000ff00ffff0000ff0000000000ff0000000000ff00000100    // raw_mem addr 00000d95;  byte addr 0001b2a0
feff0000ffff0000000000ffff00000000000100010001000201020101010101    // raw_mem addr 00000d96;  byte addr 0001b2c0
fdfffdfefdfffdfefefefd00fdfdff00fffffdfdfffffffffd00fdfffefefeff    // raw_mem addr 00000d97;  byte addr 0001b2e0
0100020000000100030101000101030100000000000000fffffffffffdfffdff    // raw_mem addr 00000d98;  byte addr 0001b300
fe00feffffffff00ffff00ff0000feffff000000010001000100030203010201    // raw_mem addr 00000d99;  byte addr 0001b320
020002000100000001000000ffff00ffff00ff00fffffefefdfffefefdffff00    // raw_mem addr 00000d9a;  byte addr 0001b340
fefffdfcfffeff00000001000100010001010000000000000000010001000201    // raw_mem addr 00000d9b;  byte addr 0001b360
fffeff00fdfffdfefffefdffff00fefefdffff00ff00fe0000000000fe000000    // raw_mem addr 00000d9c;  byte addr 0001b380
010001000200010000000100000000ff0100000001000201000001ff0000ffff    // raw_mem addr 00000d9d;  byte addr 0001b3a0
fe0000ff0000ff0000fffefffd0000fefefffcfffffffefffdfe0000000000fe    // raw_mem addr 00000d9e;  byte addr 0001b3c0
0200000102000201010105010401040104020301020100020100ff00ffff00ff    // raw_mem addr 00000d9f;  byte addr 0001b3e0
fd00fcfdfcfdfd00fdfefefffffffefefe00fffeffffff00ffff0100000000ff    // raw_mem addr 00000da0;  byte addr 0001b400
0100040002020100010000ff0000fdffffff0000fdfefefffe00ff00fefefcfe    // raw_mem addr 00000da1;  byte addr 0001b420
fdfffdff00ff000000ff00000100010000000101020001000301010103000401    // raw_mem addr 00000da2;  byte addr 0001b440
000000ffff000000ff000000fffefe0000fffdfefcfefdfffbfefcfefd00fdfd    // raw_mem addr 00000da3;  byte addr 0001b460
fefefe00000000ff000000000000020101000300020103000402010103000101    // raw_mem addr 00000da4;  byte addr 0001b480
000001000000ff000000fdfefdfefdfffbfdfcfefcfefdfffdfffcfefdffff00    // raw_mem addr 00000da5;  byte addr 0001b4a0
0200030003010303030103010203020001ff000100ff00ff0002000101000002    // raw_mem addr 00000da6;  byte addr 0001b4c0
f8f8f8faf9fafbfaf8fdfcfcfefefcfffefe00ff00fffffefffefffe00fe0000    // raw_mem addr 00000da7;  byte addr 0001b4e0
0e0c0b0a0b0c09080708060704010304010100fffffffefbf9fcf9fafaf9f7f9    // raw_mem addr 00000da8;  byte addr 0001b500
e8e8f0f1f3f4fafb010102040709090909090a0c0b0b0c0a0c0a0d0c0c0b0d0c    // raw_mem addr 00000da9;  byte addr 0001b520
f9f9fbfafefe0201010102040202fefffbfdf5f7eeefecece7e7e3e1e5e5e4e4    // raw_mem addr 00000daa;  byte addr 0001b540
12130f111012131011111211131110100f0d0a0a05060300fdfcfafafaf7f7f5    // raw_mem addr 00000dab;  byte addr 0001b560
e9e5e1dddad6d9d6dadae1dceaeaf1f5fdfc0509090e11111217121613141215    // raw_mem addr 00000dac;  byte addr 0001b580
fcf7f9f6fcf9fdf9fdfb0100030206060c0b0d0c0e0e0c0f07060102faf9f0ed    // raw_mem addr 00000dad;  byte addr 0001b5a0
1018151b141b1116131a10150d0e0b0f070903040001fefcfdfbfdfbfaf7fbf8    // raw_mem addr 00000dae;  byte addr 0001b5c0
f9f6ece9e5e1dfdad7d3d9d4ddd8e0dce9e6f2f2f8fa0201080b090f10141218    // raw_mem addr 00000daf;  byte addr 0001b5e0
f1eeeeebeeedf2edf4f1fbf800fe05050d091110151616151314111109080000    // raw_mem addr 00000db0;  byte addr 0001b600
121315191517171a171b1619151d141a12160f150a10070a0003fcfdf7f6f1f2    // raw_mem addr 00000db1;  byte addr 0001b620
11120b0a00fff8f5ede8e2dde0d9dad0dcd4e1dbe4e0f0ecf8f4fffe07090d0d    // raw_mem addr 00000db2;  byte addr 0001b640
0001f9fbf2f3ececeaebe8e7e8e7ecedf1f1f7fa000007070c11131517181417    // raw_mem addr 00000db3;  byte addr 0001b660
fcf802000b0c111014161718181a171d191c191d181d161b161911160d100808    // raw_mem addr 00000db4;  byte addr 0001b680
0b0f0f1514180f140b0e0304f9faf3f0e7e3e1daded7dbd1dcd5e3deeae1f2ef    // raw_mem addr 00000db5;  byte addr 0001b6a0
191b161810120b0e0606fffdf9f9f2f1eeebedeceae9edecf3f5f8f8ff01070c    // raw_mem addr 00000db6;  byte addr 0001b6c0
d6d1dbd5e2dee8e3f4f100fd04030d0f14131515181b1a1c191c1b1d1a1d191c    // raw_mem addr 00000db7;  byte addr 0001b6e0
f1f2f7f8fd0003070b0d0e110f160e150b0e0609fdfff2f2eae9e1dedad6d8d3    // raw_mem addr 00000db8;  byte addr 0001b700
1d1e1d1d1c1e1f1e1a1c191b17170f110c0d0604fdfffaf9f2f1efeff0efedee    // raw_mem addr 00000db9;  byte addr 0001b720
f4f4e9e9e2dfd7d7d7d3d6d1d5d3e1dde7e4efedfcfa03020b0b12131716191a    // raw_mem addr 00000dba;  byte addr 0001b740
fbfbf9f6f2f0f3f1f4f1f3f3fdfa000004060b0e0f1011130f150d0f05080000    // raw_mem addr 00000dbb;  byte addr 0001b760
feff04060e1010131517181c191a191a191e181a1719181a12120d0d09090100    // raw_mem addr 00000dbc;  byte addr 0001b780
101310140b0f05090002f5f6edede5e3dcd9dad6d7d2d7d1ded9e3e0eae9f8f6    // raw_mem addr 00000dbd;  byte addr 0001b7a0
181b16160f100d0c0403fffdfef8f5f4f4f2f6f1f4f2faf7ffff03030a0b0e10    // raw_mem addr 00000dbe;  byte addr 0001b7c0
d5d1dad6e2dee7e6f4f2fdfd03030a0d0d121114141a181c1719181e1c1e181a    // raw_mem addr 00000dbf;  byte addr 0001b7e0
f6f6fdfc04040b0b11121516141613150e100507fefcf2f1e7e7e1dbdad5d6d1    // raw_mem addr 00000dc0;  byte addr 0001b800
191d171e181d191e161c161a12160d0f090c0302fdfcf8f7f4eff1eff0eef2f0    // raw_mem addr 00000dc1;  byte addr 0001b820
f7f5edeae5e0dad6d6d1d4d0d4cfdad8e1e0ebe9f6f7ff0008080e121216181a    // raw_mem addr 00000dc2;  byte addr 0001b840
f8f7f4f4f0eef2eff5f0f5f3fdfa030007070f1013141618161812110c0c0202    // raw_mem addr 00000dc3;  byte addr 0001b860
fdfd04060d0f1216151a1b1f1d1f1a201e211c1f171c171910130a0b0306fcfd    // raw_mem addr 00000dc4;  byte addr 0001b880
1216141712150c100505fcfbf1efe7e4e0dad8d4d5d0d7cdd8d5dfdce7e4f2f3    // raw_mem addr 00000dc5;  byte addr 0001b8a0
161b13160e100a0b0303fcfdf7f7f4f0f1efeeeef1eef6f6fafb01010a0a0f11    // raw_mem addr 00000dc6;  byte addr 0001b8c0
d2cbd3cddbd5e3deedeafbf80203090d10141418161d1920191b191f1a1f171b    // raw_mem addr 00000dc7;  byte addr 0001b8e0
f2f1f5f2fbfa000309090e121315171713160e0f0506fbf9f2eee5e3dbd6d6cf    // raw_mem addr 00000dc8;  byte addr 0001b900
1d221d201c1f1b21191d171a151a11140e0f09090202fdfcf7f6f5f3f1eff0ee    // raw_mem addr 00000dc9;  byte addr 0001b920
0204faf9eeede1dfd9d5d4cdd0c9d2cdd8d3e1ddeeecf9f903040e111418191e    // raw_mem addr 00000dca;  byte addr 0001b940
ff00f9faf6f5f3f0eeedf1edf3f0f3f4fcfb0001070810111214131813150c0e    // raw_mem addr 00000dcb;  byte addr 0001b960
f3f100000b0a1316191c1c201d231d221c201b1f1a1d171a14160e120a0c0405    // raw_mem addr 00000dcc;  byte addr 0001b980
08080e0f1317141812150e0f0405faf9eeebe0ddd9d2d4ccd0c8d3ccdbd5e6df    // raw_mem addr 00000dcd;  byte addr 0001b9a0
1619121611140e0f0a0b05070102fbfbf6f7f4f2f0edeeecf0eef4f2f9f80001    // raw_mem addr 00000dce;  byte addr 0001b9c0
d9d2d0cacfc7d0c7d6d1e6e2f5f000000c0e15181c201f241e231d211a1e191d    // raw_mem addr 00000dcf;  byte addr 0001b9e0
f0edeeedededf3f2f8f8fdfd06060c0f1115151812160f110508fcfcefede1df    // raw_mem addr 00000dd0;  byte addr 0001ba00
22242326232621251c1f1b1d161911150f12090b05070204fdfffafaf6f6f1f1    // raw_mem addr 00000dd1;  byte addr 0001ba20
15170d0f0807fbfcefede3ded7d2d2cacec7d0c9dbd3e6e4f6f405030f121b1d    // raw_mem addr 00000dd2;  byte addr 0001ba40
05050000fbfef9f9f5f5f2f2f1eef0eef1eef3f1f8f8fefe05050e0f11131618    // raw_mem addr 00000dd3;  byte addr 0001ba60
dbd6e9e4f4f402041110191c1d242224212620241e201a20181912140e110a0a    // raw_mem addr 00000dd4;  byte addr 0001ba80
f7f9fdfe0305080b0e100f160f140d0d0508fbfbefebe4e0d9d3d2cacfc7cfca    // raw_mem addr 00000dd5;  byte addr 0001baa0
1f251f20191b161811100a0b05060000fdfbf9f7f5f5f1f1f0efeef0f0eff4f4    // raw_mem addr 00000dd6;  byte addr 0001bac0
eaeadfdcd7d1d0cacfc8d3cedfd8eae8f7f805040f121a1d20231e2523272325    // raw_mem addr 00000dd7;  byte addr 0001bae0
f3eff1eff1eef1eef4f3f5f3fbfb010205050d0f1213111411140c0d0202f9f7    // raw_mem addr 00000dd8;  byte addr 0001bb00
15181a1e1f232024202520241c211c1f191a12150f0f08080204fffdfaf8f8f6    // raw_mem addr 00000dd9;  byte addr 0001bb20
0f1212160e13080bff01f3f3e7e5dbd7d1ccccc6cdc6d3d0dfddefedfcfb0b0a    // raw_mem addr 00000dda;  byte addr 0001bb40
0a0c0405fffef9f9f7f4f5f1f3f0f5f1f5f0f6f3f8f5fbf6ffff020309090d10    // raw_mem addr 00000ddb;  byte addr 0001bb60
d3cfdcd8eae7f6f501020c0f1417181b1a1f1d221f231e231c211a1e161a0f13    // raw_mem addr 00000ddc;  byte addr 0001bb80
f5f3fcf9ffff07070e0d10141619141610120708fcfcf2f0e4e0d8d2d2cbd0ca    // raw_mem addr 00000ddd;  byte addr 0001bba0
1d221e241c1e1a1f171b10120b0c0303fdfdf8f8f0efefeceeebecebf0edf1ef    // raw_mem addr 00000dde;  byte addr 0001bbc0
fbfaeee9dfdad1cdccc6d1cad5d0e1dff2effdfe080a1013131a181b191f1a20    // raw_mem addr 00000ddf;  byte addr 0001bbe0
ebe8eaeaeeecf0ecf1f1f5f4f9f7fcfc010007080e0e16151718171914130707    // raw_mem addr 00000de0;  byte addr 0001bc00
121415171818171a1a1d1a1e1d211f231d211a1f15180e0f0406fcfbf3f3efee    // raw_mem addr 00000de1;  byte addr 0001bc20
0f11151915171012090bfbfaeeeadfdad2cbd0cad2cbd8d3e8e5f5f300030f0f    // raw_mem addr 00000de2;  byte addr 0001bc40
0e140406f9f9eff1e9e7e8e3e8e6ece9f0eef3f4f7f4f8f8fcfc00fe0105090a    // raw_mem addr 00000de3;  byte addr 0001bc60
ddd6ece8fcf90a0a13141517131713151216111515171a1e1c201e241e23171c    // raw_mem addr 00000de4;  byte addr 0001bc80
fefe00fefdfe00000405090c0f11101312130a0cfdfdf1ede0dbd5ced1cbd2cb    // raw_mem addr 00000de5;  byte addr 0001bca0
1519191e1f221e241e2216180a0bfffbefebe5e3e1dee5e1eae8f0f0faf7fbfc    // raw_mem addr 00000de6;  byte addr 0001bcc0
efecdfddd8d2d2ccd4cee0dbf1ee02001111181a181b181a151712130e121113    // raw_mem addr 00000de7;  byte addr 0001bce0
dedbe8e6f1f2fafb01020103ff02000000000002030508090c0e0d0e0507fdfc    // raw_mem addr 00000de8;  byte addr 0001bd00
191b191a1516141314151416191c1b1f1a1e1a1f10140304f8f5e6e6e0dcdfd9    // raw_mem addr 00000de9;  byte addr 0001bd20
04050104fffff8f7efeee7e5e1dfded9ddd8e4e0eeebfbf907070e101517191b    // raw_mem addr 00000dea;  byte addr 0001bd40
fbf8f0efe9e7e2dee1dee7e3eeecf7f700ff04020608090a090a060704060506    // raw_mem addr 00000deb;  byte addr 0001bd60
06090a0b0d0e0e1011131314141615191616151816161515151812130b0d0405    // raw_mem addr 00000dec;  byte addr 0001bd80
01030402050705080303fcfcf3f2ebebe5e2e2dfe2dfe4e2edebf6f6ff000605    // raw_mem addr 00000ded;  byte addr 0001bda0
0c0c07080000fbf9f4f2eeeaece8eee9f2eff8f6fdfafeffffff000001020102    // raw_mem addr 00000dee;  byte addr 0001bdc0
fffd0304090c0b0b090b0f0e0f110f131313101511120e110d110e0e0d100d10    // raw_mem addr 00000def;  byte addr 0001bde0
06050707020101020405010101030000f7f7f3f2edeae6e2e6e4e8e4ece8f5f5    // raw_mem addr 00000df0;  byte addr 0001be00
0b0c050503040001fcf9f9f9f5f4f1eeefedf1edf3f1f8f6fefc000004030505    // raw_mem addr 00000df1;  byte addr 0001be20
e6e4f2f2fcfc03040c100c0e0b0f0b0e0a0e0b0f0b0d0e110e100e120c100a0b    // raw_mem addr 00000df2;  byte addr 0001be40
02040a080a0d0b0c070802030401ffff00ff0400fbfbf8f6f4f1e9e7e9e4e7e3    // raw_mem addr 00000df3;  byte addr 0001be60
0f110b0d06080100fafaf5f5f4f1f5f3f5f4f7f4f9f6f7f5f6f4f6f7fcfbff00    // raw_mem addr 00000df4;  byte addr 0001be80
efedece9f2eff8f600010a0b0d0f0d1210120d100b0f0b0d0a0c0b0e0c0f0f11    // raw_mem addr 00000df5;  byte addr 0001bea0
fbfd00ff020406090e0e0c0d090907070000fdfefdfbf6f4f4f4f7f3efedf0ef    // raw_mem addr 00000df6;  byte addr 0001bec0
0a0c090b06080304fffffbfaf3f4eeedededefeef1f0f3f5f6f6f6f6f8f8fbfa    // raw_mem addr 00000df7;  byte addr 0001bee0
f3f0f1eef5f3fdfc0202090a0b0c0a0c0a0c0c0d0f110f100e0f0d0e0e0d0b0d    // raw_mem addr 00000df8;  byte addr 0001bf00
fdfe00ff010207070b0b090a09060304000001fffdfffdfaf8f7f6f5f6f1f2f0    // raw_mem addr 00000df9;  byte addr 0001bf20
0505040504040000fcfcfafaf7f6f3f2f5f3f6f4f4f4f7f6f7f7f8f7faf9fbfc    // raw_mem addr 00000dfa;  byte addr 0001bf40
f2f2f5f5f9f8ff00060a0a0c0b0e090e0b0a0b0d0a0d0c0d0c0c0909090b0808    // raw_mem addr 00000dfb;  byte addr 0001bf60
000000000402050506070706030300fffdfbfafbf8f7f5f4f5f4f3f2f5f4f5f5    // raw_mem addr 00000dfc;  byte addr 0001bf80
02030100fcfdfcfafcfaf8f9fbf9f8f6f4f4f6f5f9f5f9f7fcfb00fdffff0200    // raw_mem addr 00000dfd;  byte addr 0001bfa0
f8fafdfd0301090c0d0f0f0e0d0f0c0d0c0b090b070a08090909070909090708    // raw_mem addr 00000dfe;  byte addr 0001bfc0
02000000000100000000ff00fefdfdfcfaf9f7f6f5f4f4f3f7f4f8f9fafcfbf8    // raw_mem addr 00000dff;  byte addr 0001bfe0
fefffcfdfafbf7f7f7f8f8f7f7f7f8faf8f8f8f7f8f6fbfafdfd010001020100    // raw_mem addr 00000e00;  byte addr 0001c000
03040b0c0e0e0b0b080909080909090b070a0507050604060406050503040102    // raw_mem addr 00000e01;  byte addr 0001c020
fefffdfdfdfbfdfefefdfefbfcfaf8f6f7f3faf9fdfcfffdfffffcfbfdfb0100    // raw_mem addr 00000e02;  byte addr 0001c040
fefefcfcfafbfbfbfcfbfbfdfbfcfbfafbfafefd00ff010001000000fefe00fe    // raw_mem addr 00000e03;  byte addr 0001c060
0f0f0d0c0707070806070608070904040406020403030404020200020000fffd    // raw_mem addr 00000e04;  byte addr 0001c080
f4f6f5f4f7f7fafaf8f8f5f4f4f1f6f5fcfcffff0002fdfffbfb000005060b0c    // raw_mem addr 00000e05;  byte addr 0001c0a0
ffffffff00ff00010102010100010100000000fffffdfefffefcfcfefafbf6f5    // raw_mem addr 00000e06;  byte addr 0001c0c0
060507070605040404040203040304040203030200ff00000301030000010000    // raw_mem addr 00000e07;  byte addr 0001c0e0
f9f9fdfbf9f9f9fafcfafbfaff000000ff000002010103030606050606080708    // raw_mem addr 00000e08;  byte addr 0001c100
02020000000002030101010000fefcfcfdfcfcfafbfbfbfbf7f6f3f5f5f5f7f6    // raw_mem addr 00000e09;  byte addr 0001c120
0000ff000000fdfffd000000fd0002000102fe000100ff01ff00020300020000    // raw_mem addr 00000e0a;  byte addr 0001c140
0200030102020303040203030203010202030303030303040303010101020101    // raw_mem addr 00000e0b;  byte addr 0001c160
fefdfdfdfcfcfcfafbfbfdfafcfbfdfbfcfafbfcfdfafcfbfefd00fd00000100    // raw_mem addr 00000e0c;  byte addr 0001c180
ff00fe010000ffff0000000000000001ff0000000100ff00000000fffefefefe    // raw_mem addr 00000e0d;  byte addr 0001c1a0
000202010304020203040103040305050304050605050402030401030000ff01    // raw_mem addr 00000e0e;  byte addr 0001c1c0
fdfcfbfbfbfcfcfafbf9fbfbfbfafcfbfcfdfdfafdfcfefdfffdfd0000ff0200    // raw_mem addr 00000e0f;  byte addr 0001c1e0
000101010200000102000200ff00fffefdfefdfdfcfdfbfdfbfbfbfcfafcfdfc    // raw_mem addr 00000e10;  byte addr 0001c200
0403050507040505060605050404050403050504050302040503050400030100    // raw_mem addr 00000e11;  byte addr 0001c220
fcfcfbfafafbfbfcf9f9fafbfbfbfbfbfcfdfeffffff00000102020104020404    // raw_mem addr 00000e12;  byte addr 0001c240
0000ff0000fefefefffefcfdfcfcfefdfbfdfcfcfdfbfcfcfcfcfcfbfdfcfdfc    // raw_mem addr 00000e13;  byte addr 0001c260
0000000100010000010302010403010203020504020203020402020100010100    // raw_mem addr 00000e14;  byte addr 0001c280
00fffffe0100ff00ff000201000100010302010101010001ff0101010001ff01    // raw_mem addr 00000e15;  byte addr 0001c2a0
fcfdfefbfefdfdfe00fcfffdfefe00fd00fefdfdfffdfffefefe00ff00ff00ff    // raw_mem addr 00000e16;  byte addr 0001c2c0
020202020101020301020000fe00fefffefefd00fcfdfdfdfd00fbfdfdfcffff    // raw_mem addr 00000e17;  byte addr 0001c2e0
040305030503020101020102000001010101010202020101000100010001ff00    // raw_mem addr 00000e18;  byte addr 0001c300
fafcfafbf9fbfcfbf9fdfbfdfffefdfffd000000000000000100030203020503    // raw_mem addr 00000e19;  byte addr 0001c320
010000ff0000020000fffffefffefcfdfcfdfefbfcfdfdfdfefafcfcfefcfbfd    // raw_mem addr 00000e1a;  byte addr 0001c340
fe00000001000001000000010002030102020103040203010202030001000000    // raw_mem addr 00000e1b;  byte addr 0001c360
0000ff00ff000100000100010303010101000303ff0000000000fdfffeffff00    // raw_mem addr 00000e1c;  byte addr 0001c380
fefe00fdfefdfffd00fd000000fefdfd00fe00fefdff00feff00000000ff0000    // raw_mem addr 00000e1d;  byte addr 0001c3a0
020100000200ff00ff0000fffdfffcfffbfcfcfefcfdfbfdfcfdfdfdfdfffdfd    // raw_mem addr 00000e1e;  byte addr 0001c3c0
0201010100020302030101020402030203010301020101010100030100020200    // raw_mem addr 00000e1f;  byte addr 0001c3e0
fefffefffcfefefefcfefcfffefefcfffeff0000000002000201010102010201    // raw_mem addr 00000e20;  byte addr 0001c400
00ff0000fffefffefefdfdfefdfdfefefefe00fd0000fffefffeff00fefefdfe    // raw_mem addr 00000e21;  byte addr 0001c420
fc000000feffff0000000000010103000100000000ffffff00ffffffff0000fe    // raw_mem addr 00000e22;  byte addr 0001c440
0101020000010402010001020202000000020001fe00ff0000fffe00ff00feff    // raw_mem addr 00000e23;  byte addr 0001c460
00ffffff000000fffffffffefdffffff00ff00ff000002000300020003000001    // raw_mem addr 00000e24;  byte addr 0001c480
0000ff000000ff00feff0000fefffeffff00fffffefefdfffdfffefdfeffff00    // raw_mem addr 00000e25;  byte addr 0001c4a0
00fffe0000fd0000ff000000010200ff00000000feffff010100000001000200    // raw_mem addr 00000e26;  byte addr 0001c4c0
fdfefefdfffffcfffdfdfefffdfffefefe00000001ff000000000100ff0100ff    // raw_mem addr 00000e27;  byte addr 0001c4e0
0101020103010101020101010200010000000200000000000000fefffefffeff    // raw_mem addr 00000e28;  byte addr 0001c500
0000fcfffeff0000ffff00000000ff000000fe00ff0000000000000001000200    // raw_mem addr 00000e29;  byte addr 0001c520
00ff00ff000001fffd0000ff01feff0100fefdff000000fefdff0000fdfefdff    // raw_mem addr 00000e2a;  byte addr 0001c540
010000010100000001000000ffff00000001ff00000000ff0000000000ffff01    // raw_mem addr 00000e2b;  byte addr 0001c560
000000fffd0000fffdfffdfefffffcfffeffffffff00fd00fffe0100ff000200    // raw_mem addr 00000e2c;  byte addr 0001c580
ffffffff000000000000020003000200010102000000010100ffff000100fe00    // raw_mem addr 00000e2d;  byte addr 0001c5a0
00fffe00fffffe00fffffffffdff00ffff00ffff0000ffff00fffe00fefe0000    // raw_mem addr 00000e2e;  byte addr 0001c5c0
00ff0001010001000000000000ffffff0000ff0000000000000102ffff00ff00    // raw_mem addr 00000e2f;  byte addr 0001c5e0
00ffff0001010000010202000100020201ff0001000000ff000100fe00000000    // raw_mem addr 00000e30;  byte addr 0001c600
ff000100ffffff00ff00fefe0000fcfffdfefefffcfffffefdfffffefefefe00    // raw_mem addr 00000e31;  byte addr 0001c620
000000000000ff00ff0000ff0001010000000201030102010200010102000000    // raw_mem addr 00000e32;  byte addr 0001c640
000000000000fe00ff00fe00fefe00fffefffcffff00fdfefdff000000ff0000    // raw_mem addr 00000e33;  byte addr 0001c660
ffff0000000000ff0102000000000000000000000000000000ff020000000000    // raw_mem addr 00000e34;  byte addr 0001c680
fc00fefefffffe00000000ff0000010000ff0001020101ff0101010000ff0000    // raw_mem addr 00000e35;  byte addr 0001c6a0
01000200020001000000000000ffff00000000fefe00fffffefdfc00fdfdfdfe    // raw_mem addr 00000e36;  byte addr 0001c6c0
fdfffefefefefeff0000ffff0000010000000000000000000000000002010300    // raw_mem addr 00000e37;  byte addr 0001c6e0
020000000000020100000000010000fffe00fd00fcfffcfefcfefdfffcfefdff    // raw_mem addr 00000e38;  byte addr 0001c700
0000000000000000000000ff0000010000000000010101000101020100000100    // raw_mem addr 00000e39;  byte addr 0001c720
fffefcfdfbfefcfefcfdfcfefdfefefffcffffff00ffffff0000010000000000    // raw_mem addr 00000e3a;  byte addr 0001c740
0300050101010200040200000200010000000001fe0000fffe00fe00fffffcfe    // raw_mem addr 00000e3b;  byte addr 0001c760
fdfdfdfdfefffdfdfdfefeff00ffff00ffff0200000000000300010103020201    // raw_mem addr 00000e3c;  byte addr 0001c780
00000000010000000000000001000000000100ff00000000fffefe00fdfffefe    // raw_mem addr 00000e3d;  byte addr 0001c7a0
01000000ff0000ff0000010000000000010000000000ff0000000000ff000200    // raw_mem addr 00000e3e;  byte addr 0001c7c0
fdfefdff0000fdfefdfffefffdfefcfefdfffdffffff00fe000001000000ff00    // raw_mem addr 00000e3f;  byte addr 0001c7e0
01000200010101010300000000000100000000000000ffffff000000feffff00    // raw_mem addr 00000e40;  byte addr 0001c800
000000fffeffff00fffdff00fe00fefdff00fdfefefffe00ff00ff0000000200    // raw_mem addr 00000e41;  byte addr 0001c820
0000ffff00ff0100ff0001ff0000000001000301010000000301020000010000    // raw_mem addr 00000e42;  byte addr 0001c840
0000000001ff0000fe00000000000000000101ffff00ff0000fffe00fe00ffff    // raw_mem addr 00000e43;  byte addr 0001c860
fefffe00fefffdff0000fffffefeff00fe00fdfe00fffe00feff00ff000000ff    // raw_mem addr 00000e44;  byte addr 0001c880
ff000000010101000101030201000001010000010001ff0000000000ff000000    // raw_mem addr 00000e45;  byte addr 0001c8a0
000000000100000000000000000000ffff00fefffe0000fffefffe0000fffe00    // raw_mem addr 00000e46;  byte addr 0001c8c0
0000fefffffffefffdfefdfffeff0000ff0000ff000001000100000002000300    // raw_mem addr 00000e47;  byte addr 0001c8e0
000000ff000000010200010101000200000000ff0000000100ff000000000000    // raw_mem addr 00000e48;  byte addr 0001c900
00ffff00fd0000fffefffcfffffefcfefdfe00feffffff00ff000000000000ff    // raw_mem addr 00000e49;  byte addr 0001c920
0000fe00ff00fefffffe0000ff0000000000000002000000ff000000fe00fe00    // raw_mem addr 00000e4a;  byte addr 0001c940
01000100010001010201040002000200020001000000000000ff0000000000fe    // raw_mem addr 00000e4b;  byte addr 0001c960
ff00fdffffffff00fefefffefdfffefffefffcfefffeff00ff00000000000000    // raw_mem addr 00000e4c;  byte addr 0001c980
0002fffe0100000000ff000000000100000000000200ff0000000000fdffffff    // raw_mem addr 00000e4d;  byte addr 0001c9a0
00ff07070102fafa0301fbfafcfcfbf90708f9f9fbf8090cefedfefe0104fbfa    // raw_mem addr 00000e4e;  byte addr 0001c9c0
feff0001fefe0102fefe00010101fdfe0204faf90505fdfe000008070000090a    // raw_mem addr 00000e4f;  byte addr 0001c9e0
f8f40a0d0000faf71215fcf702030d0ef8f602020605f9f805030000fbfb0604    // raw_mem addr 00000e50;  byte addr 0001ca00
f0effcfd0001e9e70305f9f8fcfb0709f2f106050000f7f60e0ff9f9ffff090b    // raw_mem addr 00000e51;  byte addr 0001ca20
070900fe0000080afafb02040304fdfe0809faf900020202fffffe00f5f50104    // raw_mem addr 00000e52;  byte addr 0001ca40
02020405fbf80908000000fe0605fbfc0604fffefcfc0402faf8070800fff9f9    // raw_mem addr 00000e53;  byte addr 0001ca60
fefe0204f9f803030001faf60508f9fbfdfc0508f2f30509fdfef9f80c0df9f6    // raw_mem addr 00000e54;  byte addr 0001ca80
0404fdfb00000203f9f801020100fefe0201040100ff00ff0403fdfc0001fdfe    // raw_mem addr 00000e55;  byte addr 0001caa0
fafa0002fcfcffffff00f9fa0305fefc0102fefffaf90709f8f600000303faf9    // raw_mem addr 00000e56;  byte addr 0001cac0
fefe00000505fefd0102fdfd0000fdfefdfc0103fcfdfdfc0101fefffeffffff    // raw_mem addr 00000e57;  byte addr 0001cae0
00fffcfb0605f9f90708fdfdfdfc0707fdfe06040301ffff02020101fdfe0204    // raw_mem addr 00000e58;  byte addr 0001cb00
00fefdfd0406f8f60607fffffffd0708faf901000405fbf900010406f6f50709    // raw_mem addr 00000e59;  byte addr 0001cb20
fbfa090af9f604040607f4f20a0bfaf900ff0605f8f90506ffff010000000203    // raw_mem addr 00000e5a;  byte addr 0001cb40
0002fbfa0608f9fbfcfc0505fbfbfdfe0000ff000101fefe030400fd00000103    // raw_mem addr 00000e5b;  byte addr 0001cb60
0100fcfcffff0000ff000000fefd00000708f9f800010001f9f90608f9faff00    // raw_mem addr 00000e5c;  byte addr 0001cb80
fe000101fefd0000fffe00000304fefd010000ff040400fffffc0506fcfc0100    // raw_mem addr 00000e5d;  byte addr 0001cba0
fcfc0102fffffdff0101fcfbfe00fffffeff0001fcfb01010300fefe020100fe    // raw_mem addr 00000e5e;  byte addr 0001cbc0
fdfd0605fdfd00ff0908fbfa01020404fdfb0507000000ff0101fcfc04050000    // raw_mem addr 00000e5f;  byte addr 0001cbe0
feffffff00fffd00fdfd0000010200fffdfe00000001fcfe0101fafcffff0201    // raw_mem addr 00000e60;  byte addr 0001cc00
fffe020300fc0202010100ff0102fbf90104fdfdfefdff01fdfb0102fefffefc    // raw_mem addr 00000e61;  byte addr 0001cc20
fefd0503feff00ff0100fdfe0203fdfc010100fe01000304010001ff00000302    // raw_mem addr 00000e62;  byte addr 0001cc40
fffb0000ff00fdfc0002fffefffdfd000101fffefd00fbfcfeff0003fefcfe00    // raw_mem addr 00000e63;  byte addr 0001cc60
fe00ff00fffe0102ff00000003010000030000fe040401000100040100ff0405    // raw_mem addr 00000e64;  byte addr 0001cc80
0101fcfd00010101fcfd0001fcfdfe000000fbfc000100fffefe00000000fefd    // raw_mem addr 00000e65;  byte addr 0001cca0
010002000100fdfd0101000001010200ffff000100ff0002fcfbfefefe00fdfe    // raw_mem addr 00000e66;  byte addr 0001ccc0
0001fcfd0000fefe000201000000010101000203fcfdffff0100010100ff00fe    // raw_mem addr 00000e67;  byte addr 0001cce0
03000200040200000303fefa0002fefefefd0003f9f90103fdfdfdfdfe00fefd    // raw_mem addr 00000e68;  byte addr 0001cd00
fdffff00fffffdffff00fdff0000ffff01000100010104020202050301000605    // raw_mem addr 00000e69;  byte addr 0001cd20
fe00fefe0000fd00ff000000fbfe00ff0001fafcffffff00fcfefefefefeff00    // raw_mem addr 00000e6a;  byte addr 0001cd40
feff00000000010001ff000005030100000001000304020201ff030201000000    // raw_mem addr 00000e6b;  byte addr 0001cd60
fbfdfffffafefcfefdfefcfffdfdfdfdfe0000000000fffe0100fffffffe0000    // raw_mem addr 00000e6c;  byte addr 0001cd80
0704050203020602040102000400000000000301fbfcfeff0000f9fafefefcfe    // raw_mem addr 00000e6d;  byte addr 0001cda0
fe00ff0000040102010200030305010201020002010207040102040408040403    // raw_mem addr 00000e6e;  byte addr 0001cdc0
f9f7fbfafbf8f8f8f9faf9fbf8f9f9f9fcfdfcfdfafafcfe0000fcfefcfd0002    // raw_mem addr 00000e6f;  byte addr 0001cde0
0607040405040101fffffffffdfcfdfafbf9f7f5fbf9fbf8f6f2f9f7faf8faf5    // raw_mem addr 00000e70;  byte addr 0001ce00
070a06090d100d130c0e0c110e120d100b100b0f0d110a0c090b0c0f08090809    // raw_mem addr 00000e71;  byte addr 0001ce20
f1edf1edf1eeefe9f3eff2eeece8f2edf5f0f1eef6f2f8f6fdfcfffefeff0808    // raw_mem addr 00000e72;  byte addr 0001ce40
070a060801040203ff03fe00fdfefcfffdfcf8f9f7f8f5f4f5f7f4f1f1eff4f5    // raw_mem addr 00000e73;  byte addr 0001ce60
02000a0b1513100f161a1a1a13161a1d15181215141a101410130b110b0e0a0d    // raw_mem addr 00000e74;  byte addr 0001ce80
f2f0f2f1efededebefeceae6e8e7eeebeae5ece9f0ecefeaf6f4f6f3fcfa0504    // raw_mem addr 00000e75;  byte addr 0001cea0
0a0c09090607020300000000fdfffefcfcfdfbfefafaf8faf9fbf6f6f5f7f5f6    // raw_mem addr 00000e76;  byte addr 0001cec0
fefeffff0c0d0f0e1011191a191a191b1a1d191a1a1b191a1514141613130d0d    // raw_mem addr 00000e77;  byte addr 0001cee0
f5f4f3f2f0f1ededecece9e8e6e5e8e7e7e6e5e3e9e6e9e7eceaefefefeff9fa    // raw_mem addr 00000e78;  byte addr 0001cf00
0d0d0c0d0a0907070503030104030200fffffffe00fffbfcfdfcfbfbf8f9f8fa    // raw_mem addr 00000e79;  byte addr 0001cf20
f6fbf8f90606090c060811151518131816171415161b15171112141512140f0f    // raw_mem addr 00000e7a;  byte addr 0001cf40
fdf9fbf8f9f7f3f0efedf1eeeceae9e5eae9e9e7ebe8ebeaece8eeeef1f0f5f5    // raw_mem addr 00000e7b;  byte addr 0001cf60
050b080a0203010403040100000000000503020000fe0603010000ff0200fffd    // raw_mem addr 00000e7c;  byte addr 0001cf80
fcfbfafa00010d0e090b0c0e161a13171215141810150f140d120a100c0f070b    // raw_mem addr 00000e7d;  byte addr 0001cfa0
f9f7faf9f9f7f7f4f1eef1f0f1edeee9f0edede8f0ebf1eeedeaf2eef3f0f6f5    // raw_mem addr 00000e7e;  byte addr 0001cfc0
0708070a02050000ff00fd00fefefbfdfbfdfdfffbfdfffffe00fafbff00fefe    // raw_mem addr 00000e7f;  byte addr 0001cfe0
0602fffe020019170f0f110f1c1d181b17191718161713170f1110101011090a    // raw_mem addr 00000e80;  byte addr 0001d000
f5f5f4f5f1f3f3f3ebebeaebedebe8e5ededeae8e9e3f4f2efebf2edf7f4f6f4    // raw_mem addr 00000e81;  byte addr 0001d020
090a0a07050601040202f9fbfeff0102f8fafdfbfdffff00fdfdf7f9ff00fafb    // raw_mem addr 00000e82;  byte addr 0001d040
0001fcfdf9fa13160f10070b1b1d1b1b1517191a17181516131511121311100f    // raw_mem addr 00000e83;  byte addr 0001d060
f8faf8f6f2f1f6f5f0eeeaeaf0ede9e5ecedece9e4e2f0f0edecebebf1f1f0f1    // raw_mem addr 00000e84;  byte addr 0001d080
0a0a0a09030304030604ffff00fe04000303fffcfffe070600fdfafb0200fdfc    // raw_mem addr 00000e85;  byte addr 0001d0a0
070afafbff01161b0a0e0b0e191b131913161316101511120e110e0f0d0e080b    // raw_mem addr 00000e86;  byte addr 0001d0c0
fdfaf5f3f4f0f8f6eee8efeceeeae7e4f2f0e8e5e4e5f4f0eeebf0f3f3eff8f7    // raw_mem addr 00000e87;  byte addr 0001d0e0
060803050000ff000102fbfdfbfc0000fcfefdfcffff00fffefdfdfafdfdfdf9    // raw_mem addr 00000e88;  byte addr 0001d100
0c0cfdfc0f101a190b0c15181b1d14181517151813170f1011121011080a0809    // raw_mem addr 00000e89;  byte addr 0001d120
f8f6ececf1edf3f0e9e5f1ece8e7ece6f5f2e8e4f1ecf6f6f4f1fbf7f7f40504    // raw_mem addr 00000e8a;  byte addr 0001d140
04050203fe0000020000fbfcfdfffdfefefdfbfbfbfcfdfef9faf9f9f6f7f6f5    // raw_mem addr 00000e8b;  byte addr 0001d160
fcfb0d0f171a0c0c181a1b1d1619181b16171619111310101215090b0709070b    // raw_mem addr 00000e8c;  byte addr 0001d180
f0eeefecf3f0e7e5ebe9e7e6e5e2f1efe5e3eae7f5f3f0f0f5f6f3f20000080b    // raw_mem addr 00000e8d;  byte addr 0001d1a0
07050305060403010100010000000000fffffdfdfffefbfbf8f7f9f8f7f4f7f4    // raw_mem addr 00000e8e;  byte addr 0001d1c0
0709161a0b0d1115191b16191517151715191112101112130d0d0b0b0a0c090a    // raw_mem addr 00000e8f;  byte addr 0001d1e0
efecf2efe9e6ebeae6e5e5e1f2f0e7e4e6e4f3f4f1eff5f6f3f3fdfd090dfcfc    // raw_mem addr 00000e90;  byte addr 0001d200
03030003000100feff00fcfdfffffe00fafafdfdfdfcfbf9f9f5f7f5f8f8f0ed    // raw_mem addr 00000e91;  byte addr 0001d220
17190a0a1819181d141717191517151811140f100f130a0e080b090a05060407    // raw_mem addr 00000e92;  byte addr 0001d240
efece8e5eeeae7e3eae8f3f1e9e3f0eff7f4f5f0fcfcf8f405030c0bfcfb1113    // raw_mem addr 00000e93;  byte addr 0001d260
03040000fdffff00fcfcfcfefbfcfaf9fbfdf8f8f9f9f6f6f5f2f5f4edecf0ec    // raw_mem addr 00000e94;  byte addr 0001d280
0c0c1717181c15191616171815191011101111130a0d090a080a060903050001    // raw_mem addr 00000e95;  byte addr 0001d2a0
e9e7ede9e6e4ebe8efede6e4f0ecf4f2f2f1f8f7f4f403030508fefe11111216    // raw_mem addr 00000e96;  byte addr 0001d2c0
050402000000010000fffcfcfffdfbfcf8f7fbf8f4f5f3f1f4f2ededf0ecedea    // raw_mem addr 00000e97;  byte addr 0001d2e0
151a171815191316141716181011101313130e0e0b0d0b0b0b0c090805040607    // raw_mem addr 00000e98;  byte addr 0001d300
e9e5e4e2ebeaece9e6e4eeeef2f0f3f4f4f6f8f7050700020001111510100e10    // raw_mem addr 00000e99;  byte addr 0001d320
00ff0001fcfefdfdf9fcfbfbfcfbf6f6f9f7f5f4f4f0f3f1ebeaeee9ebe8e8e7    // raw_mem addr 00000e9a;  byte addr 0001d340
151917191416171817180f11121611140e0d0d0d0a0c0a0c030504020607fd01    // raw_mem addr 00000e9b;  byte addr 0001d360
e8e3f1edece9ede7f7f3f5f3faf6faf7fdfd0a0a0101050514170c111011171a    // raw_mem addr 00000e9c;  byte addr 0001d380
ff00fffefbfcf8f9fcfef7f7f5f5f7f7f1eff3f1f0efebe7eeebebe8eae7e9e6    // raw_mem addr 00000e9d;  byte addr 0001d3a0
16181518151913140f1312160e110a0d0b0b080c070a020305060506ff000002    // raw_mem addr 00000e9e;  byte addr 0001d3c0
efede7e4ece9f6f5f0f0f5f5f9f8feff0304fe00080c11120c0e1415181a1418    // raw_mem addr 00000e9f;  byte addr 0001d3e0
0200fefcf9fafefef8f7f6f6f9f7f4f0f4f3f1ebece9eeecebe4e9e7e6e4e7e3    // raw_mem addr 00000ea0;  byte addr 0001d400
141915171013121413150f110e110f0f100f0b0c06060b0a0708020104020001    // raw_mem addr 00000ea1;  byte addr 0001d420
e5e3f0eef3f1f1f0f8f7f7f800010202fe000c100c0f0b0e1517141814161417    // raw_mem addr 00000ea2;  byte addr 0001d440
faf9fcfbfdfef7f4f6f5f6f4f2eff1eeebe9ecebece8e7e3e8e5e6e2e9e7eae7    // raw_mem addr 00000ea3;  byte addr 0001d460
16161115151611120b100e0f0c0d0c0e07080607080a010200010002fefffdff    // raw_mem addr 00000ea4;  byte addr 0001d480
f7f2f1eef7f4fcf8fdfd020203010a0a11110f111415181916191818171a181b    // raw_mem addr 00000ea5;  byte addr 0001d4a0
f9fbf6f6f1f1f2f2f0f0eeedeae9e8e6ebe9e6e3e5e1e8e4eae6eee8eae5f1ec    // raw_mem addr 00000ea6;  byte addr 0001d4c0
14161216111410100f110e100a0b080807090607020301020001fe00fafbf8f9    // raw_mem addr 00000ea7;  byte addr 0001d4e0
f1eff6f4fbfafefe00ff03050a0c0d0e10111516161916191818171915171216    // raw_mem addr 00000ea8;  byte addr 0001d500
f9f7f8f4f5f5f5f2eee9ebeaeeeae6e3e5e3e7e3e5e3e9e4e6e3e8e6efecefed    // raw_mem addr 00000ea9;  byte addr 0001d520
13151114101110101111110e0b0d0b0c0a0a0505050304040000fefefefcfdfa    // raw_mem addr 00000eaa;  byte addr 0001d540
f4f8fafbfbfafe020608070b0b0f0e12111413170f1613141318121712161116    // raw_mem addr 00000eab;  byte addr 0001d560
f6f3f4f3f2eeedeaeeebebe6e6e3e7e1e5e3e8e5e6e0e7e3efebedeceeecf3ef    // raw_mem addr 00000eac;  byte addr 0001d580
0f130e1010110c0e0b0b0a0b070a0706030502030200ff00fefefdfafafaf9f7    // raw_mem addr 00000ead;  byte addr 0001d5a0
fdfc010206070b0b0c0c10121415131613171517151913161317121612141314    // raw_mem addr 00000eae;  byte addr 0001d5c0
f0edf0ece9e7e8e6e8e4e5e2e6e2e6e1e7e3ebe7eee8f1ebf1ecf4f0f9f8faf8    // raw_mem addr 00000eaf;  byte addr 0001d5e0
0f100e100a0d090a07090409020402020002fcfefbfdf9fbf7f7f5f5f4f3f0ef    // raw_mem addr 00000eb0;  byte addr 0001d600
0605090a0b0b1211141617171a1918191919191a151916191317131513160f12    // raw_mem addr 00000eb1;  byte addr 0001d620
e8e6e6e5e5e2e3e3e4e0e3dfe5e2e5e2e6e5eae7ebeaf1eff6f4f9f7fefb00ff    // raw_mem addr 00000eb2;  byte addr 0001d640
12120f0f110f0c0d090a0807030602010000fcfffaf9f6f6f3f4f1efecedebea    // raw_mem addr 00000eb3;  byte addr 0001d660
0609090c0b0f0c110c110e121114121613161516171815161416151614131514    // raw_mem addr 00000eb4;  byte addr 0001d680
ede6eae6eae5e7e3eae4e9e6eae7eeebeeedefedf2f2f5f6f7f9fcfeff010206    // raw_mem addr 00000eb5;  byte addr 0001d6a0
0507060705050405040303020000fffefefcfaf9f9f6f7f3f3f0f3edefecefea    // raw_mem addr 00000eb6;  byte addr 0001d6c0
101310120f14111310130e1411140d130e140e120c0f0e120b0f090d090c0609    // raw_mem addr 00000eb7;  byte addr 0001d6e0
e9e3e8e6ede8eee9f0eff6f1f6f3fbf8fefc00ff040205050a080c0b0d0e0f11    // raw_mem addr 00000eb8;  byte addr 0001d700
00020000fefffafaf9f9f6f6f2f1f1f1edeceae9e8e7e6e4e6e3e5e1e4e2e8e4    // raw_mem addr 00000eb9;  byte addr 0001d720
15161618181a17171a1a181b171818181317151613130f120d110a0b08080406    // raw_mem addr 00000eba;  byte addr 0001d740
e9e6eaeaefecf0eef3f4f7f7f7f9fdfe0001020509080b0c0e10111211141415    // raw_mem addr 00000ebb;  byte addr 0001d760
fffefcfcf8f8f5f4f2f1efeeeceae9e7e7e4e7e4e4e1e2dfe3e1e4e0e4e2e6e4    // raw_mem addr 00000ebc;  byte addr 0001d780
1213161716181719191c161816181717121410140f0f0b0d080a060504040101    // raw_mem addr 00000ebd;  byte addr 0001d7a0
f2f0f5f4f7f7fbfc00ff0202070708090a0b0c0e0d110f101013121410121014    // raw_mem addr 00000ebe;  byte addr 0001d7c0
f7f6f5f2f2f0eeebeae8e8e6e5e2e4e2e3e1e4e1e7e2e6e5eae6ece9ececf0ed    // raw_mem addr 00000ebf;  byte addr 0001d7e0
121613181215111512150f130e110e0e0a0d09090708030501010000fdfbfaf8    // raw_mem addr 00000ec0;  byte addr 0001d800
fbfbffff000002040706070b0d0d0e0f0e120f100e130f130e14101512151316    // raw_mem addr 00000ec1;  byte addr 0001d820
edebebe8e9e6e7e4e7e2e5e0e6e2e8e3e7e2eae5ede7eeecf4edf4f0f7f6fdf6    // raw_mem addr 00000ec2;  byte addr 0001d840
1517151713160f140e100a0d050903050002fe00fdfefbfcfaf9f6f5f3f3f2f0    // raw_mem addr 00000ec3;  byte addr 0001d860
0001040306070a0c0d0e10121415161616161817181714181519161815191418    // raw_mem addr 00000ec4;  byte addr 0001d880
eae6e6e3e3e1e5e0e2dfe2e2e5e2e6e4e9e8ebe9eeecf0f0f3f3f6f7f8f9fbfc    // raw_mem addr 00000ec5;  byte addr 0001d8a0
15171515131311110e0c0a0a07060202fffffefcf9f8f7f5f6f2f1efefecece9    // raw_mem addr 00000ec6;  byte addr 0001d8c0
0405030605090b0d0b0e0b110e11111311161314141716191717161917191717    // raw_mem addr 00000ec7;  byte addr 0001d8e0
e9e5e9e5ebe4ebe6ece8eee9efebf0eef2f0f5f3f7f6f9f8fafbfdfeff000003    // raw_mem addr 00000ec8;  byte addr 0001d900
0d100a0b0809030702030000fcfcf9f9f6f6f3f2efefededece9e9e7eae7eae5    // raw_mem addr 00000ec9;  byte addr 0001d920
0c0d0f0e0f100f100f131013131313161416161715181318141513150e130e10    // raw_mem addr 00000eca;  byte addr 0001d940
ebe8eae8eceaefedefeef1f2f5f2f6f6faf8fefafe000100060306080a080c0b    // raw_mem addr 00000ecb;  byte addr 0001d960
0707040403010000fbfbf9f8f7f6f3f3f1efedebebeaeae8e9e6e9e7e8e6e9e6    // raw_mem addr 00000ecc;  byte addr 0001d980
080b0b0e0b0e0c0e0f120e12101311141113121412120f1311120f0d0b0e0c0b    // raw_mem addr 00000ecd;  byte addr 0001d9a0
f4f0f5f4f6f4f7f5f8f9faf8fcfbfefffeff000002020203060706070608080b    // raw_mem addr 00000ece;  byte addr 0001d9c0
fcfcfbfaf8f7f9f7f6f3f3f0f4f1f1eeeeedf1edf0ecf0edf1eef2edf4eff3f1    // raw_mem addr 00000ecf;  byte addr 0001d9e0
0d100e0f10110f110f110f110e100c0f090d0a0b05090307020500010000fbff    // raw_mem addr 00000ed0;  byte addr 0001da00
fbf9fcfbfefdfefd000000ff0100020305040907090809090b0b0b0c0b0c0d0e    // raw_mem addr 00000ed1;  byte addr 0001da20
f6f4f3f3f3f3f1efeff0efeff1f0f0f1f0eff2f1f1f1f4f4f6f5f7f4faf8fdfa    // raw_mem addr 00000ed2;  byte addr 0001da40
0a0c0d0e0d0d0d0c0b0c0b0a0908070707050203020000fffcfefdfcfbf9f7f8    // raw_mem addr 00000ed3;  byte addr 0001da60
fbfefcfdfdfffe00fe01010100030104040504060608070a07090a0b0c0e0b0c    // raw_mem addr 00000ed4;  byte addr 0001da80
fbf9fdfbfbf8faf9fcfafbf8fbfbfcf9fcfbfefcfdfbfefdfefcfafcfcfcfafd    // raw_mem addr 00000ed5;  byte addr 0001daa0
00020102000000000001fd00fefefffefcfdfdfcfefdfdfcfdfcfbfafcfbfdfb    // raw_mem addr 00000ed6;  byte addr 0001dac0
0704060506050603050606060504060705050405030601040204000300030002    // raw_mem addr 00000ed7;  byte addr 0001dae0
f8fbfafcfafbfafbfbfbf9fcfbfdfcfdfcfcffff000002000301040207050604    // raw_mem addr 00000ed8;  byte addr 0001db00
03020000000001ff00ffff00fffefefefefdfcfcfcfdfafbf8fafafaf8faf8f9    // raw_mem addr 00000ed9;  byte addr 0001db20
ff00ff000000ff01000100010102020203020603040304030603040203010401    // raw_mem addr 00000eda;  byte addr 0001db40
0100000000ff010000000000000000000000fdfffe00fcfffe00ff00fd000000    // raw_mem addr 00000edb;  byte addr 0001db60
fcfffdfefffefdfffdfe00ff000000ff00000300030000000301040001000000    // raw_mem addr 00000edc;  byte addr 0001db80
00000100020001000000feffff00fefefbfffafdfafcfafdfafcfafefbfefcfd    // raw_mem addr 00000edd;  byte addr 0001dba0
feff0000ff010000020001020501050305040603060405030201030101000000    // raw_mem addr 00000ede;  byte addr 0001dbc0
0101020002000000fefefdfffbfdfbfefafdf9fafbfefcfffdfefdfefcfffeff    // raw_mem addr 00000edf;  byte addr 0001dbe0
fefdfdfffdfffffd000100ff0200030202000502040203010602030102010302    // raw_mem addr 00000ee0;  byte addr 0001dc00
010000000000000100fffdfefdfefdfdfbfefafdfbfefcfdfbfdfcfefcfdfc00    // raw_mem addr 00000ee1;  byte addr 0001dc20
fcfefffd000000ff030104010401050404010402030201000001010201010000    // raw_mem addr 00000ee2;  byte addr 0001dc40
0001ff00fdfffdfffcfffafefbfcfbfefcfffefefcfffefefffffbfffefdffff    // raw_mem addr 00000ee3;  byte addr 0001dc60
0002020001000403070203020502060405030502030203020301010101000100    // raw_mem addr 00000ee4;  byte addr 0001dc80
00ffff00fdfffefefafdfafdfafdf9fdfafdfbfcfcfefafefcfefe00fcffffff    // raw_mem addr 00000ee5;  byte addr 0001dca0
ff000100020104010402040204020401020101010100000000000000010000ff    // raw_mem addr 00000ee6;  byte addr 0001dcc0
0000fefffbfefbfdfbfdfafffcfefdfefdfffefffdfefdfefd00fcfffffffe00    // raw_mem addr 00000ee7;  byte addr 0001dce0
030102020401040104040501030102020400010101000200000203000100ff00    // raw_mem addr 00000ee8;  byte addr 0001dd00
fefefbfefcfefdfefbfffefefffffffffdfdfefffffeffff000000ff00010201    // raw_mem addr 00000ee9;  byte addr 0001dd20
050402000601040204000201000101000000ff000000000000fffefefdfffdfe    // raw_mem addr 00000eea;  byte addr 0001dd40
fbfdfcfdfcfffbfdfdfffdfffefffffffe00ff00fffdff01fefd0100000000fe    // raw_mem addr 00000eeb;  byte addr 0001dd60
0401040005030401010006040102010001000000010000000000fdfefdfdfdff    // raw_mem addr 00000eec;  byte addr 0001dd80
fd0000fffd00ff00fdfefcfe0000fcfefdfefdfdfefc000000ff0000030100ff    // raw_mem addr 00000eed;  byte addr 0001dda0
0200010102010100010101000102030102000101020101010000fe0000ffff00    // raw_mem addr 00000eee;  byte addr 0001ddc0
fdfffffffefefcfffdfefffffdfefefefffffffe0000ffff0000010000000201    // raw_mem addr 00000eef;  byte addr 0001dde0
020100000000000000ffff00ffffff00fdfefffefe00fcfefdfefefefdfffdfe    // raw_mem addr 00000ef0;  byte addr 0001de00
ff0100ff00020000010000020200000100000100000000000102010100000201    // raw_mem addr 00000ef1;  byte addr 0001de20
020100000000000000ff010100ff0000010100ffff00ff0000fefe00fdffffff    // raw_mem addr 00000ef2;  byte addr 0001de40
fffefdfffcfefffffbfdfcfcfdfefcff00feff00000002000100010003010200    // raw_mem addr 00000ef3;  byte addr 0001de60
01010201010100000201ff0100fe000000010000ffff00000000ffff0000feff    // raw_mem addr 00000ef4;  byte addr 0001de80
fefdfefffe0000ffff00fefffeffff00fdfeffff0000ff000100010102000302    // raw_mem addr 00000ef5;  byte addr 0001dea0
01ff0000000001000000020101000000000000fffd00fdfffefdfcfdfdfffdff    // raw_mem addr 00000ef6;  byte addr 0001dec0
0100fffffe0000fffefefe0000ffff0001000200020102010301030000000000    // raw_mem addr 00000ef7;  byte addr 0001dee0
000000fefe0000ff0000fe00fffffefffefefefffeffff00fe0000000000ff00    // raw_mem addr 00000ef8;  byte addr 0001df00
fdffffff0000fdfe00ffff00fffeff00ff0001ff000101000000ff0101ff0000    // raw_mem addr 00000ef9;  byte addr 0001df20
01000000ff000000ff00ff00fe00fffffffffffefe00fdfffffeff00fefeffff    // raw_mem addr 00000efa;  byte addr 0001df40
ff0000fffefffefeff00feff0100010101000500040101020101010001000001    // raw_mem addr 00000efb;  byte addr 0001df60
fffe0000000000ff000101000000000000ff01000001ffff000000ffffff0001    // raw_mem addr 00000efc;  byte addr 0001df80
fefffeffff00fefeffff000000ff000000000000fefffefefdfffefefdfefe00    // raw_mem addr 00000efd;  byte addr 0001dfa0
0100000101010000ffff0000ff00feff00000000000000ff00000000ffffff00    // raw_mem addr 00000efe;  byte addr 0001dfc0
ff00ffffff0000000000000001ff00000000ff00ff0000000000000000010000    // raw_mem addr 00000eff;  byte addr 0001dfe0
02010100010101000200000000ff0000fffffffffffffefefe00fffffffffe00    // raw_mem addr 00000f00;  byte addr 0001e000
fdfdfe00fefffefe010201000100000100000000000000000000000001000302    // raw_mem addr 00000f01;  byte addr 0001e020
feffff00fefffeffff00fefffffffe0000feff00fe0000fefefffdfffdfffcff    // raw_mem addr 00000f02;  byte addr 0001e040
000101000200000002000000ff000300000000000200000000000000000000ff    // raw_mem addr 00000f03;  byte addr 0001e060
010101000100000000000100feff00000000fdfeff00fe00fefeff00feff00ff    // raw_mem addr 00000f04;  byte addr 0001e080
000001020301020001000101000000ffff000000ff00ff000000ff0000ff0000    // raw_mem addr 00000f05;  byte addr 0001e0a0
fefefffffeffffffff000000fffefe000000feffff00fffefdffff0000000000    // raw_mem addr 00000f06;  byte addr 0001e0c0
00000000000000000000ff00ff000000feffffff0000fdff000000feffff0000    // raw_mem addr 00000f07;  byte addr 0001e0e0
0100ff00fe0001ffff00ffff00fffe0000ffffffff0001000000000103000201    // raw_mem addr 00000f08;  byte addr 0001e100
0001ff0000fffdffff000000fdfffeff00ff000001000000000002010000ff00    // raw_mem addr 00000f09;  byte addr 0001e120
000000000000000000000000010000000000000000ff00000000010000000100    // raw_mem addr 00000f0a;  byte addr 0001e140
fffffffeffff0000ffff00000000ffffffff00fffe00fefefffffd00fffe0000    // raw_mem addr 00000f0b;  byte addr 0001e160
0100ffffff000000fe0000ffffffff000000000000000100000000ff0000ff00    // raw_mem addr 00000f0c;  byte addr 0001e180
00000000fe00fefe0000fe00fffe000000000000000101ff0000000100ffff00    // raw_mem addr 00000f0d;  byte addr 0001e1a0
0000000000fffffffe0000ff00ff00ff0000010001000000000001010100ff00    // raw_mem addr 00000f0e;  byte addr 0001e1c0
fefffffe0000ffff00000000ffff00000000fe00000000000000000001000000    // raw_mem addr 00000f0f;  byte addr 0001e1e0
ffffff00feff00000100000000010200000000000000ff0000fffefffefe0000    // raw_mem addr 00000f10;  byte addr 0001e200
00000000ff0000ff0000000000000001010000ff00000000ffff0000fe00fdff    // raw_mem addr 00000f11;  byte addr 0001e220
00ff000000ffff000000000000000000ff0002ff0000ff0001fe000100000000    // raw_mem addr 00000f12;  byte addr 0001e240
00000000000000000000ff0001000000ff000000ffff0000feff00fd0000ff00    // raw_mem addr 00000f13;  byte addr 0001e260
00000000000001ff0000000100ff000000000000ff0000000000000000000201    // raw_mem addr 00000f14;  byte addr 0001e280
00fffeffff00fffefe00000000feff00000000ffffffffffff00fffffffeff00    // raw_mem addr 00000f15;  byte addr 0001e2a0
01000000000000000000000000ff0000ff0000ff0000ff0000000100fe000001    // raw_mem addr 00000f16;  byte addr 0001e2c0
fefffeff00ff0000000000000000000000fffdfefe0000fffdfe00000000ff00    // raw_mem addr 00000f17;  byte addr 0001e2e0
01ff0000000001ff0000000000000100000000000200000000ff00fffd00ffff    // raw_mem addr 00000f18;  byte addr 0001e300
000000000000ff000000fe00fbfefffefdffffff00ff00ff0100010000000200    // raw_mem addr 00000f19;  byte addr 0001e320
0000020000000000020000000000000000ffffff000000ffff00000000ffff00    // raw_mem addr 00000f1a;  byte addr 0001e340
ffffffff000000fffe00fdffff00fe00fefe0000000000ffff00fe0001000000    // raw_mem addr 00000f1b;  byte addr 0001e360
0000000000feff000000ff000000010000000200ff00ff00fffefbfefefe0000    // raw_mem addr 00000f1c;  byte addr 0001e380
00000000ff00fefefeffff00ffff000000010100030001020301020002010100    // raw_mem addr 00000f1d;  byte addr 0001e3a0
00ff0000000000ff00000000fefeff00fffffdfffcfffefefefffe0000ff0000    // raw_mem addr 00000f1e;  byte addr 0001e3c0
feffff00feffff0000000100000200000300000300ff0000000100ff00000000    // raw_mem addr 00000f1f;  byte addr 0001e3e0
ff00000000ff00000000ff00fffffffefbfffcfe00fffe000000000000000000    // raw_mem addr 00000f20;  byte addr 0001e400
00000000000000000000010001000100020101000100000000fffeffff0000fe    // raw_mem addr 00000f21;  byte addr 0001e420
00fffeff00000000fdffff00ffffff00000100ff0000010001fe000000ff0000    // raw_mem addr 00000f22;  byte addr 0001e440
0000000000ffff0101ff0101000000000000fffffffffefdff000000ffffff00    // raw_mem addr 00000f23;  byte addr 0001e460
ffff0000fffffefefe00fcfdfeffff00fe00ff000000020001000100010000ff    // raw_mem addr 00000f24;  byte addr 0001e480
000100ff0000030102000201020000000000ff00fe00fffeff00fe00ffffff01    // raw_mem addr 00000f25;  byte addr 0001e4a0
0100ffffffffff00ff000000000002000000000002010000fffeff00fefffefe    // raw_mem addr 00000f26;  byte addr 0001e4c0
0000000000000100000000fffffefe00fffffeffffff00000000000000000000    // raw_mem addr 00000f27;  byte addr 0001e4e0
fffffffffffffdff0000ffffff000000000001000000feff00feff00feffffff    // raw_mem addr 00000f28;  byte addr 0001e500
0300030001000000000000ffff00fe0000fe0000000100ff0100010000000000    // raw_mem addr 00000f29;  byte addr 0001e520
fefffdfefdfeff00ffffffff00010000fffefe00fffefefefe00010001010000    // raw_mem addr 00000f2a;  byte addr 0001e540
02000101000000ff0100000000ff000000ff0000000000000001fefffefefeff    // raw_mem addr 00000f2b;  byte addr 0001e560
fcfdfdfffdfeffff00000000ffff0000000000ff000000000100020001000100    // raw_mem addr 00000f2c;  byte addr 0001e580
02000201000000000000fefe0000fe00fdfe00fffe00fdfefefefcfdfbfefcfd    // raw_mem addr 00000f2d;  byte addr 0001e5a0
0000000100000100000000ff0000fe0000ff0100010003010300030004030300    // raw_mem addr 00000f2e;  byte addr 0001e5c0
fefdfd00fdfefdfdfcfffffefefefdfffefffdfffdfefefffefffeff0000ff00    // raw_mem addr 00000f2f;  byte addr 0001e5e0
000101ff0100000102000200020003010000020002000200010200000201ffff    // raw_mem addr 00000f30;  byte addr 0001e600
fefefafdfcfdfdfffdfdfdfefe00fefffdfffefefd00fefffefefd0000fe0000    // raw_mem addr 00000f31;  byte addr 0001e620
020001020301fefbfcfc020002000202050303000200030000000000fe00ff00    // raw_mem addr 00000f32;  byte addr 0001e640
fbfcf9f9fbfcfcfeff00fbf9fbfa0103fefefeffff01ffff0202020102020404    // raw_mem addr 00000f33;  byte addr 0001e660
0100000000ff00ff0002000001ff000000020203030404060002ff000001fe00    // raw_mem addr 00000f34;  byte addr 0001e680
0000000000fe0100fdff00ff00fffafd0000000000ff010000ff000000010100    // raw_mem addr 00000f35;  byte addr 0001e6a0
000002020303010201010000ffffffff00fefffefefefdfefeff000000000000    // raw_mem addr 00000f36;  byte addr 0001e6c0
fbf9fcfb0001fefdff00fffffefd000000000000010000000101010000020203    // raw_mem addr 00000f37;  byte addr 0001e6e0
010101000000040602020000010101ff03020000fffefffefcfdfffffefdfdfe    // raw_mem addr 00000f38;  byte addr 0001e700
ffff0000fdfffdfffffffbfdfcfffdfdfdfeff00fcfcfdfe00feffff00020000    // raw_mem addr 00000f39;  byte addr 0001e720
000001fe0302010002ff020200ff02000000ffff0000fffdffff010000fffeff    // raw_mem addr 00000f3a;  byte addr 0001e740
010400010202000300000002000101000001ffff0000ff00fdfeff0000000000    // raw_mem addr 00000f3b;  byte addr 0001e760
00fc00fffffe01000000ff000100020102030201020303030403030401030102    // raw_mem addr 00000f3c;  byte addr 0001e780
f9faf7f9f7f7f3f5f4f5f4f2f2f2f2f0f3f1f6f4f5f3f5f4f9f6faf7fcfafefa    // raw_mem addr 00000f3d;  byte addr 0001e7a0
151515151314101210120f120d0e0c0e0a0d05070608040500020001fdfefafd    // raw_mem addr 00000f3e;  byte addr 0001e7c0
e0dde2e2e7e3dcd9e4e2ece8faf90402f4f100ff181a16161415151716151615    // raw_mem addr 00000f3f;  byte addr 0001e7e0
0201020104060a0d080b070b10120d120003fcfcfe00fcfff7f6e6e3e1e2eae9    // raw_mem addr 00000f40;  byte addr 0001e800
191d1b1d10130f0f080903030000f9f8f8f5efecece7f3eef2eff1eef4f0fbf9    // raw_mem addr 00000f41;  byte addr 0001e820
f8f6e5e1f2f1070b06070406080b0b0e0d100f1310151618171c181e1b1e151a    // raw_mem addr 00000f42;  byte addr 0001e840
090b0202feff0708090a0306f9f8f8f4fdfaf0edf0eef0ebe3dee5e0e8e3f4f2    // raw_mem addr 00000f43;  byte addr 0001e860
04040506fcfcf4f3f9f8f7f7f1f0edebf1eef5f4f4f3f5f4f8fafafafcfc0304    // raw_mem addr 00000f44;  byte addr 0001e880
11121315121310110d100c0e10120b0f080a0c0f0f0f0c0e0a0c0b0a080a0505    // raw_mem addr 00000f45;  byte addr 0001e8a0
f0eef5f0e6e3e6e5e9e4dbd6dfdce6e0f4f1fdfeede9fafa1218111312141416    // raw_mem addr 00000f46;  byte addr 0001e8c0
ebe9ede8f1f1f7f5f9f6fe0000ff01000d0f1413080b06050b0a090b0604f7f5    // raw_mem addr 00000f47;  byte addr 0001e8e0
0c0f0a0c0d0d0e100e100d0f090e080a070903050203fafdefeff2f1f4f3edec    // raw_mem addr 00000f48;  byte addr 0001e900
e9e5fcfcf5f5eae507091a1e1214141714151012121512130e100b0d0b0c0e0f    // raw_mem addr 00000f49;  byte addr 0001e920
fffe0c0e0d1002030407090c0b0f0102f0f0f3f2edece2e2e7e5e0dcd5d2dad8    // raw_mem addr 00000f4a;  byte addr 0001e940
0c0d0e100f100d0d0200fefbfffdfdf9f7f1efeaf2edf5f1f3f0f8f7faf8f7f6    // raw_mem addr 00000f4b;  byte addr 0001e960
14181417101311140e1206090406040704060205ff0002030509090a0c0f0a0e    // raw_mem addr 00000f4c;  byte addr 0001e980
fffd01fff6f4ece8f0eae1dbd4cdd3cbe4dffdfbebe9e3df0a081920161b1718    // raw_mem addr 00000f4d;  byte addr 0001e9a0
f2f4e8e8e9e6e7e4e7e5ebebececeae8f4f5050a0a0c0507090b1313191c0d0e    // raw_mem addr 00000f4e;  byte addr 0001e9c0
04050100fcf8fdfc030007060b0a0e0c10101212171a1417080802050003fefd    // raw_mem addr 00000f4f;  byte addr 0001e9e0
ecebe0dbd5d4fdfe131413181a1f1b2019201a1f191e1b1e16180d0f0a080704    // raw_mem addr 00000f50;  byte addr 0001ea00
fefd040303050b0c15151c22181a0b0a090bfffdf4f1f3f2e0dbd1cbcac3d3cd    // raw_mem addr 00000f51;  byte addr 0001ea20
06091114141710120f110f110a0d0002f8f7f0efebe6e9e3e7e6e7e1e4dfecea    // raw_mem addr 00000f52;  byte addr 0001ea40
23262528262c2125191b12150d0e0508fefcf6f3f0f1edecf2f1f7f9f9faffff    // raw_mem addr 00000f53;  byte addr 0001ea60
00010404f4f2ddd8d7d2d2cfe8e4ddd9c3bfeae6070804050e0f1a1b1d1e2123    // raw_mem addr 00000f54;  byte addr 0001ea80
faf9f3f3efebe8e3ddd7e0d8edebf4f2f3effbfb07081416181d0f1114161113    // raw_mem addr 00000f55;  byte addr 0001eaa0
fbfaf1f0eaeaecebe7e7e8e7f1f2fafc0707090b0b0f171a171b13170d100202    // raw_mem addr 00000f56;  byte addr 0001eac0
fdfbfefe020007060b0c101317181c1c2229242822251f241d20181a0c0d0001    // raw_mem addr 00000f57;  byte addr 0001eae0
05070306fdfe02050104fbfe0104f8f7e6e5e5e0e9e6fefceeead1cbf3ef0708    // raw_mem addr 00000f58;  byte addr 0001eb00
0a0a0e0e131114140d0b0806070500fef9f7ede9e7e4f4f2f5f2eeecefeefaf9    // raw_mem addr 00000f59;  byte addr 0001eb20
1115121611160e13090d0407fffffafcf9faf0efeae9efeef4f3f9f7f9f8fffe    // raw_mem addr 00000f5a;  byte addr 0001eb40
eee8e2dc0c0c1b1910110f1008060809080a0508070a0709090c0f1111161016    // raw_mem addr 00000f5b;  byte addr 0001eb60
fafbf7faf7fa03050e14070bfefdff00fbfafaf6f8f8e7e0e0d8ded8ede70503    // raw_mem addr 00000f5c;  byte addr 0001eb80
04000a06060208050b0b090a0b0b0101f9f8faf9f6f4f5f3efede6e2edecf7f9    // raw_mem addr 00000f5d;  byte addr 0001eba0
0b0e0b130e130c110a100b0f0c0f0b0d07060000fdfdfffcfefcf8f4faf6fefb    // raw_mem addr 00000f5e;  byte addr 0001ebc0
e2ddfefaf1efd6cffdfa14180b0b0e110b0d0607080d080b0a0d0b0f070c080c    // raw_mem addr 00000f5f;  byte addr 0001ebe0
e1e0f3f3f9fcfbfbffff050516161518070709060101f6f6fffdf0ecdcd4dad4    // raw_mem addr 00000f60;  byte addr 0001ec00
f9f4fffbf9f700fe0909030508090d0c0b0e0404f7f7f9faf5f2ecececede1e0    // raw_mem addr 00000f61;  byte addr 0001ec20
03060406090e0e110f1210130f110f1310111012080c0201020000fefcf9f6f1    // raw_mem addr 00000f62;  byte addr 0001ec40
d5cfe0dcfdfbe8e6d2cc0002151b0a0c0e120a0d080b090e04080709080b0409    // raw_mem addr 00000f63;  byte addr 0001ec60
ddd9e3e0f5f5fefbfffd01010a09171b16180a09090b0200fbf600ffede8d9cf    // raw_mem addr 00000f64;  byte addr 0001ec80
f5f0f4effaf601010d0f0607070511140e110c0dff02f2f4f3f3ecece7e6e4e4    // raw_mem addr 00000f65;  byte addr 0001eca0
020703040608090d0e1112161113101110131314121109080401fff9fcf8fefa    // raw_mem addr 00000f66;  byte addr 0001ecc0
ddd6f9f8efebd4cefbfd1b1f0f110f140d11070b080d06090005ff0400020105    // raw_mem addr 00000f67;  byte addr 0001ece0
e4dff6f3fcfcfffe02020a0a1617181b0d0d0a0a0302faf5fdfbefead8d1d2cb    // raw_mem addr 00000f68;  byte addr 0001ed00
f0eeefed04030a0c0b0e0d10050a0b100e120004f6f8f2f2edece8e8e9e6dfda    // raw_mem addr 00000f69;  byte addr 0001ed20
080a0a0d0a081011161716151616141311110f0d0c0b00fff7eff6f3f7f4faf4    // raw_mem addr 00000f6a;  byte addr 0001ed40
d9d6dddb101410170b1113180c12080c0609050b020800050307000200040606    // raw_mem addr 00000f6b;  byte addr 0001ed60
fbfc0200050610141a1b16170f0e0a0afffdf9f5f9f8e4ded1c7d2cce8e2f9f7    // raw_mem addr 00000f6c;  byte addr 0001ed80
0504111312160a0b101411160b0e0001f3f5f0efe9e7e7e5e4dfdcd8e9e5f5f3    // raw_mem addr 00000f6d;  byte addr 0001eda0
101117191a1b181a161813120f100a0bfefbf3f0f1eef0edf3f0edeaf2ef0000    // raw_mem addr 00000f6e;  byte addr 0001edc0
1419141a121811160f14090c050a04080003fe00fbfafcff010405050609090a    // raw_mem addr 00000f6f;  byte addr 0001ede0
191c0f120e0e0301faf8fdfbeae5d7cecdc6d6cff2eee3dfd3cdfdfc15181115    // raw_mem addr 00000f70;  byte addr 0001ee00
171912160a0bfcfdf4f4eeede6e7e5dfdcd8dfdbeeeaf4f6fcf9020007091516    // raw_mem addr 00000f71;  byte addr 0001ee20
161912120c0d0404faf7f2eff4f2f4f0eae6ece7fef9090b07060c0b151a161b    // raw_mem addr 00000f72;  byte addr 0001ee40
0a0c090f07090103fe00fafbf9fdfeffff03fe000103090d1214141914171618    // raw_mem addr 00000f73;  byte addr 0001ee60
e9e8d5cecdc5d7d2f2edddd7d1c9fefb11110f0e131714171719191e171e1013    // raw_mem addr 00000f74;  byte addr 0001ee80
f0eceae7dfdae3ddefeef4f4faf9fefd0404121514160e0e0c0d0000f9f7fdfb    // raw_mem addr 00000f75;  byte addr 0001eea0
f0efe8e3eeeaf5f200ff07080808121414171617171a14160f0ffffff7f6f4f2    // raw_mem addr 00000f76;  byte addr 0001eec0
fbfbfd00fefdff000208090d1116131815181317121610120604fcfcf3f1f4f1    // raw_mem addr 00000f77;  byte addr 0001eee0
00fc00000c0d1210101316161a1c191b161811160b0c080a060aff00f9fbfafb    // raw_mem addr 00000f78;  byte addr 0001ef00
05030d0d11140d0f0b0d0102fdfd00ffeeebdfdbdad2ddd6e9e8dcd4d3cdf1f1    // raw_mem addr 00000f79;  byte addr 0001ef20
1313181c1719151612140303fbfaf6f4eeede9e8e2dee5dfeeecf4f0f9f6ffff    // raw_mem addr 00000f7a;  byte addr 0001ef40
151a141714180c0eff01fcfcfbfdf1f2e5e0e7e3f3f1f8f6f5f4fcfb0e101314    // raw_mem addr 00000f7b;  byte addr 0001ef60
141715150f100c0d0909ff00fcfbfcfdf9fbf5f5f7f8fd010203090b0e111418    // raw_mem addr 00000f7c;  byte addr 0001ef80
e7e2e3deeceae8e2d7d3ece8f8f5f7f50301050405050b0c0e10111616181416    // raw_mem addr 00000f7d;  byte addr 0001efa0
efebebe8f1f1f0eef4f4f9f8fbfa030409090a0b0709030100000204faf7e9e7    // raw_mem addr 00000f7e;  byte addr 0001efc0
f5f8e8e7f4f4010302020a0d0b0e0e0f10130e111111080701020000faf7f8f8    // raw_mem addr 00000f7f;  byte addr 0001efe0
00fd0202050405040c0e0e11101410130a0e030702040205f6f6ecebeae9f2f2    // raw_mem addr 00000f80;  byte addr 0001f000
030507090b0c0b0d0e0f12131011111311120c0b0907030304040200fbfafdfd    // raw_mem addr 00000f81;  byte addr 0001f020
fefcfffb0405f8f5ebe4e8e4ece9f8f5e8e4dfdbf9f7fbfaf9f8030200000000    // raw_mem addr 00000f82;  byte addr 0001f040
f8fcf6f9f7faf5f6f6f8efedf1eff8f9f8f6fdfcfffffefc0303090808070405    // raw_mem addr 00000f83;  byte addr 0001f060
0100f8f5f5f2f7f6faf7f8f7f5f5fdfd00020205080c0606050a05080507030a    // raw_mem addr 00000f84;  byte addr 0001f080
fd00fc00fafcfcfbfe000001070507070a0a0f0f0e0e10120e0d080605040502    // raw_mem addr 00000f85;  byte addr 0001f0a0
0b08070209080c0b0f0d0e0e0d0d1011100f0a0c090c0b0b080902060001feff    // raw_mem addr 00000f86;  byte addr 0001f0c0
fe00fc00f9fef5f5f1f3fbfdf2f0e5e2e8e6ebeafbf9efeae5e0010001ff01ff    // raw_mem addr 00000f87;  byte addr 0001f0e0
0a0709070c0b03fffffe00fefaf9fdfef4f2f3f3fbfcf6f6fbfefbfdf6f9fa00    // raw_mem addr 00000f88;  byte addr 0001f100
fcfdf6fbf0f2f4f3f1f4f4f4f6f6f2f200000102ffff06070707090a08080809    // raw_mem addr 00000f89;  byte addr 0001f120
0e080c060c090602050008030402060508050a070a0b080a0c0e06090104fe01    // raw_mem addr 00000f8a;  byte addr 0001f140
f5f8fb00fbfffd00ff04010404070409060a080b0b0c0c0d0a09100e110f0e0b    // raw_mem addr 00000f8b;  byte addr 0001f160
0705070609030300f8f2fcf50201f2efe9e4e9e6eeecfbfbe5e5e2e1fbfff8fc    // raw_mem addr 00000f8c;  byte addr 0001f180
f9fdf7fcf7fbf8fdf1f5f1f2f4f8f7fafcfbf6f5faf90000ff00050303020200    // raw_mem addr 00000f8d;  byte addr 0001f1a0
0b07070300fbfdf804ff0602fefafffa0604070605040506020402040407fe02    // raw_mem addr 00000f8e;  byte addr 0001f1c0
fd00ff02fd02fdfffafdfb00fdffff0201030304070807080c0b0f0b08040804    // raw_mem addr 00000f8f;  byte addr 0001f1e0
070505050d0c0c080b0c12110e0d0d0f0d0c0b0c090a0305010501050104fd00    // raw_mem addr 00000f90;  byte addr 0001f200
fdfeff00f4f7eaebf0f1f3f5ebede4e2e3e0efeff8f7eae7eceafffefefd0201    // raw_mem addr 00000f91;  byte addr 0001f220
03000300040000fefbf9fdfbfffd01ff00fe00fe0200010005050201fcfefcff    // raw_mem addr 00000f92;  byte addr 0001f240
f9fbf9fcf1f2eff0fbfdfbfff4f4fcfd0307030505070606060609080a080702    // raw_mem addr 00000f93;  byte addr 0001f260
04030708090805040809090807080a0a09070b0a0605010204060000f8faf5f8    // raw_mem addr 00000f94;  byte addr 0001f280
0204050604070207020602070209000401030407030504020205070607060406    // raw_mem addr 00000f95;  byte addr 0001f2a0
fdfaf7f4f6f2fcf5f9f4f3edf0e9f6f0fcf8f7f2f4f0fbf9fffd000001030202    // raw_mem addr 00000f96;  byte addr 0001f2c0
f8f8f7f8f6f8f3f5f8f9fafcf7fcfcfffbfffdff020302050000fefe000000ff    // raw_mem addr 00000f97;  byte addr 0001f2e0
020000fffefd0200060501010502080807060905040502020200fe00fbfafaf9    // raw_mem addr 00000f98;  byte addr 0001f300
060806090306030601050001ff02fc01fe00fcfefafdffffff00fefcfdfbfffe    // raw_mem addr 00000f99;  byte addr 0001f320
090a0b0a0b0b09070c090d0c0905060307070907060507060807070809090508    // raw_mem addr 00000f9a;  byte addr 0001f340
ecedeff0eaeae1e1e8e8f3f3f1f1eff0f5f5ffff0103fffe0103060903030405    // raw_mem addr 00000f9b;  byte addr 0001f360
fefd00ff03020402060605050402050603030100fefffbfafafbf8f9f2f2edeb    // raw_mem addr 00000f9c;  byte addr 0001f380
04030402010202010001ff00ff00fcfdfbfcfafdfbfcfbfbfaf9fbfafefcfffe    // raw_mem addr 00000f9d;  byte addr 0001f3a0
0306000301020204040302020300050203020301020000000202010100000002    // raw_mem addr 00000f9e;  byte addr 0001f3c0
030307070606030404050204ff02000302050106060606080607060704080506    // raw_mem addr 00000f9f;  byte addr 0001f3e0
e8e7f5f5f7f7f2f2f7f600fe0403040304020505060603030203010204050406    // raw_mem addr 00000fa0;  byte addr 0001f400
060706060604060404040301fefcf7f8f6f4f4f6f1f2ebe9ebebefeff0efeae8    // raw_mem addr 00000fa1;  byte addr 0001f420
00fffbfefbfcfafaf6f8fbfafcfcfdfbfffd00ff060106040401050307040704    // raw_mem addr 00000fa2;  byte addr 0001f440
000001000000ff00020203010001ff000000fe03fd00fcfffc010103fe00fcfd    // raw_mem addr 00000fa3;  byte addr 0001f460
0406060705070507070905080507080909090a080d0b0d090908080606030303    // raw_mem addr 00000fa4;  byte addr 0001f480
fefc0202020000000303030001020002fffffe00fbfffe00ff01fd0002040406    // raw_mem addr 00000fa5;  byte addr 0001f4a0
fbfefdfbf7f7f5f5f6f4f7f6f4f1edebf4f1f8f4f4f0f3f0f8f300fbfffcfcf7    // raw_mem addr 00000fa6;  byte addr 0001f4c0
00fdfdfcfcfdff00fcfbfdff0001000200040000000301040001fd01fffffcfe    // raw_mem addr 00000fa7;  byte addr 0001f4e0
010300020404040403010404030302030101000000010000fcfc00fe01fffefb    // raw_mem addr 00000fa8;  byte addr 0001f500
08070a0a0509070508060607050405060506040202030002ff000001fe000000    // raw_mem addr 00000fa9;  byte addr 0001f520
fe00fcfefdfefe0001020001ffff02030206040404060607070708080c0b0709    // raw_mem addr 00000faa;  byte addr 0001f540
f6f6f9f6f5f2f3f1f7f6f5f2f3f2f5f3f8f4fcfbf8f5f9f700fffdfbfbfcffff    // raw_mem addr 00000fab;  byte addr 0001f560
fcfe000000010001000201020203ff00fe00fe00fbfdfafdfbfaf7f9f8f8f9f5    // raw_mem addr 00000fac;  byte addr 0001f580
05040302030303020200000001ff0200feff00fc00fffdfd00fbfdfefefefffe    // raw_mem addr 00000fad;  byte addr 0001f5a0
0508060504030103000200020002000100010002000300030203030403020405    // raw_mem addr 00000fae;  byte addr 0001f5c0
0001030403030303060707080706060607090c0a080806070c09090b07060705    // raw_mem addr 00000faf;  byte addr 0001f5e0
f3f2f3f0f1f1f7f6f9f8f4f4f8f8fdfcfcfbfcfdfbfbfafcfcfefdfffdfffe00    // raw_mem addr 00000fb0;  byte addr 0001f600
0101010202020202ffff00fffffffdfafbf9faf9fbf7fbf8f8f6f5f2f5f4f4f5    // raw_mem addr 00000fb1;  byte addr 0001f620
0000fdfdfffdfefcfdfdfefbfdfcfffefdfbfcfdfefffefefeffff0101030000    // raw_mem addr 00000fb2;  byte addr 0001f640
0002000205040305040605050404060704050403050504030605040301000302    // raw_mem addr 00000fb3;  byte addr 0001f660
09090808060404070407040502070103020404070102000103060002fe000305    // raw_mem addr 00000fb4;  byte addr 0001f680
f2f2f7f6fcfbfcfbfffefffd00ff030200000101050202010707070506060b08    // raw_mem addr 00000fb5;  byte addr 0001f6a0
fffe00fefefdfbfbf7f6f5f3f7f6f5f4efeef3f1f4f4f2f1f3f1efeff5f4f8f8    // raw_mem addr 00000fb6;  byte addr 0001f6c0
fbfcfbfbf9fbfefefefffe000200030203040805050506040705040405020000    // raw_mem addr 00000fb7;  byte addr 0001f6e0
070607060607050503050101ff00fc00fdfffcfefafafcfdfafcfafafcfbf9f9    // raw_mem addr 00000fb8;  byte addr 0001f700
0304040604060504050406050706050608070705040505070705040604050606    // raw_mem addr 00000fb9;  byte addr 0001f720
0000010001010101010203020305030402020406070704070606060408090607    // raw_mem addr 00000fba;  byte addr 0001f740
f5f3f5f5f2f2f1eff3f2f3f3f4f2f4f3f2f1f8f8faf9f7f3fafa00fefffdfdfe    // raw_mem addr 00000fbb;  byte addr 0001f760
01000002040305030505040304040203ff000000fcfcf9fbfbfbf8f8f5f7f5f4    // raw_mem addr 00000fbc;  byte addr 0001f780
02020000fe00fefffdfdfdfcfcfefefcfefbfcfcfefcfffefefefefcffff0000    // raw_mem addr 00000fbd;  byte addr 0001f7a0
0706060706050506060704040505050504050505050606060406040504050204    // raw_mem addr 00000fbe;  byte addr 0001f7c0
00020104ff0000040306040501050505080a0506050408090807050405060706    // raw_mem addr 00000fbf;  byte addr 0001f7e0
f6f4f8f6f7f4faf9faf7fcfafefefefd000000020000fcfdfc000001fd00fbff    // raw_mem addr 00000fc0;  byte addr 0001f800
0000ff0000000000fafafcfbfbfcfaf9f8f5f6f4fbf7faf7f6f2f5f1fbf7f8f4    // raw_mem addr 00000fc1;  byte addr 0001f820
fffffafafbfbfdfcfbfbfefbfcfcfdfe00fefe00000000010001000001040001    // raw_mem addr 00000fc2;  byte addr 0001f840
02050204020300040104020200020202020300010200010102000000fffd00fe    // raw_mem addr 00000fc3;  byte addr 0001f860
0808080807080607060706060406050606050405040505060504030403050304    // raw_mem addr 00000fc4;  byte addr 0001f880
fcfc00fe0100000103000201010103020304020304030806070807060906090a    // raw_mem addr 00000fc5;  byte addr 0001f8a0
f6f7f4f4f4f3f5f4f3f4f3f0f4f1f7f5f7f4f4f1f3f1f8f7faf9f5f4f8f8fefd    // raw_mem addr 00000fc6;  byte addr 0001f8c0
0100ff00010002010001ff000000ff00fd00fe00fdff0000ff00fafbfdfcfafb    // raw_mem addr 00000fc7;  byte addr 0001f8e0
030202010302010100000000fffefffefefefbfbfdfbfbfcfafbfffdfefefffd    // raw_mem addr 00000fc8;  byte addr 0001f900
0706040605040405060506050305050404050103030504060304040403050505    // raw_mem addr 00000fc9;  byte addr 0001f920
ff01040404030103060605050406080709080909080809090a0b080806070807    // raw_mem addr 00000fca;  byte addr 0001f940
f4f3f5f2f5f3fbf9f9f5f6f7fbfbfafcf9fdfbfbf7fbf6fbfcfdfcfeff000101    // raw_mem addr 00000fcb;  byte addr 0001f960
0200ff0002010200fcfd00fdfffefbfbfaf8f7f6f9f7f9f7f5f1f4f0f6f4f5f2    // raw_mem addr 00000fcc;  byte addr 0001f980
fffdfdfcfcfdfbfafbf9fcfbfdfcfefefefeffff0000ff00ff000000ff010102    // raw_mem addr 00000fcd;  byte addr 0001f9a0
0203040405070505060302060404040201030304040304020403030101000000    // raw_mem addr 00000fce;  byte addr 0001f9c0
090707070608090809080608080707090506050500040001ff02fe03fe02ff03    // raw_mem addr 00000fcf;  byte addr 0001f9e0
fdfdfdfdfffe0000000000ff0001020202000003070508060606090508080809    // raw_mem addr 00000fd0;  byte addr 0001fa00
fcf8faf8f9f7f4f1f4f2f6f3f4f1f0f1f1f0f5f3f7f6f5f4f4f4f9f9fafbfbfb    // raw_mem addr 00000fd1;  byte addr 0001fa20
f9faf9fcfeff0000ff00020104020102010001010000fffe00ff00fefbfbfdfa    // raw_mem addr 00000fd2;  byte addr 0001fa40
0706030404040102ff0100000000fefffefdfefdfcfcfcfafaf9f9f9f7faf7f9    // raw_mem addr 00000fd3;  byte addr 0001fa60
0405030604060405050506060506050404050405060607060705080707060806    // raw_mem addr 00000fd4;  byte addr 0001fa80
0101020205030402030304060505040606070405050806080507050703060506    // raw_mem addr 00000fd5;  byte addr 0001faa0
f1f0f2f3f5f5f1f3f4f3fbfbfcfcfdfdff00fffdfeff000000fffd0000000200    // raw_mem addr 00000fd6;  byte addr 0001fac0
02010302010000ff0000fcfcf9fafbfbf9f7f8f6f7f5f5f3f7f5f6f3f3eff2ef    // raw_mem addr 00000fd7;  byte addr 0001fae0
fefefcfefbfafcfcfafbfcf9fefefcfafffc0000fefd00ff0201000101010301    // raw_mem addr 00000fd8;  byte addr 0001fb00
000300030302030503030404040503020506030404030305010101010101fffe    // raw_mem addr 00000fd9;  byte addr 0001fb20
0808080606060306050704060206050604070407080604080405040402060303    // raw_mem addr 00000fda;  byte addr 0001fb40
fcfc00ff01000000040202010101030200010100010001030504050406040809    // raw_mem addr 00000fdb;  byte addr 0001fb60
fbfbf9f7f6f7f4f5f3f2f5f2f3f2f1f0f4f0f5f3f4f3f7f5f7f5f7f6fcfbfdfe    // raw_mem addr 00000fdc;  byte addr 0001fb80
fafbf9fafdfcfbfcfafd00fefefffe00010000ff00000101fefe000000fffcfb    // raw_mem addr 00000fdd;  byte addr 0001fba0
03020604030302030203ff000000fe01fdfefffefcfffcfbfcfcfafbfaf9fcfd    // raw_mem addr 00000fde;  byte addr 0001fbc0
080809090809090a0b090a090a0b0a0707070808050202050404020103060404    // raw_mem addr 00000fdf;  byte addr 0001fbe0
02000001010402030102010200020203060504040505080806040708080a0606    // raw_mem addr 00000fe0;  byte addr 0001fc00
f0f1f1eff0efefedf1eef3f3f2f0f4f4fbfafbfbfffeffffff00020201000303    // raw_mem addr 00000fe1;  byte addr 0001fc20
fffefffeffff00ff00ff0100ff00fffffefffcfcfafaf7f8f8f9f6f7f4f3f3f2    // raw_mem addr 00000fe2;  byte addr 0001fc40
03020404040100000102000000fe0000fefd00fdfefefdfafefefcfdfdfbfdfe    // raw_mem addr 00000fe3;  byte addr 0001fc60
0708080706080606040503050101000200010000010202010001040305040403    // raw_mem addr 00000fe4;  byte addr 0001fc80
0203040304050402030405050405050706060206070706070306070706090408    // raw_mem addr 00000fe5;  byte addr 0001fca0
f2eff3f2f3f4faf8fdfdfefe00ff010003010000000203010001000304020204    // raw_mem addr 00000fe6;  byte addr 0001fcc0
040002010200020000fe00fffefcfcfafcfaf9f6f5f4f5f2f4f3f2eff2eeeff0    // raw_mem addr 00000fe7;  byte addr 0001fce0
fcfefefdfefdfbfcfffcfdfffafafefbfcfdfafafcfcfdfefcfdfffd00ff00ff    // raw_mem addr 00000fe8;  byte addr 0001fd00
03040204010201010000ff0000000000000102020101ff000001ff00fc00fdfe    // raw_mem addr 00000fe9;  byte addr 0001fd20
0507050606060707070805070606050605060708060807080608060706070404    // raw_mem addr 00000fea;  byte addr 0001fd40
0000030004020303040104030404050304050504060405050504050605050504    // raw_mem addr 00000feb;  byte addr 0001fd60
f9fbf8f9f7f9f6f9faf7f6f6f5f3f6f2f3f4f2f0f4f0f3f2f2f0f6f5faf7fcf9    // raw_mem addr 00000fec;  byte addr 0001fd80
fefdfdfdfefcfdfdfcfe00fdfcfdfcfefffcfcfefe00fefefefffefefbfdfcfc    // raw_mem addr 00000fed;  byte addr 0001fda0
05010203010000ff0102010100010202010100000000ff00fe00fefdfffefdfe    // raw_mem addr 00000fee;  byte addr 0001fdc0
0205040506050508080608050708070707070706060607060706070504050404    // raw_mem addr 00000fef;  byte addr 0001fde0
00000000000200000000ff0000000403000001020505000101020204ff020203    // raw_mem addr 00000ff0;  byte addr 0001fe00
f6f7faf9faf9fbfbfcf9fbfbfefdfbfbfafcfefdfdfefdfe0000000000ff0100    // raw_mem addr 00000ff1;  byte addr 0001fe20
01fe00fefdfefefdfdfcfafbfcfcfcfbfcfcfdfdfcfafbfbfafaf8f7f8f9f8f8    // raw_mem addr 00000ff2;  byte addr 0001fe40
fefffefffcfe00ff0100000103000201020101000000010000fe0100000000ff    // raw_mem addr 00000ff3;  byte addr 0001fe60
06030203040503040001040400030000030300010202020300000000ff00feff    // raw_mem addr 00000ff4;  byte addr 0001fe80
0000ff000000ff00000103020100010204040102020203030002040303050303    // raw_mem addr 00000ff5;  byte addr 0001fea0
ffff00ff0200000000feffff00000000fd0002000101ff000400020200010100    // raw_mem addr 00000ff6;  byte addr 0001fec0
fbfbfafcfbfdf9fcf8f9f9fcf9fdfcfbfffffefe00fc000000ff00fdff0001ff    // raw_mem addr 00000ff7;  byte addr 0001fee0
010100fffffe010001fe00ff00fffffdfd00fffdfcfbfcfdfefffcfcfefdffff    // raw_mem addr 00000ff8;  byte addr 0001ff00
020102010000fe00fefefcfefafefdfefe00ffff0000000000ff0000fffefffe    // raw_mem addr 00000ff9;  byte addr 0001ff20
0101020204030404060407050604070305040303030200020001010200020101    // raw_mem addr 00000ffa;  byte addr 0001ff40
fdfffe000000fc00fcfdfdfef9fffcfefefffe00010203010201030204010202    // raw_mem addr 00000ffb;  byte addr 0001ff60
000000ff00ff0100000001000100010002000000ff00fefefcfefdfefeffffff    // raw_mem addr 00000ffc;  byte addr 0001ff80
00ff00ff00fe0000fffffbfefdfefbfbf8fcfbfdfcfcfdfe00ff0000000000ff    // raw_mem addr 00000ffd;  byte addr 0001ffa0
0101010000fffffe01ff01010200050001000401020000ff0000fdfefdfeffff    // raw_mem addr 00000ffe;  byte addr 0001ffc0
0000ff00fd00000000fffd00fd00fdfefc00fcfcfbfdfc00fefe000000000000    // raw_mem addr 00000fff;  byte addr 0001ffe0
0000010102010201010101000201010002000402020105020503020201010001    // raw_mem addr 00001000;  byte addr 00020000
0000fdfcff00fefffdfe00000000fefdfffffdfffafcfcfff9fdfdfe0000feff    // raw_mem addr 00001001;  byte addr 00020020
ffff000004020100020003010100030103000300050304010502070402ff0000    // raw_mem addr 00001002;  byte addr 00020040
00ff0000fcfbfbfcfbfef9fdfbfbfcfcfcfefbfef9fdf9fcf9fdf8fcfafdfe00    // raw_mem addr 00001003;  byte addr 00020060
00fe0000000104010402010003000000000002000100010001000301020200ff    // raw_mem addr 00001004;  byte addr 00020080
0603020100010000ff00fd00fdffff00ff00ff000000fffffcfffefefcfefc00    // raw_mem addr 00001005;  byte addr 000200a0
fdfdfcffff0001ff020104030202040306010201030105030402060104030403    // raw_mem addr 00001006;  byte addr 000200c0
000000000100ff00fffffefffbfefbfbf9fefafdfcfcfafffdfefdfdfafefcfe    // raw_mem addr 00001007;  byte addr 000200e0
fdfffefefbfefdffffff00ff01000101010102000200000000000000ff000100    // raw_mem addr 00001008;  byte addr 00020100
0202040302000402040201000000ff00fffefefefcffff00fffdffff0000fdff    // raw_mem addr 00001009;  byte addr 00020120
fcfffefefbfdfcfffefffdff00000101030104010202030202ff0100000200ff    // raw_mem addr 0000100a;  byte addr 00020140
ff0000000000010101000000020000fffeffff00fc00fdfffffffe00ff00fefe    // raw_mem addr 0000100b;  byte addr 00020160
0000fffffefefdfffbfdfcfefcfffcfdff00000000ff01000301000001000000    // raw_mem addr 0000100c;  byte addr 00020180
0301010000000000000002000300030202000100000100fffeffff0000ff00ff    // raw_mem addr 0000100d;  byte addr 000201a0
fbfdfe00fcfefcfdfdfefafcfdfffcfdfcfc0100000000000301020103010200    // raw_mem addr 0000100e;  byte addr 000201c0
0101010000000101010000000102020201000200000000ff00fffbfefd00fdff    // raw_mem addr 0000100f;  byte addr 000201e0
fdfffeffff00fefffdff0000fefff9fefdfffcfefcff0000ffff010002010000    // raw_mem addr 00001010;  byte addr 00020200
0503030005010202000002000000010000000200030101000201000100ffffff    // raw_mem addr 00001011;  byte addr 00020220
fefefbfdfefefffdfefffe00fdfdfc00fcfdf9fcf9fefdfdffff000002000502    // raw_mem addr 00001012;  byte addr 00020240
01000200000002010100010001000000030000ff00000200fefffffffefefdfe    // raw_mem addr 00001013;  byte addr 00020260
ff00ff0000ffff00feff00000100ff00000000fffc00fefefcfdfc00fffefe00    // raw_mem addr 00001014;  byte addr 00020280
0000010104000302020203ff0100000101000000010102000100010001010000    // raw_mem addr 00001015;  byte addr 000202a0
0000fffffdfffffffefefe00fe00feffff00fffefdfefd00fefefdfdfe000000    // raw_mem addr 00001016;  byte addr 000202c0
fefdfdfffbfe000000000000000100000200ff0001010200000001000000fe00    // raw_mem addr 00001017;  byte addr 000202e0
000000000100ff0000ff0000feffffff000000000000ff0000fefe00fe00fbfd    // raw_mem addr 00001018;  byte addr 00020300
fdfefdffff00fe0000ff0300020103010300020002010000ff00010000000000    // raw_mem addr 00001019;  byte addr 00020320
0402020001000200ff00fdfefffefffffdffffff00ff0000ffff00ff0001fdfe    // raw_mem addr 0000101a;  byte addr 00020340
ffff0000fdfefefffdfefefe00fffdff01000000ff0001000200020101000200    // raw_mem addr 0000101b;  byte addr 00020360
0000000100ff0001ff000000ff00fffeff00ff00fffeff0000fefffe0000feff    // raw_mem addr 0000101c;  byte addr 00020380
00fe0000fefffefefdffff000000fffe0000000102000100000000ff00000000    // raw_mem addr 0000101d;  byte addr 000203a0
01000201010102000200000001000000fefdfffffdfefffeff00fefd0000ff00    // raw_mem addr 0000101e;  byte addr 000203c0
00000000000000ffff00ff000000fffffdff0000ffffffff0001ffff00000101    // raw_mem addr 0000101f;  byte addr 000203e0
01000200ffff0000000000000100000000000200000000000000ff0000000000    // raw_mem addr 00001020;  byte addr 00020400
fd0000fffefffffefefffdff00fffd00fd0000ffff0000000000000002000000    // raw_mem addr 00001021;  byte addr 00020420
ff00fffe00ff00000100020001000200010000000000fefffefefdfffefffeff    // raw_mem addr 00001022;  byte addr 00020440
00000000ff010000ff00ff000000fe000001000000ff00000000ff00ffffffff    // raw_mem addr 00001023;  byte addr 00020460
010001ff0000010201ff01ff030201ff00000201000000000000000000fffe00    // raw_mem addr 00001024;  byte addr 00020480
fcfffdfefdfefd00fefefe00ff00fffffe00fe0000feff00fe0000ff00000000    // raw_mem addr 00001025;  byte addr 000204a0
000000ffff00fe0001ff00ff0000020002000201010103020200ffff0000fffe    // raw_mem addr 00001026;  byte addr 000204c0
0000ffff000000fffeff000100fefdffff00fdfefbfe00fffefdff00010000ff    // raw_mem addr 00001027;  byte addr 000204e0
00ff00ff0000020002000101020001010301030001010201000001000100ff00    // raw_mem addr 00001028;  byte addr 00020500
00ffff00ff00fdfefbfefe00fefffefe0000fefffdffff00fdfffdfefdfffe00    // raw_mem addr 00001029;  byte addr 00020520
0000000001010200000100000100010001000001010104020101030104010101    // raw_mem addr 0000102a;  byte addr 00020540
000000ff00fefe00fefdfdfefd00fefdfdfffefffefefefffcfffe00ffffff00    // raw_mem addr 0000102b;  byte addr 00020560
fe0000ff000000000200010103010100020202000100020100000100010000fe    // raw_mem addr 0000102c;  byte addr 00020580
00000100000000ff00fffdfffcfdfd00fbfdfdfcfd00fdfefffdfd00feffffff    // raw_mem addr 0000102d;  byte addr 000205a0
fe00ff00fefffe0001ffff000002030000000000020100010100010002000201    // raw_mem addr 0000102e;  byte addr 000205c0
01000100000101000000000100feff00ff00fcfdfc00fcfefdfffefffdfefeff    // raw_mem addr 0000102f;  byte addr 000205e0
fe0000fffe00ff00fefefe000000000003010400010103020301010001000000    // raw_mem addr 00001030;  byte addr 00020600
01000200ff00010000000000020000ff0000fffffefefdfefdfefdfeffffff00    // raw_mem addr 00001031;  byte addr 00020620
fd00fdfdfdfffcfefcfcfdfefcffff000100ff00000001000000010002000000    // raw_mem addr 00001032;  byte addr 00020640
0403030102010201010101000100000000fe000000fefefefe00fdfffefefdff    // raw_mem addr 00001033;  byte addr 00020660
fefffdfefeff00fffd00fe00ff00ff000000ff00020001010101040103010303    // raw_mem addr 00001034;  byte addr 00020680
00000000000000ff01ff000000ff0100000003000000000001fffefffefffefe    // raw_mem addr 00001035;  byte addr 000206a0
00fefd00fefefefefcfefefffdfefbfffcfefcfdfdfffeffff00ff0000000000    // raw_mem addr 00001036;  byte addr 000206c0
010001000101030102000101020102010300020001010200010002010001ffff    // raw_mem addr 00001037;  byte addr 000206e0
01000000fffffe00fe0000fefe0000fffefefcfffefdfdfffefffefeffff0000    // raw_mem addr 00001038;  byte addr 00020700
0000fe0000ff0000000002000100000102000000010103010200020002010100    // raw_mem addr 00001039;  byte addr 00020720
0201000000000000ff00fe00ff00fffffefffe00fefffcfefbfefdfffcfefcfd    // raw_mem addr 0000103a;  byte addr 00020740
fcfcfdffff00fffe000000000000010100000000010002000200020002010301    // raw_mem addr 0000103b;  byte addr 00020760
030002020200020100000000020000ff0100000100ff0000fcfffefdfd00fbff    // raw_mem addr 0000103c;  byte addr 00020780
fcfffdfffdfefdfefdfdfdfffe00fffe0000ff0000ff00010101020001030300    // raw_mem addr 0000103d;  byte addr 000207a0
020003000301040304000301010101000101ff000000ff00fefffe00fe00fdfe    // raw_mem addr 0000103e;  byte addr 000207c0
feff00fffdfffcfffdfefafcfcfcfbfdfbfefdfefdffff00fe00000002010200    // raw_mem addr 0000103f;  byte addr 000207e0
000001010301030205020602050407030502020102000201fffffeff00ffff00    // raw_mem addr 00001040;  byte addr 00020800
fefe00fdfd00fcfdfcfefcfefbfdf9fefcfefcfefc00fefffdfefffe00000000    // raw_mem addr 00001041;  byte addr 00020820
00ff000002020200020105020401030104010402040102000100000000feff00    // raw_mem addr 00001042;  byte addr 00020840
01000000feff0000fefffdfdfdfffdfefcfcfbfdfbfefafcfbfefbfffdfdff00    // raw_mem addr 00001043;  byte addr 00020860
fbfffeff00ff0000010100010200030201000503020000fd0403020102000100    // raw_mem addr 00001044;  byte addr 00020880
02000100000000000000000000fffe00fe00fffefcfdfcfffefefcfefcfffcfe    // raw_mem addr 00001045;  byte addr 000208a0
fdfffffffd00ffffffff000000ffff0001ff0200020203000402040203000101    // raw_mem addr 00001046;  byte addr 000208c0
0300020002000000000002ff000000000100ff00fcfefffffcfef9fdfdfdfbff    // raw_mem addr 00001047;  byte addr 000208e0
fbfef9fdfbfdfbfffcfdfefffefe00fe000000ff010001000200040104000200    // raw_mem addr 00001048;  byte addr 00020900
030203030400020101010100fe00000000fffe000000fefefdfefe00f9fbfafc    // raw_mem addr 00001049;  byte addr 00020920
f8f9fafdf3f3f7f9fd00fafafd00000001ff0201010004020301020105020401    // raw_mem addr 0000104a;  byte addr 00020940
010101ff020106040505060709080809070806080607020401020000fdfef9f7    // raw_mem addr 0000104b;  byte addr 00020960
fbfffefefdfefbfefefefdfefbfcfefefd00fdfdfefdffff000000ff00fd0000    // raw_mem addr 0000104c;  byte addr 00020980
04010301040105020301030000000001fdfefefeff00fdfefffefcfffefefffd    // raw_mem addr 0000104d;  byte addr 000209a0
fefdfe00fdfefcfffcfdfcfcfd00fefefefeff0000feffffffff00ff00000100    // raw_mem addr 0000104e;  byte addr 000209c0
ffff020002020000000002020200000002000200000000ff000100fffefffe00    // raw_mem addr 0000104f;  byte addr 000209e0
fe0000000000ff0000ff0000fdfffcfdfdfffcfffdfcff00ff00fffd01000000    // raw_mem addr 00001050;  byte addr 00020a00
0000020101000200030203010200020003010302020102020202010001010000    // raw_mem addr 00001051;  byte addr 00020a20
fefdfdfefefdfcfdfcfdfbfcfbfefbfcfdfdfdfefcfefefffdfdfdfffe00fefe    // raw_mem addr 00001052;  byte addr 00020a40
fd00fdff00ffff00feff00ff00fe00fefffe00fd00fefefd00fe00fd00fe0000    // raw_mem addr 00001053;  byte addr 00020a60
0505060608070506070705050103020400040002fe01fe000000ff00fe00ff00    // raw_mem addr 00001054;  byte addr 00020a80
f9fafcfcfcfe0001030303030305050507050708080609070807070508080908    // raw_mem addr 00001055;  byte addr 00020aa0
000001fefdfafcf9fbf8f4f2f5f1f6f5f2f1f4f3f3f4f0f1f2f3f3f5f3f3f4f6    // raw_mem addr 00001056;  byte addr 00020ac0
fcfcfcfefafcfcfdfe00ff000000020403050304030303020302010202010100    // raw_mem addr 00001057;  byte addr 00020ae0
0b0a0a07080a0907080608070805040504040000fd00ff00fcfefcfdfdfef9fc    // raw_mem addr 00001058;  byte addr 00020b00
03070405030604060404030603050306030604040709080809080c0c0c090b0b    // raw_mem addr 00001059;  byte addr 00020b20
f4f0f5f4f0ebefeef4f2f2edf4f2f9f6f5f1f8f4faf7f5f2f9f7fefffcfdff00    // raw_mem addr 0000105a;  byte addr 00020b40
000101020105030504050307030502020104000100ff0002fefdfbf9fbfcf5f3    // raw_mem addr 0000105b;  byte addr 00020b60
050503020405030101000000fefbfcfbfbfbf9f9fcfafdfbfbfafffefeffffff    // raw_mem addr 0000105c;  byte addr 00020b80
08060808070a0606070707080608060806060507060905050305050603020304    // raw_mem addr 0000105d;  byte addr 00020ba0
f1f0f0edf2f0f3f1f3f1fbf90000ffff07060b0d0608090a0a0b08070a090909    // raw_mem addr 0000105e;  byte addr 00020bc0
03010305000301000101fdfdfbfbf9faf3f0efeff1efebeaebedf1efefedf0f0    // raw_mem addr 0000105f;  byte addr 00020be0
fbfbfbfcf9f8fdfcfcfbfefa000000fe03000505060409070707070608080204    // raw_mem addr 00001060;  byte addr 00020c00
09070708080a0606040506070506030403050205020302040001fdfffffffafb    // raw_mem addr 00001061;  byte addr 00020c20
fdfe0507090a07070a0a0a0a09090b0b0b0a08080a0909080608080807070809    // raw_mem addr 00001062;  byte addr 00020c40
fffbf8f6f6f4f1efedebeeebecedececeaeaecebeae7e8e9ececeeecf6f7fbfd    // raw_mem addr 00001063;  byte addr 00020c60
f8f9fafcfeff000001020606070608080a06080608090a060705080707030200    // raw_mem addr 00001064;  byte addr 00020c80
04050505040808070a06060806030102fdfffcfcf9fbfafaf8fbf6f8f9f8f9f9    // raw_mem addr 00001065;  byte addr 00020ca0
05080508060807070206020503060305070707080b090b0b0807080705060204    // raw_mem addr 00001066;  byte addr 00020cc0
f4eff2eeebe8eae6ece7ebe7f5f2fdfbfdfa0706080b03060308000502060408    // raw_mem addr 00001067;  byte addr 00020ce0
fefefbfdfd00020301030507070700010000fcfcf7f7f9f6f7f4f9f4fbf6f7f4    // raw_mem addr 00001068;  byte addr 00020d00
080708050a09050302000000f8fbfcfaf6f5f6f800fefefcff0003010100fe00    // raw_mem addr 00001069;  byte addr 00020d20
0708020701050003fd01fbfe0000fe00fdff000200020204040703060607090a    // raw_mem addr 0000106a;  byte addr 00020d40
f2f201000a0908080c090a0a0a0a0c09090c0a0a0b0a0a0e0c0c0c0a090b0a0b    // raw_mem addr 0000106b;  byte addr 00020d60
0100040302020200fffffcfcfffdfbfdf6f5f5f0edede6e3e3dededce7e4f0ed    // raw_mem addr 0000106c;  byte addr 00020d80
fdfef6f8fbfe00020000010305050703030201fffdfbfbf9f7f6f7f7fdfdfefe    // raw_mem addr 0000106d;  byte addr 00020da0
040300000000040205050504050503080305ff01ff010001fcfdfefdfafbf9fb    // raw_mem addr 0000106e;  byte addr 00020dc0
0a0a090a090905090406000500030405090a0a0b0b0d0e0d0d0c090904050305    // raw_mem addr 0000106f;  byte addr 00020de0
0a0a0102f8f6e8e5d9d4ded9e5dfe5e0fcfa0d0c060605050607050404050708    // raw_mem addr 00001070;  byte addr 00020e00
0a0c0a0d0104f8f8f1f0eae8e5e4e5e4e9eaf2f7f9fcf9fd00010a0908080a06    // raw_mem addr 00001071;  byte addr 00020e20
0b0d100f0e0e0809fcf9f6f6f3f3e8e5f3f0fffc0100090609070b0c0d0e090b    // raw_mem addr 00001072;  byte addr 00020e40
0b0a0c0c0c0b09090709080709080302fefcfbfcfcfbfafcf9ff0103060a070a    // raw_mem addr 00001073;  byte addr 00020e60
ff02fd02fe0100010101030109080b0709090b0a0909080b080708090c0d0c0b    // raw_mem addr 00001074;  byte addr 00020e80
fffd00ff0a0a0909030206070206fefff4f6e2e1dbd6e1dce0dce7e3ff00050b    // raw_mem addr 00001075;  byte addr 00020ea0
fbf9fffe03040507060b060b080c0d100507fffef9f6eeebe8e4e4e2eae8f9f8    // raw_mem addr 00001076;  byte addr 00020ec0
fdfdfdfcfdfc000109070b0d0e0e0f0b0f110e0d09060102f8f6f4f1eeebf0ed    // raw_mem addr 00001077;  byte addr 00020ee0
0506080b080807070508070707090206010602050002030607080708070601ff    // raw_mem addr 00001078;  byte addr 00020f00
dad9ddd8e3defcfe080a04040406030404040607070606060402040204060405    // raw_mem addr 00001079;  byte addr 00020f20
f8f5f0ebeae5e9e5f6f1fdfbfefd0606080a010100030306fe00f6f9e8e7d9d6    // raw_mem addr 0000107a;  byte addr 00020f40
0105f3f6e7e9f1f3f2f2edeef9f8020204050c0c0d0d0d0c11120b0c06050201    // raw_mem addr 0000107b;  byte addr 00020f60
0f0f0e0d0b08090606040300fdfafcfc0403030100020c0e0e0e0c0d09090000    // raw_mem addr 0000107c;  byte addr 00020f80
0000ff010103fb0000040105fc00000303060306030601050406080805070809    // raw_mem addr 0000107d;  byte addr 00020fa0
09090403f7f5e9e3e4dde1dadfd8f3ee0b080a0a07050905080b090905070609    // raw_mem addr 0000107e;  byte addr 00020fc0
0b0d0b0e03060202ff00f0f1e7e5e1dfe0e0ececf0f1fafc080a020302010909    // raw_mem addr 0000107f;  byte addr 00020fe0
0408090a07070508060507070606fefafaf9faf7f2ecf9f5050308070c0d0b0c    // raw_mem addr 00001080;  byte addr 00021000
05050403050705050706060904060203010301050103fdfff7fbfbfcfbfdfbfd    // raw_mem addr 00001081;  byte addr 00021020
0102040904050000010407090404010107070906070608070a090d0e0c0a0709    // raw_mem addr 00001082;  byte addr 00021040
090a08060303040308070303f9f6e9e5dfdadfdbdcd9eeec0609040401020204    // raw_mem addr 00001083;  byte addr 00021060
fbfd0507080a090e080b0709030300010000f9f6efebe5e1e7e4f1eff7f20000    // raw_mem addr 00001084;  byte addr 00021080
fffefdfc0000010204040508090c080a05080405fffffffff2f1ebebf5f3f4f0    // raw_mem addr 00001085;  byte addr 000210a0
070708090b0b0809070804040203040603040303050605080506060507070303    // raw_mem addr 00001086;  byte addr 000210c0
01010609030403030609030303030a0b05070506080703070506020103060a0b    // raw_mem addr 00001087;  byte addr 000210e0
e6e3eae7eeeefcfd090907090202040207050100f7f6efece4e2dcd8dbd6ebea    // raw_mem addr 00001088;  byte addr 00021100
eeedf3f2f9fbeeecf8f7ff0105070a0e080d080a0102ff000000fbf9f2f0e7e6    // raw_mem addr 00001089;  byte addr 00021120
020602010303030301000100060208050403070611130c0c0908050500ff00ff    // raw_mem addr 0000108a;  byte addr 00021140
0a0a050307070a0c060504060609040707080404000303040001ff0205070508    // raw_mem addr 0000108b;  byte addr 00021160
e8e4e3e0d6d4dbd7f7f6050600010604060602010b0a090c08070d0b08060906    // raw_mem addr 0000108c;  byte addr 00021180
03000202fcf9f4efece9e6e3ede9f1f2fcfe090bfe00fafc0003fbfcfbfbf2f4    // raw_mem addr 0000108d;  byte addr 000211a0
050702060202fafbf9f9f2f0f2f2f7f6f6f4fefd05050e0b131314120d0c0302    // raw_mem addr 0000108e;  byte addr 000211c0
0a08040507070a09060806050605030402ff020002020200000001010206050a    // raw_mem addr 0000108f;  byte addr 000211e0
05080001040602040104030500000407080a04060406080a080a0a090a090909    // raw_mem addr 00001090;  byte addr 00021200
01020103000000fffefcf1eeebe5e4dfd8d2eae60405020302040304feff0608    // raw_mem addr 00001091;  byte addr 00021220
0808111213140e100506fdfdfdfef9f9f3f1eeede9e5e9e5efedf9f70608080a    // raw_mem addr 00001092;  byte addr 00021240
08080001ff00060804070709080903020203f2f0f2ef0000f5f4f7f600fe00fe    // raw_mem addr 00001093;  byte addr 00021260
040505080607080a0d0e0a080304050507080408020300020000fdfcfcfc0303    // raw_mem addr 00001094;  byte addr 00021280
0608020404040003ff0005040106000403020608030500010909090a06070607    // raw_mem addr 00001095;  byte addr 000212a0
ede9eeebf3eefefe0c0e0a0a0203020100fe00fdfbf8f1edeeeadfdbd5d0f1f1    // raw_mem addr 00001096;  byte addr 000212c0
faf8f3f1f5f4fdfffdfc000007090c0d0e120b0efefef5f9f7f9f5f4f2f3f1ed    // raw_mem addr 00001097;  byte addr 000212e0
00030001fefffffffeff0101040205040909060507070c0b0b09090700fefaf7    // raw_mem addr 00001098;  byte addr 00021300
0b080e0c090a0b090a0b0609050501040205050704060505030600040002ff03    // raw_mem addr 00001099;  byte addr 00021320
f5f5ececeae8e7e7cfcce2de0405060702010908090801020406070707060706    // raw_mem addr 0000109a;  byte addr 00021340
0a0a00ff00fefdf9f9f4f6f1f4f0f1edeee9f5f503050b0f000400000002f5f5    // raw_mem addr 0000109b;  byte addr 00021360
0002fe0206090001f1f4f5f6f7f7f4f7f3f3f8f9fe00fcfd03040a0c0f101516    // raw_mem addr 0000109c;  byte addr 00021380
0b0b0c0d0c090a090807040404050503020001ff060209080404040405070104    // raw_mem addr 0000109d;  byte addr 000213a0
0302030400010002020501020405050703040106020603040005010406080a0a    // raw_mem addr 0000109e;  byte addr 000213c0
edec00020b11050602020202fdf8fbf8f6f3f2ecf4ede0d8e5dd07030d0c0502    // raw_mem addr 0000109f;  byte addr 000213e0
00fd0603050407060c0a0d0f0f130307f8faf4f5efefeeededf0ecececeae7e9    // raw_mem addr 000010a0;  byte addr 00021400
fbfef8fcfcfdfe0000030405070808080705070609080502fcf9faf6f9f5faf6    // raw_mem addr 000010a1;  byte addr 00021420
0d0b110c0d0c110d12100b0a0a070a0a0709040602050004fd00fc0000010001    // raw_mem addr 000010a2;  byte addr 00021440
e4e4e7e9dbd9d2d0f4f80204fc0000050000fe000001030407090806100b100e    // raw_mem addr 000010a3;  byte addr 00021460
fefbfdf7f4f0f8f2f8f2f8f4f7f2f6f2040211130d0d04030203f7f6eff0eeef    // raw_mem addr 000010a4;  byte addr 00021480
0707f8fbf0f0f8faecf0edeef1f3f4f5000301040001070b080a0d100f1100ff    // raw_mem addr 000010a5;  byte addr 000214a0
040904070506010206030703040009040c070b060a070d0c0d0d0d0c08090101    // raw_mem addr 000010a6;  byte addr 000214c0
02010404050604030607030501040107fd01ff04020600050608050803060609    // raw_mem addr 000010a7;  byte addr 000214e0
0507101504050102fcfff2eff3f2efebf2ebf8f2e0d6e7e10a0a0b0a05030406    // raw_mem addr 000010a8;  byte addr 00021500
110f0d0a0d0b0e0e0c0b12130809f7f6f4f3ebebe4e4ebececeeecf0eff1f2f2    // raw_mem addr 000010a9;  byte addr 00021520
0002fd02fd010408070c05090003fcfd0203fafaf2effefbfff9fef700fb0702    // raw_mem addr 000010aa;  byte addr 00021540
100e0f0e120e0e0c100f1010050609090c0d060605060001feffff00f4f8f8fa    // raw_mem addr 000010ab;  byte addr 00021560
e7e5eceee4e4cccbeaec0307fbfe00010004ff000303000104050b0c07080c09    // raw_mem addr 000010ac;  byte addr 00021580
f2f3f5f4efe8f2eefdf901fc02fe00f904001514110f04020707fbf8edecefef    // raw_mem addr 000010ad;  byte addr 000215a0
0002faf9ebe9f8f7f6f7f3f5f4f5eef3fd030409ff05040903050205080afcfb    // raw_mem addr 000010ae;  byte addr 000215c0
070a0607050500020000020100fd02000d0a130e100e12100f0d090c0b0cfeff    // raw_mem addr 000010af;  byte addr 000215e0
04020806060405040807080806060708040700050006fb020106040b02050707    // raw_mem addr 000010b0;  byte addr 00021600
f1f5f6f904090204fefe0001f4f3eeebf2edf1edfcf7f5ece8e0fff9120b0905    // raw_mem addr 000010b1;  byte addr 00021620
02ff0d0812110b0b0a0b030500000000f7f8f4f4f3f2eae8ecebf0f3f2f5f4f7    // raw_mem addr 000010b2;  byte addr 00021640
fc00fb00fe03010701060104060804070000fefefaf9f8f6f9f8fbf802ff0601    // raw_mem addr 000010b3;  byte addr 00021660
11110d0a100e1813110e110d100d0e0c0d0a040408060908020504030002fd00    // raw_mem addr 000010b4;  byte addr 00021680
f1eeebeaece9eeebeeefe3e2e0e0f1f6fd00fafcfcff03030100040609070c0a    // raw_mem addr 000010b5;  byte addr 000216a0
fdfcfbfaf6f5f6f4f8f6f5f2faf401ff050104010201020003050000fbfaf8f9    // raw_mem addr 000010b6;  byte addr 000216c0
040504020201fbfbfbfaf6f7f9fafafcedf1f900ff04fafe0208020503040202    // raw_mem addr 000010b7;  byte addr 000216e0
fd01040605060708080608070f0e090708070f0c0c08100d100a0c0a0f0e0a0a    // raw_mem addr 000010b8;  byte addr 00021700
f2ecfaf704030102feff000003040709050507090a0c07090208ff0303060003    // raw_mem addr 000010b9;  byte addr 00021720
f4f7f1f5f4f8fbfdfcfeff00fdfdf9f7faf7f8f8f2f0efecebe8f1ebfbf7f7f1    // raw_mem addr 000010ba;  byte addr 00021740
0b0807040705070409080b0a010000fe0000fefefffdfaf9f3f4f5f4f5f5f1f7    // raw_mem addr 000010bb;  byte addr 00021760
0c0d0a0d0608050600040104ff02fd0101000002020203000102020102000606    // raw_mem addr 000010bc;  byte addr 00021780
020302030505070806050c090c0a09070a080707030404060508070907080607    // raw_mem addr 000010bd;  byte addr 000217a0
fbfaf9f7f2f0f0eff1f1ecede9ebe9eaeceff3f5f3f3f6f7feff000200010000    // raw_mem addr 000010be;  byte addr 000217c0
fe00ff00faf9fbf8fdfcfffefdfbf8f6fefc010000fd000002ff00fdfcfbfbf8    // raw_mem addr 000010bf;  byte addr 000217e0
0a09080606060605050704050604070807070402ff010001fe01fbfff9fdf8fc    // raw_mem addr 000010c0;  byte addr 00021800
0000fc00fe000202030804060405030507080707060809080a0a0d0d0d090b09    // raw_mem addr 000010c1;  byte addr 00021820
faf6fcf6fdf9fffafffcfefd00fe000001000000020204030002fffffcfffd02    // raw_mem addr 000010c2;  byte addr 00021840
fcfcf9fbf6f9f6f9f3f7f2f7f6f7f6f7f7f8f8f6f6f6f6f6f5f5f6f4f7f4f7f6    // raw_mem addr 000010c3;  byte addr 00021860
0103020406050806070608040a0708060401000001000100fefffefc00fffffe    // raw_mem addr 000010c4;  byte addr 00021880
040606050605020502030003fe03fd00fd020005010402050304030403050203    // raw_mem addr 000010c5;  byte addr 000218a0
fcfcfdfefefeffff000000ff0200040305020704080506050604060406060605    // raw_mem addr 000010c6;  byte addr 000218c0
fffefdfcfcfbfbfafbfafcfcfbfafbfaf8faf7f8f6f7f0f6f4f7f7f9f6fafbfa    // raw_mem addr 000010c7;  byte addr 000218e0
fbfefbfffcfefffe0000fffefffefffffefd00fd0000030006000500020002ff    // raw_mem addr 000010c8;  byte addr 00021900
090709050906080705040504050503030304030302010002fe00fbfef9fef9fd    // raw_mem addr 000010c9;  byte addr 00021920
fafdfafdf8fdf9fcfafdfdffff00010001010201030100020202040204030705    // raw_mem addr 000010ca;  byte addr 00021940
fefe00ff00ff030001ff030003fffdfefefdfefdfafdfdfdfefffcfefefefdff    // raw_mem addr 000010cb;  byte addr 00021960
000101000000ff01fffefbfefafffafdfcfefefefeff000001ffff0000fffffe    // raw_mem addr 000010cc;  byte addr 00021980
0101000000000000000000000203040204010603060403020200010001010000    // raw_mem addr 000010cd;  byte addr 000219a0
fefefe00fdfefafcfe0000000000fefffefffefffdfefbfffdfe0000ff000100    // raw_mem addr 000010ce;  byte addr 000219c0
fcfcfcfefffe02fffffffdfefffffcfefdfe00ffff00000005020302ffffffff    // raw_mem addr 000010cf;  byte addr 000219e0
0701030204020200ff010200000000000201010203000000fdfefcfcfafefafb    // raw_mem addr 000010d0;  byte addr 00021a00
ff00fd00ff00fdffff00ff0000000301000000000100ff000001030103010404    // raw_mem addr 000010d1;  byte addr 00021a20
fcfe000000010200030201010100ff00fcffff00fdffff000302010002010202    // raw_mem addr 000010d2;  byte addr 00021a40
0401000000ff0000fbfdfbfdfcfefafdfcfd00fe00fffdfdfdfefcfefbfcfbff    // raw_mem addr 000010d3;  byte addr 00021a60
0000fefffffffeff00ff01000000020104010101030002000001030002000100    // raw_mem addr 000010d4;  byte addr 00021a80
ff0000ffff00000001010201020100000000fe00fcfdfdfefcfefffffeff00ff    // raw_mem addr 000010d5;  byte addr 00021aa0
fcfdfd00ffff00fefe00fefefefefbffff00000000000402030202020201ff01    // raw_mem addr 000010d6;  byte addr 00021ac0
050104020301020002010100010001000100010000fffefffbfffafcfafefafd    // raw_mem addr 000010d7;  byte addr 00021ae0
fd00fdfdfefffdfefdfe0000000000000000ffffffff00ff0000020003010501    // raw_mem addr 000010d8;  byte addr 00021b00
00000001010004010302ff0000fffdfefbfffefffdfe00000100000100ff00fe    // raw_mem addr 000010d9;  byte addr 00021b20
0000fefffffefdfffcfefefdfc00ffff0100ff0000ffff00fe00fefffdfeffff    // raw_mem addr 000010da;  byte addr 00021b40
00ffff000100000001000100010102000200020100ff00000000020000000000    // raw_mem addr 000010db;  byte addr 00021b60
fdff000000ff010003010201010001010000ffffff00fffe0000000000000201    // raw_mem addr 000010dc;  byte addr 00021b80
ff00fffeffffff00fdfefd00fffffeff00000000000001000000fd00fe00fcfd    // raw_mem addr 000010dd;  byte addr 00021ba0
010002000101000001ff0100ffff0000000100000000ff00fffffffffeffffff    // raw_mem addr 000010de;  byte addr 00021bc0
fdffff00fefefeff000000000100000000ff0000fcfdfdff0000ffff00000301    // raw_mem addr 000010df;  byte addr 00021be0
fcfd000000000000fefffffefdfefcffffff0000010003000402020003010100    // raw_mem addr 000010e0;  byte addr 00021c00
0301000001010403fdfefcfd0506fcfdfbfb0001ff000102fcfcfbfe0002fcfc    // raw_mem addr 000010e1;  byte addr 00021c20
ff00fcfe00020002fdfc0100050400fefdfb0402fffefdfc0506fefefcfb0504    // raw_mem addr 000010e2;  byte addr 00021c40
ffff0000020003010504ff0000fe0302fc00fefb000000020200ff0001000102    // raw_mem addr 000010e3;  byte addr 00021c60
fdfe00000000fdfe0000ff000001fe00fdff0202fffff7fa0101fcfcf6f601ff    // raw_mem addr 000010e4;  byte addr 00021c80
00000100000000000201fffe0000020400ff00ff0201fffd0000ff00fffe0202    // raw_mem addr 000010e5;  byte addr 00021ca0
020100fe02030000010000000000fffffcfdff00fefffdfc0000000000ff0200    // raw_mem addr 000010e6;  byte addr 00021cc0
f7f90406fafcf6f50205fbfdfdfb03040101fffc0505070600fd060301000102    // raw_mem addr 000010e7;  byte addr 00021ce0
0402010001000101030301ff00ff0404fffffcfe0102fefff8fcfcff0000f7fb    // raw_mem addr 000010e8;  byte addr 00021d00
f7fbff00fafdfdfd0000fe0001ff0302ffff00000404fefc0100040400fe0100    // raw_mem addr 000010e9;  byte addr 00021d20
0301030202ff050303030200010001010200010000000100ff00f9fb0000f9fe    // raw_mem addr 000010ea;  byte addr 00021d40
fefffafef8fcf8fcf7fafafdf7fcfbfcfafdfbfefffffcfffefeffff000000ff    // raw_mem addr 000010eb;  byte addr 00021d60
000003010400010106040400020304040400000104020200000003020000fbfd    // raw_mem addr 000010ec;  byte addr 00021d80
000003010001fdfe0001fbfff9fbfdfffcfffafcfe00fefefefe0000fffe0200    // raw_mem addr 000010ed;  byte addr 00021da0
0001fdfc00000202fefe00000201030103010703040204030704020104030303    // raw_mem addr 000010ee;  byte addr 00021dc0
0100ff000101ffffff000000fcfffc00fcfdf9fdf9fdf7fbfafdfbfef9fbfdff    // raw_mem addr 000010ef;  byte addr 00021de0
fe00fcfc0000ff0001ff02000100030004010303050104000504050102ff0303    // raw_mem addr 000010f0;  byte addr 00021e00
01000605030000000402ff00fdfffefffe00fdfefcfdff00fffefe00fcfefefd    // raw_mem addr 000010f1;  byte addr 00021e20
fe01f7f8f7fbfb00f9f9fafd01010000000001ff00000000fffe00ff01020200    // raw_mem addr 000010f2;  byte addr 00021e40
030002020703020200fe04020102fffcff0000010000fcfd00000001fafafeff    // raw_mem addr 000010f3;  byte addr 00021e60
fe0000010000ff000102fffffcfc0000fcfdfbfc0101fffe0000030103010501    // raw_mem addr 000010f4;  byte addr 00021e80
010000fe0000010000fd0000000001ff03030301030101000000ff00fefffefe    // raw_mem addr 000010f5;  byte addr 00021ea0
0000fdfefefffdfffdfffbfdfcfdfcfff8fcfbfefbfef9fbfdfefe00fefeff00    // raw_mem addr 000010f6;  byte addr 00021ec0
fefe0001000000ff050204010403030104000403fffe0100020100ffff000000    // raw_mem addr 000010f7;  byte addr 00021ee0
0302020201ff0201010100fefdfffefe0000fbfffffd020200ff01ff0002ff00    // raw_mem addr 000010f8;  byte addr 00021f00
fd00fcfdfdfefe00fd00fefe000000010100000001000101fdfe01000001fdfd    // raw_mem addr 000010f9;  byte addr 00021f20
0401feff01000101fdfd0100000100ff0000fefffdfdfbfffefffafdfbfbfeff    // raw_mem addr 000010fa;  byte addr 00021f40
fefffffe020200ff02ff0302000000ffff00ffff010001000201050103000302    // raw_mem addr 000010fb;  byte addr 00021f60
fd000000feffffff000000ffff000000020000000302020100ff0000ff000000    // raw_mem addr 000010fc;  byte addr 00021f80
0000fe00fefefdfffafcfbfdfcfefefdfeff00ff0201fffffdfd0001fffdfafc    // raw_mem addr 000010fd;  byte addr 00021fa0
0100ff000101fefd0202050301ff0302000101ff0000fcfffffffe0000ff01ff    // raw_mem addr 000010fe;  byte addr 00021fc0
fefe000000000000030202000000010200ffff00020300fe0000050300ff0101    // raw_mem addr 000010ff;  byte addr 00021fe0
ff00020100ff0000ff00fdfffbfefbfefefe0000000000fe010100feff000000    // raw_mem addr 00001100;  byte addr 00022000
0300fffffdfffefffdfefefffdfeff00ffff00ffff00fdfefcfefafefefffefe    // raw_mem addr 00001101;  byte addr 00022020
fefe000000ff0000020204ff0301030201000001fffffffe0001010001000001    // raw_mem addr 00001102;  byte addr 00022040
fcfdfdff000100fffffe0000ff00ff00fdfe0000010102000502020002010000    // raw_mem addr 00001103;  byte addr 00022060
010004020000fefefefeff00fdfdfdfeff00010000000000ff00fdfffdfefcff    // raw_mem addr 00001104;  byte addr 00022080
0102fdfefeffff00fdffffff00ffff00fefffffffcfffafdfdfdfeffff00fffe    // raw_mem addr 00001105;  byte addr 000220a0
00ff000000000201030304020401040206030200020104020301030101000201    // raw_mem addr 00001106;  byte addr 000220c0
ffff0000ffffff01fefefdfdfbfefafcfafdfafcfcfefdff000000ffff000000    // raw_mem addr 00001107;  byte addr 000220e0
fe00fefefdfefdfffefdfdff000001ff0302050104000302010000ff0000ffff    // raw_mem addr 00001108;  byte addr 00022100
040205020100000000000100ffffff000000fbfefc00fbfef9fbfdfffbfefbfc    // raw_mem addr 00001109;  byte addr 00022120
faffff0100000000020403010201030203030202020106020904070309030602    // raw_mem addr 0000110a;  byte addr 00022140
020002000200030002fffffe000000fffcffff00ff00fd00fd00fafefc00fbff    // raw_mem addr 0000110b;  byte addr 00022160
f7f8f9faf4f6f6f8f8faf7f8f7f9f9fafcfcfcfcfcfbfcfdfffcfffdfefe00fe    // raw_mem addr 0000110c;  byte addr 00022180
0d090a0b0a070a06070608020804060204000100fefdfdfbfbfbfaf9f9faf6f8    // raw_mem addr 0000110d;  byte addr 000221a0
0205030804080409050a040703080309040a030905080a0d0b0d0d0b0e0e0d0c    // raw_mem addr 0000110e;  byte addr 000221c0
efeff0edefecf1efeee8efebf3f0f0ebf4f0f7f2f9f6fefbfef9fffe01010102    // raw_mem addr 0000110f;  byte addr 000221e0
0402060505040201000100020305ff00fe000003fdfff9faf4f7f3f6f2f3eeef    // raw_mem addr 00001110;  byte addr 00022200
0c140f130a10101512120e0f1011100d0b0a0806060403050501050306050701    // raw_mem addr 00001111;  byte addr 00022220
eae5e9e3e7e2f1ebf2edf1edf7f4f8f9ff000203ff010a0e10140b100e140c13    // raw_mem addr 00001112;  byte addr 00022240
07090e120708040706090003fe02f9fcf8f8f9f8f6f3f6f0eeeaece8ece6e6e2    // raw_mem addr 00001113;  byte addr 00022260
0a0905040200fffffefdfffafefbfefafff900fffdfbfbfbff00000004060405    // raw_mem addr 00001114;  byte addr 00022280
fdfdfdfd00030a0f0d110e1313160e13101612150d14111610130f11100f0c0c    // raw_mem addr 00001115;  byte addr 000222a0
fdfefbfbf8f7f6f4eeecede7ebe9e9e7e4e0e4deeae5eee8eee9efeaf4eef9f8    // raw_mem addr 00001116;  byte addr 000222c0
fbf8fdf8fbf6fefd00ff0000010105050f0f0c0c080a0c0d090d070a0204fc00    // raw_mem addr 00001117;  byte addr 000222e0
15191218141711150c1111120c10080a0405ff01fffefafaf6f7f6f5f9f6fbf6    // raw_mem addr 00001118;  byte addr 00022300
dbd6e4e1edeae8e3ece5eee8faf80302faf7ffff0d100f111014141713161217    // raw_mem addr 00001119;  byte addr 00022320
0b0b0c0d0d0c0f101011060703040306fdfffdfcf8f6efeef0f0ebe7e9e7e8e5    // raw_mem addr 0000111a;  byte addr 00022340
01030000f7f9f6f4f4f5f0f0f3eff2f2f4f1f9f5fbf700fe010000fe07070d0c    // raw_mem addr 0000111b;  byte addr 00022360
11120b0e0c0f11130f12101413171418141914171116101410110b0f07090406    // raw_mem addr 0000111c;  byte addr 00022380
fbfaf1eff5f5eeecefecedeaded7e8e5efede3e0e3e3e5e2f4f40202f3effcfa    // raw_mem addr 0000111d;  byte addr 000223a0
faf6fafafdfcfffe06080c0c07080a0c0d0e0f0f1112070808070b0b00000001    // raw_mem addr 0000111e;  byte addr 000223c0
0e100d110c11090b030504050403fffef8f8f6f6f8f5f4f1f1f0f2eef1eff4f5    // raw_mem addr 0000111f;  byte addr 000223e0
ebe7fffd0703efedff000f11070b0e0f0c110d11141310141114141511160d13    // raw_mem addr 00001120;  byte addr 00022400
ff0008080708fdfd0100f6f5eff0f7f7ece9f1eeeee9ded7f2eef4efe7e0ede8    // raw_mem addr 00001121;  byte addr 00022420
efeceeebfaf7f6f2f5f1fffbfff901000201090908090000070c070c090d080c    // raw_mem addr 00001122;  byte addr 00022440
0e160c100d110b130e120c0f0b10090c0408020503050001f7f4f9f6faf9f6f3    // raw_mem addr 00001123;  byte addr 00022460
f9f6e7e2e9e4eeeaf5f10a08f6f4f6f51613100e10111415111112140d101215    // raw_mem addr 00001124;  byte addr 00022480
0f120a0c0b0dfd000105080cf9fbfafdf6f9efedf5f5f0eeeceaefede3ddebe7    // raw_mem addr 00001125;  byte addr 000224a0
f3f1f8f7f5f3f6f4f4edefeaf8f7f9f5f6f3f8f6fdfd00ff05040a0b03010a0b    // raw_mem addr 00001126;  byte addr 000224c0
0f100e10111314160f120e0f101311130d0f0b100a0c06090308ff000002fafb    // raw_mem addr 00001127;  byte addr 000224e0
dcdaebe8f6f5dfddece7efecfbfa0b0af2edfcf914170d0d0a090e0e100f0f10    // raw_mem addr 00001128;  byte addr 00022500
00000f0f0f12090b0a0d03030b0b090ff9f8f9f9f9fcf0f0f4f5e9eae8e4f0ef    // raw_mem addr 00001129;  byte addr 00022520
fffff9f7f8f8f6f6f6f5eae6ece9faf9f0eef4f1f7f5f9f80200fdfd06040806    // raw_mem addr 0000112a;  byte addr 00022540
0a0b0a0c0b0b0e1011130b0d0c0c1113151611120e1011100e110b0d07070407    // raw_mem addr 0000112b;  byte addr 00022560
ece8e0dff6f5ece9e5e1f4f1f3f00406fffeeeee080a0e10080b090b090a0d0d    // raw_mem addr 0000112c;  byte addr 00022580
010105060f11080a0809030603050a0cfcfff4f5fcfbf6f7f5f1f4efe6e4efec    // raw_mem addr 0000112d;  byte addr 000225a0
0505fffcfcfefffdf4f2efedf2edf8f7f7f4f5f0faf8faf6fffcfdfdfdfd0606    // raw_mem addr 0000112e;  byte addr 000225c0
0b0c0909070a080c0b0c0407090a0c0e0c0f0e0f070a0d110c0f070b0b0c0708    // raw_mem addr 0000112f;  byte addr 000225e0
deddefefe7e6e1def3f4f6f502010002f5f2080914170b0b0e100e100d0c100f    // raw_mem addr 00001130;  byte addr 00022600
04070e0f090906070e0d09080c0b0503f8f400fef9f8f1edf1f0e2e0e9e5e8e9    // raw_mem addr 00001131;  byte addr 00022620
0606fefafbfbf9f8f2eff4f4f0efeeeef0f1f2f3f6f7f9fafbfcfefd04040405    // raw_mem addr 00001132;  byte addr 00022640
05070508040905070808070a080c0809080c0c0c0e0e10120c0b0c0c0b0a0606    // raw_mem addr 00001133;  byte addr 00022660
e9e3ece9fbf702ff090700ff02fe151716180e0e0c100a0c070c04090306040a    // raw_mem addr 00001134;  byte addr 00022680
0807050608090304fe00f7f6f3f3f8fceff0eae8e7e5e2dfeae8e7e3e6e3f0ed    // raw_mem addr 00001135;  byte addr 000226a0
f0f1f6f7efeff8f9f2f1ede9fdfbfcf9fefc00fd00fc07040a070d090a0b0a0b    // raw_mem addr 00001136;  byte addr 000226c0
0e0d0f0d0e0d11110c0b090b0c0e0c0f0a0e080d02050608040afbfefe01f4f8    // raw_mem addr 00001137;  byte addr 000226e0
000000010001080d070b0103040804080608080a050409080b0c09090b0a0908    // raw_mem addr 00001138;  byte addr 00022700
fdfcfaf8f5f2f9f7f3f1f2edf4eff0ebf5f1f4eeefe9f3f1f5f0f5f1fafbfdfb    // raw_mem addr 00001139;  byte addr 00022720
0200fbfafffb00fefeff00fffdfcfdffff01fbfefa00fafef8fdfbfdfbfcf9fb    // raw_mem addr 0000113a;  byte addr 00022740
05070509020701040408050902040304050801030200020002010503fbf8fdf9    // raw_mem addr 0000113b;  byte addr 00022760
0b0b0e0e0e0c0d0b0c0b0e0c0b0c0a080e090d0d0d0b0b08090a0b0a05070307    // raw_mem addr 0000113c;  byte addr 00022780
f3edf3ecefecf0ecefebefeff1f1eff1f2f4f5f9f7fbf8fdfd00040607090808    // raw_mem addr 0000113d;  byte addr 000227a0
f6fbf6fcfafdf6fcfafdfcfdfafdfefdfcfafaf8fbf7f7f4f6f2f7f2f5f1f1ed    // raw_mem addr 0000113e;  byte addr 000227c0
0f0c0e0a0c0b0b08090609070a060805040203000200fdfefcfdfafcf6fbf7fb    // raw_mem addr 0000113f;  byte addr 000227e0
06060504040500050202fe02ff040002fc0300040105040907080a090e0c0d0c    // raw_mem addr 00001140;  byte addr 00022800
f2f6f7f9fafbfefe020005020602070308050606060708060a070a080a080b0a    // raw_mem addr 00001141;  byte addr 00022820
01fc01ff00fefcf9fcfafaf8f9f8f7f6f4f3f5f5f2f3f1f3f2f5eff3f0f3eff4    // raw_mem addr 00001142;  byte addr 00022840
0000fefefafffafbf9faf5faf8fcf8fafaf9fefbfefd01fe01ff02ff02fe01fe    // raw_mem addr 00001143;  byte addr 00022860
0406040603030908080809070a0a050408060405020404050002020301000002    // raw_mem addr 00001144;  byte addr 00022880
000100000403000103030404050305050202050502040404000101030205fd00    // raw_mem addr 00001145;  byte addr 000228a0
fdfbfbfbf9fbf9faf5f8f9faf9fbf7fbfbfbfdfc0000fffe0200030101000301    // raw_mem addr 00001146;  byte addr 000228c0
fe00fcfdff00040100ff040200fd00000302fefd060400fe01000301fffdff00    // raw_mem addr 00001147;  byte addr 000228e0
0502040303000605030102000403fcfb0002f9f9f8fbf8fdf4f6f8fdf7faf9fb    // raw_mem addr 00001148;  byte addr 00022900
f4f6fbfef9fcf5faf8fef7f8fbfef9fd010200000402080403000a0505010302    // raw_mem addr 00001149;  byte addr 00022920
fefb0807030202ff0806020004010808030002010908fcfb03050000f8f80004    // raw_mem addr 0000114a;  byte addr 00022940
07060805fbfa06090101f9fa0809fafbf6fafb00f0f5f7fbfafff5f7fe000000    // raw_mem addr 0000114b;  byte addr 00022960
ff01f5f6fd00fdfef8fc000000000100070407040702100c080209050d0a00fd    // raw_mem addr 0000114c;  byte addr 00022980
03000703090503000705020000ff00010203fdfb0001fffff8faff03f8f9f8fd    // raw_mem addr 0000114d;  byte addr 000229a0
fe00fbfcf9f9fefff6fafbfcfefff6f8fbfff6f8fbfef8fbfbfb0201fcfb0a07    // raw_mem addr 0000114e;  byte addr 000229c0
fd00fbfc00fffe0000ff0301020104ff0806050003000705fffd01020200fbfc    // raw_mem addr 0000114f;  byte addr 000229e0
030402000806000001000202fbfc0000fdfffbfdff01fbfefefefe00f8fdfdff    // raw_mem addr 00001150;  byte addr 00022a00
00ff0001ff000001fcfc0002fdfcfeff0002fbf90103fafc0000000300fe0603    // raw_mem addr 00001151;  byte addr 00022a20
fafaf7fbff00fcfc0000040300fe0603020200000302fffe0403010000000202    // raw_mem addr 00001152;  byte addr 00022a40
f8f506060b0af7f30b0d0000f8f50d10f7f502020305fbf80404fdfcfcfdfafe    // raw_mem addr 00001153;  byte addr 00022a60
0807fdfcfdfd0406eff00407f5f7fdfffbfcfdff0101f6f60c0ef8f702000b0a    // raw_mem addr 00001154;  byte addr 00022a80
ff01eef10608fcfcfefc0d0afefb07020805fffd0503040100fe02000404fbfa    // raw_mem addr 00001155;  byte addr 00022aa0
0702060403ff0504010300ff0101f8fa0103f9fbfafc0001f4f50104f2f6fbff    // raw_mem addr 00001156;  byte addr 00022ac0
ffff0100f9fc0001f8f9fa00fcfef8fa00050000fefc080901ff03ff090901fd    // raw_mem addr 00001157;  byte addr 00022ae0
fafafefc090cfbf905010b0afdf90c0b040102000405fffe0304fcfc0101fe00    // raw_mem addr 00001158;  byte addr 00022b00
0101fefd0806faf802030201f4f40509f6f6f9fc0305f1f10004fcfcf6f60509    // raw_mem addr 00001159;  byte addr 00022b20
f7f70002fffff6f70105f7f6fd000102fcfa060601ff04020300040101000100    // raw_mem addr 0000115a;  byte addr 00022b40
fdff020101000002020001ff0404030101000402000000000304fcfb00000203    // raw_mem addr 0000115b;  byte addr 00022b60
06050704fbf90708fefefdfe0100fbfdf8fcfcfff7fbf6fafefff9fcfcfe0100    // raw_mem addr 0000115c;  byte addr 00022b80
ff00f9fafe00f5f8fe00fdfefafc0504fffd050503000805050401fe0c0afcfa    // raw_mem addr 0000115d;  byte addr 00022ba0
fcfa090900fe01000505010100000200030300fe02000103fcfa0103fe00fbfc    // raw_mem addr 0000115e;  byte addr 00022bc0
fefe0203fcfefcfeffffff00f7f9fd00f8fbf7fbfbfff6f80005f9f801000403    // raw_mem addr 0000115f;  byte addr 00022be0
fafdfefffdfefeffff00010000ff010106030000070505010302020003010000    // raw_mem addr 00001160;  byte addr 00022c00
0502020000ff070700ff00000807fefd03020603fefd01010000fbfefefffcfe    // raw_mem addr 00001161;  byte addr 00022c20
fafb0306fbf9fd00fe01f5f7fd01f9fbf7f9f8fefdfef8fafcff0300fefe0001    // raw_mem addr 00001162;  byte addr 00022c40
ff01fcfdfdfd0103fffe050200000503050303010a0701ff0907010002010502    // raw_mem addr 00001163;  byte addr 00022c60
00fe0604040300fd0402010200fd01010103fcfb00030001f7f8fe01fdfef7f8    // raw_mem addr 00001164;  byte addr 00022c80
f5f8fe00fafdf5f8fe01f7fbf8fa0003f7f600000002f8f70808010000ff0a08    // raw_mem addr 00001165;  byte addr 00022ca0
0201ffff00000605010006020806020008040604fdfb05030200f8fa0203fdfe    // raw_mem addr 00001166;  byte addr 00022cc0
00ff01000404fefd00000000fbfd00010000fafd0001fdfdfafd0202fdfdfcfd    // raw_mem addr 00001167;  byte addr 00022ce0
fbfdff00fafcfbfd0102fbfcff000102fefd00000101fffe0001000201fe0604    // raw_mem addr 00001168;  byte addr 00022d00
feffffffff000100010000ff050300ff01000303fdfd03020000fefe0000fcff    // raw_mem addr 00001169;  byte addr 00022d20
04ff0302040204000000000000fefefffdffffffff00ff000000000000fefe00    // raw_mem addr 0000116a;  byte addr 00022d40
fbfefcfffafcfafdfafdf9fbfbfefbfefcfdff00ffff00fe0001010001000201    // raw_mem addr 0000116b;  byte addr 00022d60
ff000001010005020603060207030803070303020200030100fffdfffe00fdfd    // raw_mem addr 0000116c;  byte addr 00022d80
0502030102000200ff00fefefcfdf9fdfafdf9fefbfdfbfefcfefdfefdffffff    // raw_mem addr 0000116d;  byte addr 00022da0
f6fbfafcfafcf9fcfbfdfbfdfeff000002000403060105030504060205010402    // raw_mem addr 0000116e;  byte addr 00022dc0
06030a0408040704080308040602030202010000fcfef9fdf8fcf5faf7fbf8fc    // raw_mem addr 0000116f;  byte addr 00022de0
fefefafef9fbf9fcf7fdf8fbfafcfafefcfefdfefe0000000100020106020502    // raw_mem addr 00001170;  byte addr 00022e00
fd00fe0000fe0100010004010402030106030502040107030401030001010000    // raw_mem addr 00001171;  byte addr 00022e20
07030601020202000000fd00fdfdfefefafffafdfbfdf8fdf9fbfafdf9fffbfc    // raw_mem addr 00001172;  byte addr 00022e40
fbfdfbfefbfefcfefffeff000001000000010100010001020400040105030604    // raw_mem addr 00001173;  byte addr 00022e60
fffdfe0000010200010104010300020101000000010000000000fffffdfffefe    // raw_mem addr 00001174;  byte addr 00022e80
0303030000000001fffdfdfffdfefdfcfbfffcfdfefefb00fdfefdfdfbfffdff    // raw_mem addr 00001175;  byte addr 00022ea0
fdfefdfffefefefefefffffffffefe00000000ff010103010400040306010400    // raw_mem addr 00001176;  byte addr 00022ec0
fd0000ff0202010003010503040103020402010100000100ff00fffefffffdff    // raw_mem addr 00001177;  byte addr 00022ee0
0100ff00fffffd00fcfffcfefbfefcfdfcfdfbfffcfefcfdfcfefdfffdfdfcff    // raw_mem addr 00001178;  byte addr 00022f00
fdfdfbfefdfefc00fcfffefefeff000003000201040207020503060303010201    // raw_mem addr 00001179;  byte addr 00022f20
020004030604060205020601030102020201000000fefefffcfffefdfcfffcfe    // raw_mem addr 0000117a;  byte addr 00022f40
ff00ff00fcfdfafffcfdfafcfafefafcfbfdfbfdf9fdfbfefcfefdfe00000201    // raw_mem addr 0000117b;  byte addr 00022f60
fbfffbfdfdfefe00ff0000000301050207020604060206030402030002020000    // raw_mem addr 0000117c;  byte addr 00022f80
0902080406020603040202000000fefffcfffdfcfbfef9fffcfefdfffbfdfdfe    // raw_mem addr 0000117d;  byte addr 00022fa0
fafcfbfef9fdfafdfafefafcfafdfafefbfefdfe00ffff000000040003020503    // raw_mem addr 0000117e;  byte addr 00022fc0
fe0000000000020205020603060309040703040204010100ff00fefffdfffafd    // raw_mem addr 0000117f;  byte addr 00022fe0
04020301020001010000fdfffdfffcfdfbfefafdfafdfbfffcfdfcfefcfffdfd    // raw_mem addr 00001180;  byte addr 00023000
fbfcfafdfcfefcfefafefdfefe00fd0000ff0100030106010703070306030603    // raw_mem addr 00001181;  byte addr 00023020
04020502020007020906040304ff040001000000ff00fbfefafdfafcf8fcf9fd    // raw_mem addr 00001182;  byte addr 00023040
01ffff00fafcfefefd00fafdfefcfdfffcfefefdfcfffcfdfe00fe00ffff0102    // raw_mem addr 00001183;  byte addr 00023060
fbfefefffffffeff000000000000020104010402050307030604050004020001    // raw_mem addr 00001184;  byte addr 00023080
05020602040103010001000000fffe00fdfefefefcfff9fefbfdfafdfafcfcfd    // raw_mem addr 00001185;  byte addr 000230a0
fe00fdfefefefdfefdfefefffe00fefffffffefffdffffff0000000003000302    // raw_mem addr 00001186;  byte addr 000230c0
fd00fefd00000000010002020300020104000400030304010300010001000000    // raw_mem addr 00001187;  byte addr 000230e0
0401010102000000ff00000000fefe00fdfffefefe00fbfcfefefd00fbfbff00    // raw_mem addr 00001188;  byte addr 00023100
fe00fdfffdfffdfefdfefd00fdfdfcfefe00fefffeff00000000020001020501    // raw_mem addr 00001189;  byte addr 00023120
00000100000002010401040203020502040204010401010000000000fefffdff    // raw_mem addr 0000118a;  byte addr 00023140
0402020100000100fefffcfffdfefbfefcfefcfdfbfefcfdfdfffdfefffeffff    // raw_mem addr 0000118b;  byte addr 00023160
fafefbfdfbfcf8fdfbfcfefffc00fefeff00ff00000004020402050006030302    // raw_mem addr 0000118c;  byte addr 00023180
01000302080306020401080206030201030002030000fdfcfcfcfefefdfffcfd    // raw_mem addr 0000118d;  byte addr 000231a0
00fffe00fefffefffcfff8f9f6fbfafdfbfefcfffdfeff000101000101020000    // raw_mem addr 0000118e;  byte addr 000231c0
fcfdfdfeff000000ffff02000302030105010502060305020401020002010202    // raw_mem addr 0000118f;  byte addr 000231e0
0403050204000303050102ffff00fffefcfef9fef9faf7fcf8fefafdfcfdfcfe    // raw_mem addr 00001190;  byte addr 00023200
fc00fefffcfdfafefbfcfbfefd000001000100ff030204050402000000fd01ff    // raw_mem addr 00001191;  byte addr 00023220
02010302010200ff00fe00ff00fd02000602030002000101fffefe00fdfdfafb    // raw_mem addr 00001192;  byte addr 00023240
0503000000fe0000ff020000fffefdff00fffffffc00fffdff00000001000202    // raw_mem addr 00001193;  byte addr 00023260
fbfdfbfdfbfdff0000fffeff000000fefffffeff00fe0000fffe01ff01000201    // raw_mem addr 00001194;  byte addr 00023280
ff00000001010101010000000201040300fefffc03010000fffefefefb00fcfe    // raw_mem addr 00001195;  byte addr 000232a0
030008040001ffff0000fafdfcfd0000ff00ff00f9fafdfe000000ff000000ff    // raw_mem addr 00001196;  byte addr 000232c0
f8fdfafcfcfdfbfd000002010102fffefefe000000ff04050703040107050502    // raw_mem addr 00001197;  byte addr 000232e0
01000201040105020202030000ff00000103ff00fbfcfbfdfcfff9fbf9fafbfe    // raw_mem addr 00001198;  byte addr 00023300
fefffcfcfcfef8fbf8fafbfefcfffcfdfdfe000000ff030302010000020000ff    // raw_mem addr 00001199;  byte addr 00023320
00020300040100010401030100fe020005030502010003010403010101000101    // raw_mem addr 0000119a;  byte addr 00023340
ff00fefffefe00000102fffffcfefefff9fdf8fcfbfdfafefd00fdfffdfd0000    // raw_mem addr 0000119b;  byte addr 00023360
fcfefefffe00fefeffffffff000003010200020106030300fefe0000fffffcfe    // raw_mem addr 0000119c;  byte addr 00023380
04010403000000000000ffff0000000000ff0100010201ff0001ff0000fefe00    // raw_mem addr 0000119d;  byte addr 000233a0
0000ff000000010000000000fe00fefefbfefe00fefeff01020101ff05030602    // raw_mem addr 0000119e;  byte addr 000233c0
fe00fffe0000ff0001000100ffff00000000fdfffefefefefc00fefffdfdfdff    // raw_mem addr 0000119f;  byte addr 000233e0
01010000ff00ff00fefeff0001010300010002020301000000000100ff000000    // raw_mem addr 000011a0;  byte addr 00023400
0201020100000000fe00fffffefefe00000000ff000000000000000000000100    // raw_mem addr 000011a1;  byte addr 00023420
fe0000000000ffff00ff00000000ff00fe00fefffbfefcfefeffff0000000000    // raw_mem addr 000011a2;  byte addr 00023440
0000010100000000000001010201020003010002000000fffdfefdfefdfefd00    // raw_mem addr 000011a3;  byte addr 00023460
000000010000ff00fe00ff00ff00ffff0000000001000201000000000000fffe    // raw_mem addr 000011a4;  byte addr 00023480
fdfefffffffffeff000000fffeffff00fffffdfeffff00000000000002010300    // raw_mem addr 000011a5;  byte addr 000234a0
00fffefeffff0100000102000300000000fffffefdfffffefffffdfffdfdfdfe    // raw_mem addr 000011a6;  byte addr 000234c0
fefffdff00fefefffe0000000000ff0000ff0100000001000202000000ff0000    // raw_mem addr 000011a7;  byte addr 000234e0
0001000000000002000000000001fffffe000000fffeff000100000000000000    // raw_mem addr 000011a8;  byte addr 00023500
0000000102010200030203020100000000000000000100000000000100000000    // raw_mem addr 000011a9;  byte addr 00023520
fefdfdfdfcfefdfdfefefffeffffff00000001ff020101000100010000000101    // raw_mem addr 000011aa;  byte addr 00023540
fcfdfdfdfcfbfcfdfdfdfbfbfcfbfafbf9fbfbfbfbfcfbfbfdfcfdfefdfdfdfe    // raw_mem addr 000011ab;  byte addr 00023560
03030304040303020303000100000001ff0000ff0000000000ff00ffff00fefc    // raw_mem addr 000011ac;  byte addr 00023580
0504050306050605040404040404040506060606060605050305040402030203    // raw_mem addr 000011ad;  byte addr 000235a0
f7fafaf9fafaf9fdfcfdfcfefdfffefefe00ff00ffffff000000000001010303    // raw_mem addr 000011ae;  byte addr 000235c0
fefdfdfcfefe01fd00fefefdfffbfdfafcfafcf9faf9fafbfbfaf8f9fafafbfa    // raw_mem addr 000011af;  byte addr 000235e0
010101000200ff0100ffff00fe01ffff0000000100000101000000fffefefdfe    // raw_mem addr 000011b0;  byte addr 00023600
0001fe00ff00fe01fdffff00ff00010101020201060202030201040202010300    // raw_mem addr 000011b1;  byte addr 00023620
04030704050404040605020203040403ff000003ff01fcffff02ff00fe00ff01    // raw_mem addr 000011b2;  byte addr 00023640
fcfbfdfcfbfbfffbfcfcfbfcfdfefffe00000102030104030503050307040504    // raw_mem addr 000011b3;  byte addr 00023660
fdff00fffdfdfbfcfbfcfafafcfafcfcfefbfcf8fbfbfdfaf9f8f9fafcf8f9f9    // raw_mem addr 000011b4;  byte addr 00023680
0000000000000100fe00ff000200ff00fd00fefefafdfbfffbfcfbfefe00feff    // raw_mem addr 000011b5;  byte addr 000236a0
0103000102030102010105040303030104030101020102020201020004020201    // raw_mem addr 000011b6;  byte addr 000236c0
0101020302030201040402040304050506040605070606050505050502030204    // raw_mem addr 000011b7;  byte addr 000236e0
f9f8faf7f5f6f8f8f8f8f5f8fafaf7f9f8fafbfcf8fdfbfefefffd00ff000102    // raw_mem addr 000011b8;  byte addr 00023700
030100030102010102040402010000ff00fdfbfcfafafaf9faf8faf8faf8faf7    // raw_mem addr 000011b9;  byte addr 00023720
fdfbfeffffff00fe00ffffff01ff0000ff000300020202030805060403030405    // raw_mem addr 000011ba;  byte addr 00023740
03050405030501040204ff01fe02ff02fcfffe00fe00fbfeff00fefdfcfffeff    // raw_mem addr 000011bb;  byte addr 00023760
0204030403030305050506040606060605050604040505050605040505040604    // raw_mem addr 000011bc;  byte addr 00023780
f6f3f8f4f6f3f7f3faf4f7f4f7f5fcf7fcfafcfbfcfbfcfbfdfcfeff03030405    // raw_mem addr 000011bd;  byte addr 000237a0
020403040205030603050002fe01fe00fd00fbfefcfefbfbf8f7f9f8f9f6f5f2    // raw_mem addr 000011be;  byte addr 000237c0
fffefffcfffcfefcfdfcfcfbfcfaf9f8fcfafdfdfcfe00fffe00000202030003    // raw_mem addr 000011bf;  byte addr 000237e0
070708090a0908090b0a0b0b090a090806080505060403050302020302020200    // raw_mem addr 000011c0;  byte addr 00023800
030302050204ff02ff00ff01fd00000202030103040406050505060507060807    // raw_mem addr 000011c1;  byte addr 00023820
f6f3f2f2f3f0f4f1f2f0f1eff4f2f2eff0eef6f5f7f7f5f6f8f9f8f8f7faff00    // raw_mem addr 000011c2;  byte addr 00023840
03050805080705070a08090b0909090804070404000000000000fefaf9f8f6f7    // raw_mem addr 000011c3;  byte addr 00023860
ff000000f9faf9fcfafaf6f7f8fafbf8f9f8fefb02ff010002ff020102010302    // raw_mem addr 000011c4;  byte addr 00023880
090809070808070808060507040605060305010501030001fe0100010000fdff    // raw_mem addr 000011c5;  byte addr 000238a0
0103010204050205050406050305050504060304040403040504060606060806    // raw_mem addr 000011c6;  byte addr 000238c0
eeeeeeecefedededf3f0f5f4efedf1ecf6f4fbf5fffb01fefffdfcfbfffe0204    // raw_mem addr 000011c7;  byte addr 000238e0
08070a0a09090709050703040306010603040001fd00fcfbf7f8f5f7f6f7f4f4    // raw_mem addr 000011c8;  byte addr 00023900
fcfefafefbfdfbfbf9f9fefcfefdfdfc00fcfbfcfcfb00fe0000020103030705    // raw_mem addr 000011c9;  byte addr 00023920
0104020408060907090a0e0b0b0908080b07070606050505020201000000fcff    // raw_mem addr 000011ca;  byte addr 00023940
06050606040502040002fd02fd00fe00ff030002000200040101000201040303    // raw_mem addr 000011cb;  byte addr 00023960
ecebeeecf2f0f6f3f6f1f4f2f7f3faf6fdfc00fdfefcfefd030107070b090806    // raw_mem addr 000011cc;  byte addr 00023980
08070a090a0a0d080c090809080503030000fefef9faf6f6f3f4f0f1eff0edee    // raw_mem addr 000011cd;  byte addr 000239a0
3fb999999999999af1f6f0f5f2f6f4faf7f9fbfafdffff000101010302020406    // raw_mem addr 000011ce;  byte addr 000239c0
00000000000000000000000080000a4040240000000000003f9eb851eb851eb8    // raw_mem addr 000011cf;  byte addr 000239e0
0000000000000000000000000000000000000000000000000000000000000000    // raw_mem addr 000011d0;  byte addr 00023a00
0000000000000000000000000000000000000000000000000000000000000000    // raw_mem addr 000011d1;  byte addr 00023a20
0000000000000000000000000000000000000000000000000000000000000000    // raw_mem addr 000011d2;  byte addr 00023a40
0000000000000000000000000000000000000000000000000000000000000000    // raw_mem addr 000011d3;  byte addr 00023a60
0000000000000000000000000000000000000000000000000000000000000000    // raw_mem addr 000011d4;  byte addr 00023a80
@1ffffff    // last raw_mem addr;  byte addr: 3fffffe0
0000000000000000000000000000000000000000000000000000000000000000    // raw_mem addr 01ffffff;  byte addr 3fffffe0
